distance_m,wavelength_nm,attenuation_per_m,optical_depth,transmittance,path_loss_db
0.0,350.0,9.889596205244e-03,0.000000000000e+00,1.000000000000e+00,0.000000000
0.0,352.0,9.716301458359e-03,0.000000000000e+00,1.000000000000e+00,0.000000000
0.0,354.0,9.530050616577e-03,0.000000000000e+00,1.000000000000e+00,0.000000000
0.0,356.0,9.330572014292e-03,0.000000000000e+00,1.000000000000e+00,0.000000000
0.0,358.0,9.137606428434e-03,0.000000000000e+00,1.000000000000e+00,0.000000000
0.0,360.0,9.010906417364e-03,0.000000000000e+00,1.000000000000e+00,0.000000000
0.0,362.0,8.910235699738e-03,0.000000000000e+00,1.000000000000e+00,0.000000000
0.0,364.0,8.775368570623e-03,0.000000000000e+00,1.000000000000e+00,0.000000000
0.0,366.0,8.606089352376e-03,0.000000000000e+00,1.000000000000e+00,0.000000000
0.0,368.0,8.442191877956e-03,0.000000000000e+00,1.000000000000e+00,0.000000000
0.0,370.0,8.293479004540e-03,0.000000000000e+00,1.000000000000e+00,0.000000000
0.0,372.0,8.159762155435e-03,0.000000000000e+00,1.000000000000e+00,0.000000000
0.0,374.0,8.020860888458e-03,0.000000000000e+00,1.000000000000e+00,0.000000000
0.0,376.0,7.906602489062e-03,0.000000000000e+00,1.000000000000e+00,0.000000000
0.0,378.0,7.796821586622e-03,0.000000000000e+00,1.000000000000e+00,0.000000000
0.0,380.0,7.711359792400e-03,0.000000000000e+00,1.000000000000e+00,0.000000000
0.0,382.0,7.610065357832e-03,0.000000000000e+00,1.000000000000e+00,0.000000000
0.0,384.0,7.512792851830e-03,0.000000000000e+00,1.000000000000e+00,0.000000000
0.0,386.0,7.419402855952e-03,0.000000000000e+00,1.000000000000e+00,0.000000000
0.0,388.0,7.359761676293e-03,0.000000000000e+00,1.000000000000e+00,0.000000000
0.0,390.0,7.313741071094e-03,0.000000000000e+00,1.000000000000e+00,0.000000000
0.0,392.0,7.241217993107e-03,0.000000000000e+00,1.000000000000e+00,0.000000000
0.0,394.0,7.222074345802e-03,0.000000000000e+00,1.000000000000e+00,0.000000000
0.0,396.0,7.216196752604e-03,0.000000000000e+00,1.000000000000e+00,0.000000000
0.0,398.0,7.223476338366e-03,0.000000000000e+00,1.000000000000e+00,0.000000000
0.0,400.0,7.253808522356e-03,0.000000000000e+00,1.000000000000e+00,0.000000000
0.0,402.0,7.297092822081e-03,0.000000000000e+00,1.000000000000e+00,0.000000000
0.0,404.0,7.303232667298e-03,0.000000000000e+00,1.000000000000e+00,0.000000000
0.0,406.0,7.292135223641e-03,0.000000000000e+00,1.000000000000e+00,0.000000000
0.0,408.0,7.213711225286e-03,0.000000000000e+00,1.000000000000e+00,0.000000000
0.0,410.0,7.187874816150e-03,0.000000000000e+00,1.000000000000e+00,0.000000000
0.0,412.0,7.144543399123e-03,0.000000000000e+00,1.000000000000e+00,0.000000000
0.0,414.0,7.143637492892e-03,0.000000000000e+00,1.000000000000e+00,0.000000000
0.0,416.0,7.135080595916e-03,0.000000000000e+00,1.000000000000e+00,0.000000000
0.0,418.0,7.168799057154e-03,0.000000000000e+00,1.000000000000e+00,0.000000000
0.0,420.0,7.204721953181e-03,0.000000000000e+00,1.000000000000e+00,0.000000000
0.0,422.0,7.222780971318e-03,0.000000000000e+00,1.000000000000e+00,0.000000000
0.0,424.0,7.232910298468e-03,0.000000000000e+00,1.000000000000e+00,0.000000000
0.0,426.0,7.285046515327e-03,0.000000000000e+00,1.000000000000e+00,0.000000000
0.0,428.0,7.349128495696e-03,0.000000000000e+00,1.000000000000e+00,0.000000000
0.0,430.0,7.455097310597e-03,0.000000000000e+00,1.000000000000e+00,0.000000000
0.0,432.0,7.572896136960e-03,0.000000000000e+00,1.000000000000e+00,0.000000000
0.0,434.0,7.722470170618e-03,0.000000000000e+00,1.000000000000e+00,0.000000000
0.0,436.0,7.903766543389e-03,0.000000000000e+00,1.000000000000e+00,0.000000000
0.0,438.0,8.216734244034e-03,0.000000000000e+00,1.000000000000e+00,0.000000000
0.0,440.0,8.571324042880e-03,0.000000000000e+00,1.000000000000e+00,0.000000000
0.0,442.0,9.027488419921e-03,0.000000000000e+00,1.000000000000e+00,0.000000000
0.0,444.0,9.485181496220e-03,0.000000000000e+00,1.000000000000e+00,0.000000000
0.0,446.0,1.007435896844e-02,0.000000000000e+00,1.000000000000e+00,0.000000000
0.0,448.0,1.061497804633e-02,0.000000000000e+00,1.000000000000e+00,0.000000000
0.0,450.0,1.112699739305e-02,0.000000000000e+00,1.000000000000e+00,0.000000000
0.0,452.0,1.141037706817e-02,0.000000000000e+00,1.000000000000e+00,0.000000000
0.0,454.0,1.156507847319e-02,0.000000000000e+00,1.000000000000e+00,0.000000000
0.0,456.0,1.165106429946e-02,0.000000000000e+00,1.000000000000e+00,0.000000000
0.0,458.0,1.175829847849e-02,0.000000000000e+00,1.000000000000e+00,0.000000000
0.0,460.0,1.186674613428e-02,0.000000000000e+00,1.000000000000e+00,0.000000000
0.0,462.0,1.205637353789e-02,0.000000000000e+00,1.000000000000e+00,0.000000000
0.0,464.0,1.222714806386e-02,0.000000000000e+00,1.000000000000e+00,0.000000000
0.0,466.0,1.241903814858e-02,0.000000000000e+00,1.000000000000e+00,0.000000000
0.0,468.0,1.257201325038e-02,0.000000000000e+00,1.000000000000e+00,0.000000000
0.0,470.0,1.283604381141e-02,0.000000000000e+00,1.000000000000e+00,0.000000000
0.0,472.0,1.314110122105e-02,0.000000000000e+00,1.000000000000e+00,0.000000000
0.0,474.0,1.344715778091e-02,0.000000000000e+00,1.000000000000e+00,0.000000000
0.0,476.0,1.378418667130e-02,0.000000000000e+00,1.000000000000e+00,0.000000000
0.0,478.0,1.413216191905e-02,0.000000000000e+00,1.000000000000e+00,0.000000000
0.0,480.0,1.446105836676e-02,0.000000000000e+00,1.000000000000e+00,0.000000000
0.0,482.0,1.482085164323e-02,0.000000000000e+00,1.000000000000e+00,0.000000000
0.0,484.0,1.518151813511e-02,0.000000000000e+00,1.000000000000e+00,0.000000000
0.0,486.0,1.556303495983e-02,0.000000000000e+00,1.000000000000e+00,0.000000000
0.0,488.0,1.607537993942e-02,0.000000000000e+00,1.000000000000e+00,0.000000000
0.0,490.0,1.672853157561e-02,0.000000000000e+00,1.000000000000e+00,0.000000000
0.0,492.0,1.754246902578e-02,0.000000000000e+00,1.000000000000e+00,0.000000000
0.0,494.0,1.853717207993e-02,0.000000000000e+00,1.000000000000e+00,0.000000000
0.0,496.0,1.976262113856e-02,0.000000000000e+00,1.000000000000e+00,0.000000000
0.0,498.0,2.124879719143e-02,0.000000000000e+00,1.000000000000e+00,0.000000000
0.0,500.0,2.268568179718e-02,0.000000000000e+00,1.000000000000e+00,0.000000000
0.0,502.0,2.434325706370e-02,0.000000000000e+00,1.000000000000e+00,0.000000000
0.0,504.0,2.613150562929e-02,0.000000000000e+00,1.000000000000e+00,0.000000000
0.0,506.0,2.854041064458e-02,0.000000000000e+00,1.000000000000e+00,0.000000000
0.0,508.0,3.153995575512e-02,0.000000000000e+00,1.000000000000e+00,0.000000000
0.0,510.0,3.480012508463e-02,0.000000000000e+00,1.000000000000e+00,0.000000000
0.0,512.0,3.746090321893e-02,0.000000000000e+00,1.000000000000e+00,0.000000000
0.0,514.0,3.912227519045e-02,0.000000000000e+00,1.000000000000e+00,0.000000000
0.0,516.0,3.992422646334e-02,0.000000000000e+00,1.000000000000e+00,0.000000000
0.0,518.0,4.046674291916e-02,0.000000000000e+00,1.000000000000e+00,0.000000000
0.0,520.0,4.082981084306e-02,0.000000000000e+00,1.000000000000e+00,0.000000000
0.0,522.0,4.125341691052e-02,0.000000000000e+00,1.000000000000e+00,0.000000000
0.0,524.0,4.177754817459e-02,0.000000000000e+00,1.000000000000e+00,0.000000000
0.0,526.0,4.246219205357e-02,0.000000000000e+00,1.000000000000e+00,0.000000000
0.0,528.0,4.317733631914e-02,0.000000000000e+00,1.000000000000e+00,0.000000000
0.0,530.0,4.395296908500e-02,0.000000000000e+00,1.000000000000e+00,0.000000000
0.0,532.0,4.480907879581e-02,0.000000000000e+00,1.000000000000e+00,0.000000000
0.0,534.0,4.584565421664e-02,0.000000000000e+00,1.000000000000e+00,0.000000000
0.0,536.0,4.687268442274e-02,0.000000000000e+00,1.000000000000e+00,0.000000000
0.0,538.0,4.789015878967e-02,0.000000000000e+00,1.000000000000e+00,0.000000000
0.0,540.0,4.895806698389e-02,0.000000000000e+00,1.000000000000e+00,0.000000000
0.0,542.0,5.021639895350e-02,0.000000000000e+00,1.000000000000e+00,0.000000000
0.0,544.0,5.177514491951e-02,0.000000000000e+00,1.000000000000e+00,0.000000000
0.0,546.0,5.359429536727e-02,0.000000000000e+00,1.000000000000e+00,0.000000000
0.0,548.0,5.558384103828e-02,0.000000000000e+00,1.000000000000e+00,0.000000000
0.0,550.0,5.760377292229e-02,0.000000000000e+00,1.000000000000e+00,0.000000000
2.0,350.0,9.889596205244e-03,1.977919241049e-02,9.804151325101e-01,0.085899941
2.0,352.0,9.716301458359e-03,1.943260291672e-02,9.807549929872e-01,0.084394722
2.0,354.0,9.530050616577e-03,1.906010123315e-02,9.811203939252e-01,0.082776968
2.0,356.0,9.330572014292e-03,1.866114402858e-02,9.815118970663e-01,0.081044319
2.0,358.0,9.137606428434e-03,1.827521285687e-02,9.818907662067e-01,0.079368241
2.0,360.0,9.010906417364e-03,1.802181283473e-02,9.821396088757e-01,0.078267739
2.0,362.0,8.910235699738e-03,1.782047139948e-02,9.823373741827e-01,0.077393324
2.0,364.0,8.775368570623e-03,1.755073714125e-02,9.826023799646e-01,0.076221883
2.0,366.0,8.606089352376e-03,1.721217870475e-02,9.829351046102e-01,0.074751542
2.0,368.0,8.442191877956e-03,1.688438375591e-02,9.832573585863e-01,0.073327947
2.0,370.0,8.293479004540e-03,1.658695800908e-02,9.835498481353e-01,0.072036243
2.0,372.0,8.159762155435e-03,1.631952431087e-02,9.838129176838e-01,0.070874794
2.0,374.0,8.020860888458e-03,1.604172177692e-02,9.840862613713e-01,0.069668312
2.0,376.0,7.906602489062e-03,1.581320497812e-02,9.843111673099e-01,0.068675877
2.0,378.0,7.796821586622e-03,1.559364317324e-02,9.845273081736e-01,0.067722332
2.0,380.0,7.711359792400e-03,1.542271958480e-02,9.846956014963e-01,0.066980020
2.0,382.0,7.610065357832e-03,1.522013071566e-02,9.848951100731e-01,0.066100188
2.0,384.0,7.512792851830e-03,1.502558570366e-02,9.850867351433e-01,0.065255290
2.0,386.0,7.419402855952e-03,1.483880571190e-02,9.852707468199e-01,0.064444114
2.0,388.0,7.359761676293e-03,1.471952335259e-02,9.853882792488e-01,0.063926078
2.0,390.0,7.313741071094e-03,1.462748214219e-02,9.854789797528e-01,0.063526348
2.0,392.0,7.241217993107e-03,1.448243598621e-02,9.856219300575e-01,0.062896420
2.0,394.0,7.222074345802e-03,1.444414869160e-02,9.856596675772e-01,0.062730141
2.0,396.0,7.216196752604e-03,1.443239350521e-02,9.856712542584e-01,0.062679089
2.0,398.0,7.223476338366e-03,1.444695267673e-02,9.856569038060e-01,0.062742318
2.0,400.0,7.253808522356e-03,1.450761704471e-02,9.855971113665e-01,0.063005780
2.0,402.0,7.297092822081e-03,1.459418564416e-02,9.855117932980e-01,0.063381743
2.0,404.0,7.303232667298e-03,1.460646533460e-02,9.854996915925e-01,0.063435073
2.0,406.0,7.292135223641e-03,1.458427044728e-02,9.855215648899e-01,0.063338682
2.0,408.0,7.213711225286e-03,1.442742245057e-02,9.856761540962e-01,0.062657500
2.0,410.0,7.187874816150e-03,1.437574963230e-02,9.857270880769e-01,0.062433087
2.0,412.0,7.144543399123e-03,1.428908679825e-02,9.858125176817e-01,0.062056715
2.0,414.0,7.143637492892e-03,1.428727498578e-02,9.858143037908e-01,0.062048847
2.0,416.0,7.135080595916e-03,1.427016119183e-02,9.858311749580e-01,0.061974523
2.0,418.0,7.168799057154e-03,1.433759811431e-02,9.857646957791e-01,0.062267397
2.0,420.0,7.204721953181e-03,1.440944390636e-02,9.856938752778e-01,0.062579420
2.0,422.0,7.222780971318e-03,1.444556194264e-02,9.856582745936e-01,0.062736278
2.0,424.0,7.232910298468e-03,1.446582059694e-02,9.856383066856e-01,0.062824261
2.0,426.0,7.285046515327e-03,1.457009303065e-02,9.855355371387e-01,0.063277110
2.0,428.0,7.349128495696e-03,1.469825699139e-02,9.854092350947e-01,0.063833719
2.0,430.0,7.455097310597e-03,1.491019462119e-02,9.852004119266e-01,0.064754152
2.0,432.0,7.572896136960e-03,1.514579227392e-02,9.849683283623e-01,0.065777340
2.0,434.0,7.722470170618e-03,1.544494034124e-02,9.846737210583e-01,0.067076524
2.0,436.0,7.903766543389e-03,1.580753308678e-02,9.843167502317e-01,0.068651244
2.0,438.0,8.216734244034e-03,1.643346848807e-02,9.837008243167e-01,0.071369647
2.0,440.0,8.571324042880e-03,1.714264808576e-02,9.830034510725e-01,0.074449575
2.0,442.0,9.027488419921e-03,1.805497683984e-02,9.821070377328e-01,0.078411768
2.0,444.0,9.485181496220e-03,1.897036299244e-02,9.812084418939e-01,0.082387240
2.0,446.0,1.007435896844e-02,2.014871793688e-02,9.800529110213e-01,0.087504770
2.0,448.0,1.061497804633e-02,2.122995609266e-02,9.789938130910e-01,0.092200528
2.0,450.0,1.112699739305e-02,2.225399478610e-02,9.779917986841e-01,0.096647871
2.0,452.0,1.141037706817e-02,2.282075413634e-02,9.774376697314e-01,0.099109276
2.0,454.0,1.156507847319e-02,2.313015694638e-02,9.771352945500e-01,0.100452995
2.0,456.0,1.165106429946e-02,2.330212859892e-02,9.769672694269e-01,0.101199859
2.0,458.0,1.175829847849e-02,2.351659695698e-02,9.767577633277e-01,0.102131283
2.0,460.0,1.186674613428e-02,2.373349226856e-02,9.765459321217e-01,0.103073247
2.0,462.0,1.205637353789e-02,2.411274707578e-02,9.761756426040e-01,0.104720330
2.0,464.0,1.222714806386e-02,2.445429612772e-02,9.758422876705e-01,0.106203659
2.0,466.0,1.241903814858e-02,2.483807629716e-02,9.754678506074e-01,0.107870395
2.0,468.0,1.257201325038e-02,2.514402650076e-02,9.751694516698e-01,0.109199120
2.0,470.0,1.283604381141e-02,2.567208762282e-02,9.746546385333e-01,0.111492460
2.0,472.0,1.314110122105e-02,2.628220244210e-02,9.740601686605e-01,0.114142155
2.0,474.0,1.344715778091e-02,2.689431556182e-02,9.734641160963e-01,0.116800528
2.0,476.0,1.378418667130e-02,2.756837334260e-02,9.728081661335e-01,0.119727924
2.0,478.0,1.413216191905e-02,2.826432383810e-02,9.721313753420e-01,0.122750399
2.0,480.0,1.446105836676e-02,2.892211673352e-02,9.714921245003e-01,0.125607157
2.0,482.0,1.482085164323e-02,2.964170328646e-02,9.707933032925e-01,0.128732282
2.0,484.0,1.518151813511e-02,3.036303627022e-02,9.700932905639e-01,0.131864991
2.0,486.0,1.556303495983e-02,3.112606991966e-02,9.693533590723e-01,0.135178804
2.0,488.0,1.607537993942e-02,3.215075987884e-02,9.683605811500e-01,0.139628976
2.0,490.0,1.672853157561e-02,3.345706315122e-02,9.670964344133e-01,0.145302179
2.0,492.0,1.754246902578e-02,3.508493805156e-02,9.655234030980e-01,0.152371950
2.0,494.0,1.853717207993e-02,3.707434415986e-02,9.636044943195e-01,0.161011831
2.0,496.0,1.976262113856e-02,3.952524227712e-02,9.612456896543e-01,0.171655946
2.0,498.0,2.124879719143e-02,4.249759438286e-02,9.583927710443e-01,0.184564707
2.0,500.0,2.268568179718e-02,4.537136359436e-02,9.556425250851e-01,0.197045328
2.0,502.0,2.434325706370e-02,4.868651412740e-02,9.524796718227e-01,0.211442844
2.0,504.0,2.613150562929e-02,5.226301125858e-02,9.490792154948e-01,0.226975374
2.0,506.0,2.854041064458e-02,5.708082128916e-02,9.445177291411e-01,0.247898857
2.0,508.0,3.153995575512e-02,6.307991151024e-02,9.388684442960e-01,0.273952575
2.0,510.0,3.480012508463e-02,6.960025016926e-02,9.327666186858e-01,0.302270046
2.0,512.0,3.746090321893e-02,7.492180643786e-02,9.278160327328e-01,0.325381271
2.0,514.0,3.912227519045e-02,7.824455038090e-02,9.247382537972e-01,0.339811765
2.0,516.0,3.992422646334e-02,7.984845292668e-02,9.232562525682e-01,0.346777425
2.0,518.0,4.046674291916e-02,8.093348583832e-02,9.222550324249e-01,0.351489663
2.0,520.0,4.082981084306e-02,8.165962168612e-02,9.215855930664e-01,0.354643231
2.0,522.0,4.125341691052e-02,8.250683382104e-02,9.208051452177e-01,0.358322626
2.0,524.0,4.177754817459e-02,8.355509634918e-02,9.198404054269e-01,0.362875173
2.0,526.0,4.246219205357e-02,8.492438410714e-02,9.185817411539e-01,0.368821914
2.0,528.0,4.317733631914e-02,8.635467263828e-02,9.172688433598e-01,0.375033578
2.0,530.0,4.395296908500e-02,8.790593817000e-02,9.158470189185e-01,0.381770639
2.0,532.0,4.480907879581e-02,8.961815759162e-02,9.142802295918e-01,0.389206713
2.0,534.0,4.584565421664e-02,9.169130843328e-02,9.123867521747e-01,0.398210293
2.0,536.0,4.687268442274e-02,9.374536884548e-02,9.105145781040e-01,0.407130964
2.0,538.0,4.789015878967e-02,9.578031757934e-02,9.086636115658e-01,0.415968634
2.0,540.0,4.895806698389e-02,9.791613396778e-02,9.067249439886e-01,0.425244367
2.0,542.0,5.021639895350e-02,1.004327979070e-01,9.044458910274e-01,0.436174099
2.0,544.0,5.177514491951e-02,1.035502898390e-01,9.016306787400e-01,0.449713195
2.0,546.0,5.359429536727e-02,1.071885907345e-01,8.983562353513e-01,0.465514135
2.0,548.0,5.558384103828e-02,1.111676820766e-01,8.947886963221e-01,0.482795109
2.0,550.0,5.760377292229e-02,1.152075458446e-01,8.911811637643e-01,0.500340014
4.0,350.0,9.889596205244e-03,3.955838482098e-02,9.612138320548e-01,0.171799882
4.0,352.0,9.716301458359e-03,3.886520583344e-02,9.618803562693e-01,0.168789444
4.0,354.0,9.530050616577e-03,3.812020246631e-02,9.625972273760e-01,0.165553936
4.0,356.0,9.330572014292e-03,3.732228805717e-02,9.633656040826e-01,0.162088638
4.0,358.0,9.137606428434e-03,3.655042571374e-02,9.641094767621e-01,0.158736482
4.0,360.0,9.010906417364e-03,3.604362566946e-02,9.645982113225e-01,0.156535477
4.0,362.0,8.910235699738e-03,3.564094279895e-02,9.649867167161e-01,0.154786648
4.0,364.0,8.775368570623e-03,3.510147428249e-02,9.655074371120e-01,0.152443766
4.0,366.0,8.606089352376e-03,3.442435740950e-02,9.661614198751e-01,0.149503085
4.0,368.0,8.442191877956e-03,3.376876751182e-02,9.667950332141e-01,0.146655894
4.0,370.0,8.293479004540e-03,3.317391601816e-02,9.673703037669e-01,0.144072487
4.0,372.0,8.159762155435e-03,3.263904862174e-02,9.678878570015e-01,0.141749587
4.0,374.0,8.020860888458e-03,3.208344355383e-02,9.684257698198e-01,0.139336625
4.0,376.0,7.906602489062e-03,3.162640995625e-02,9.688684740910e-01,0.137351753
4.0,378.0,7.796821586622e-03,3.118728634649e-02,9.692940205396e-01,0.135444664
4.0,380.0,7.711359792400e-03,3.084543916960e-02,9.696254276062e-01,0.133960040
4.0,382.0,7.610065357832e-03,3.044026143133e-02,9.700183778459e-01,0.132200376
4.0,384.0,7.512792851830e-03,3.005117140732e-02,9.703958757554e-01,0.130510579
4.0,386.0,7.419402855952e-03,2.967761142381e-02,9.707584445391e-01,0.128888229
4.0,388.0,7.359761676293e-03,2.943904670517e-02,9.709900608809e-01,0.127852155
4.0,390.0,7.313741071094e-03,2.925496428438e-02,9.711688195346e-01,0.127052696
4.0,392.0,7.241217993107e-03,2.896487197243e-02,9.714505890103e-01,0.125792841
4.0,394.0,7.222074345802e-03,2.888829738321e-02,9.715249802883e-01,0.125460281
4.0,396.0,7.216196752604e-03,2.886478701042e-02,9.715478214713e-01,0.125358177
4.0,398.0,7.223476338366e-03,2.889390535346e-02,9.715195320204e-01,0.125484637
4.0,400.0,7.253808522356e-03,2.901523408942e-02,9.714016659340e-01,0.126011561
4.0,402.0,7.297092822081e-03,2.918837128832e-02,9.712334947294e-01,0.126763486
4.0,404.0,7.303232667298e-03,2.921293066919e-02,9.712096421290e-01,0.126870146
4.0,406.0,7.292135223641e-03,2.916854089456e-02,9.712527548630e-01,0.126677364
4.0,408.0,7.213711225286e-03,2.885484490114e-02,9.715574807539e-01,0.125314999
4.0,410.0,7.187874816150e-03,2.875149926460e-02,9.716578921686e-01,0.124866175
4.0,412.0,7.144543399123e-03,2.857817359649e-02,9.718263200180e-01,0.124113431
4.0,414.0,7.143637492892e-03,2.857454997157e-02,9.718298415584e-01,0.124097694
4.0,416.0,7.135080595916e-03,2.854032238366e-02,9.718631055190e-01,0.123949045
4.0,418.0,7.168799057154e-03,2.867519622862e-02,9.717320354444e-01,0.124534795
4.0,420.0,7.204721953181e-03,2.881888781272e-02,9.715924157602e-01,0.125158840
4.0,422.0,7.222780971318e-03,2.889112388527e-02,9.715222342748e-01,0.125472557
4.0,424.0,7.232910298468e-03,2.893164119387e-02,9.714828716061e-01,0.125648521
4.0,426.0,7.285046515327e-03,2.914018606131e-02,9.712802949633e-01,0.126554220
4.0,428.0,7.349128495696e-03,2.939651398278e-02,9.710313606099e-01,0.127667438
4.0,430.0,7.455097310597e-03,2.982038924239e-02,9.706198516602e-01,0.129508305
4.0,432.0,7.572896136960e-03,3.029158454784e-02,9.701626078768e-01,0.131554680
4.0,434.0,7.722470170618e-03,3.088988068247e-02,9.695823369428e-01,0.134153047
4.0,436.0,7.903766543389e-03,3.161506617356e-02,9.688794647868e-01,0.137302488
4.0,438.0,8.216734244034e-03,3.286693697614e-02,9.676673117614e-01,0.142739294
4.0,440.0,8.571324042880e-03,3.428529617152e-02,9.662957848205e-01,0.148899149
4.0,442.0,9.027488419921e-03,3.610995367968e-02,9.645342335642e-01,0.156823536
4.0,444.0,9.485181496220e-03,3.794072598488e-02,9.627700064438e-01,0.164774479
4.0,446.0,1.007435896844e-02,4.029743587376e-02,9.605037084014e-01,0.175009540
4.0,448.0,1.061497804633e-02,4.245991218532e-02,9.584288860704e-01,0.184401056
4.0,450.0,1.112699739305e-02,4.450798957220e-02,9.564679582933e-01,0.193295743
4.0,452.0,1.141037706817e-02,4.564150827268e-02,9.553843982100e-01,0.198218552
4.0,454.0,1.156507847319e-02,4.626031389276e-02,9.547933838554e-01,0.200905991
4.0,456.0,1.165106429946e-02,4.660425719784e-02,9.544650455314e-01,0.202399717
4.0,458.0,1.175829847849e-02,4.703319391396e-02,9.540557282210e-01,0.204262566
4.0,460.0,1.186674613428e-02,4.746698453712e-02,9.536419575435e-01,0.206146495
4.0,462.0,1.205637353789e-02,4.822549415156e-02,9.529188852133e-01,0.209440660
4.0,464.0,1.222714806386e-02,4.890859225544e-02,9.522681704060e-01,0.212407317
4.0,466.0,1.241903814858e-02,4.967615259432e-02,9.515375275685e-01,0.215740790
4.0,468.0,1.257201325038e-02,5.028805300152e-02,9.509554594700e-01,0.218398239
4.0,470.0,1.283604381141e-02,5.134417524564e-02,9.499516644145e-01,0.222984920
4.0,472.0,1.314110122105e-02,5.256440488420e-02,9.487932121710e-01,0.228284310
4.0,474.0,1.344715778091e-02,5.378863112364e-02,9.476323853272e-01,0.233601057
4.0,476.0,1.378418667130e-02,5.513674668520e-02,9.463557280960e-01,0.239455848
4.0,478.0,1.413216191905e-02,5.652864767620e-02,9.450394109243e-01,0.245500798
4.0,480.0,1.446105836676e-02,5.784423346704e-02,9.437969479660e-01,0.251214314
4.0,482.0,1.482085164323e-02,5.928340657292e-02,9.424396377176e-01,0.257464563
4.0,484.0,1.518151813511e-02,6.072607254044e-02,9.410809923971e-01,0.263729982
4.0,486.0,1.556303495983e-02,6.225213983932e-02,9.396459347448e-01,0.270357608
4.0,488.0,1.607537993942e-02,6.430151975768e-02,9.377222151253e-01,0.279257952
4.0,490.0,1.672853157561e-02,6.691412630244e-02,9.352755134550e-01,0.290604358
4.0,492.0,1.754246902578e-02,7.016987610312e-02,9.322354419299e-01,0.304743900
4.0,494.0,1.853717207993e-02,7.414868831972e-02,9.285336214727e-01,0.322023662
4.0,496.0,1.976262113856e-02,7.905048455424e-02,9.239932758789e-01,0.343311892
4.0,498.0,2.124879719143e-02,8.499518876572e-02,9.185167035899e-01,0.369129415
4.0,500.0,2.268568179718e-02,9.074272718872e-02,9.132526357511e-01,0.394090657
4.0,502.0,2.434325706370e-02,9.737302825480e-02,9.072175252356e-01,0.422885689
4.0,504.0,2.613150562929e-02,1.045260225172e-01,9.007513572842e-01,0.453950748
4.0,506.0,2.854041064458e-02,1.141616425783e-01,8.921137406619e-01,0.495797714
4.0,508.0,3.153995575512e-02,1.261598230205e-01,8.814739556948e-01,0.547905150
4.0,510.0,3.480012508463e-02,1.392005003385e-01,8.700535649345e-01,0.604540092
4.0,512.0,3.746090321893e-02,1.498436128757e-01,8.608425905960e-01,0.650762542
4.0,514.0,3.912227519045e-02,1.564891007618e-01,8.551408380358e-01,0.679623529
4.0,516.0,3.992422646334e-02,1.596969058534e-01,8.524021079062e-01,0.693554850
4.0,518.0,4.046674291916e-02,1.618669716766e-01,8.505543448331e-01,0.702979326
4.0,520.0,4.082981084306e-02,1.633192433722e-01,8.493200053476e-01,0.709286462
4.0,522.0,4.125341691052e-02,1.650136676421e-01,8.478821154594e-01,0.716645253
4.0,524.0,4.177754817459e-02,1.671101926984e-01,8.461063714559e-01,0.725750346
4.0,526.0,4.246219205357e-02,1.698487682143e-01,8.437924151814e-01,0.737643828
4.0,528.0,4.317733631914e-02,1.727093452766e-01,8.413821309986e-01,0.750067156
4.0,530.0,4.395296908500e-02,1.758118763400e-01,8.387757620619e-01,0.763541277
4.0,532.0,4.480907879581e-02,1.792363151832e-01,8.359083382225e-01,0.778413426
4.0,534.0,4.584565421664e-02,1.833826168666e-01,8.324495855438e-01,0.796420586
4.0,536.0,4.687268442274e-02,1.874907376910e-01,8.290367969399e-01,0.814261928
4.0,538.0,4.789015878967e-02,1.915606351587e-01,8.256695589839e-01,0.831937268
4.0,540.0,4.895806698389e-02,1.958322679356e-01,8.221501240512e-01,0.850488733
4.0,542.0,5.021639895350e-02,2.008655958140e-01,8.180223697964e-01,0.872348199
4.0,544.0,5.177514491951e-02,2.071005796780e-01,8.129378808452e-01,0.899426390
4.0,546.0,5.359429536727e-02,2.143771814691e-01,8.070439255946e-01,0.931028270
4.0,548.0,5.558384103828e-02,2.223353641531e-01,8.006468110659e-01,0.965590218
4.0,550.0,5.760377292229e-02,2.304150916892e-01,7.942038666482e-01,1.000680029
6.0,350.0,9.889596205244e-03,5.933757723146e-02,9.423885865245e-01,0.257699824
6.0,352.0,9.716301458359e-03,5.829780875015e-02,9.433689620674e-01,0.253184166
6.0,354.0,9.530050616577e-03,5.718030369946e-02,9.444237709145e-01,0.248330904
6.0,356.0,9.330572014292e-03,5.598343208575e-02,9.455548016315e-01,0.243132956
6.0,358.0,9.137606428434e-03,5.482563857060e-02,9.466501928451e-01,0.238104723
6.0,360.0,9.010906417364e-03,5.406543850418e-02,9.473701099904e-01,0.234803216
6.0,362.0,8.910235699738e-03,5.346141419843e-02,9.479425174200e-01,0.232179972
6.0,364.0,8.775368570623e-03,5.265221142374e-02,9.487099055798e-01,0.228665649
6.0,366.0,8.606089352376e-03,5.163653611426e-02,9.496739763153e-01,0.224254627
6.0,368.0,8.442191877956e-03,5.065315126774e-02,9.506083306524e-01,0.219983841
6.0,370.0,8.293479004540e-03,4.976087402724e-02,9.514569153606e-01,0.216108730
6.0,372.0,8.159762155435e-03,4.895857293261e-02,9.522205765874e-01,0.212624381
6.0,374.0,8.020860888458e-03,4.812516533075e-02,9.530144952376e-01,0.209004937
6.0,376.0,7.906602489062e-03,4.743961493437e-02,9.536680587023e-01,0.206027630
6.0,378.0,7.796821586622e-03,4.678092951973e-02,9.542964328707e-01,0.203166995
6.0,380.0,7.711359792400e-03,4.626815875440e-02,9.547858936628e-01,0.200940060
6.0,382.0,7.610065357832e-03,4.566039214699e-02,9.553663570214e-01,0.198300564
6.0,384.0,7.512792851830e-03,4.507675711098e-02,9.559241050444e-01,0.195765869
6.0,386.0,7.419402855952e-03,4.451641713571e-02,9.564598976328e-01,0.193332343
6.0,388.0,7.359761676293e-03,4.415857005776e-02,9.568022252591e-01,0.191778233
6.0,390.0,7.313741071094e-03,4.388244642656e-02,9.570664574426e-01,0.190579043
6.0,392.0,7.241217993107e-03,4.344730795864e-02,9.574830044959e-01,0.188689261
6.0,394.0,7.222074345802e-03,4.333244607481e-02,9.575929891139e-01,0.188190422
6.0,396.0,7.216196752604e-03,4.329718051562e-02,9.576267597616e-01,0.188037266
6.0,398.0,7.223476338366e-03,4.334085803020e-02,9.575849339183e-01,0.188226955
6.0,400.0,7.253808522356e-03,4.352285113414e-02,9.574106759212e-01,0.189017341
6.0,402.0,7.297092822081e-03,4.378255693249e-02,9.571620631018e-01,0.190145229
6.0,404.0,7.303232667298e-03,4.381939600379e-02,9.571268027898e-01,0.190305219
6.0,406.0,7.292135223641e-03,4.375281134185e-02,9.571905348761e-01,0.190016045
6.0,408.0,7.213711225286e-03,4.328226735172e-02,9.576410411129e-01,0.187972499
6.0,410.0,7.187874816150e-03,4.312724889690e-02,9.577895046544e-01,0.187299262
6.0,412.0,7.144543399123e-03,4.286726039474e-02,9.580385512863e-01,0.186170146
6.0,414.0,7.143637492892e-03,4.286182495735e-02,9.580437586590e-01,0.186146541
6.0,416.0,7.135080595916e-03,4.281048357550e-02,9.580929472122e-01,0.185923568
6.0,418.0,7.168799057154e-03,4.301279434292e-02,9.578991342986e-01,0.186802192
6.0,420.0,7.204721953181e-03,4.322833171909e-02,9.576926934812e-01,0.187738259
6.0,422.0,7.222780971318e-03,4.333668582791e-02,9.575889291647e-01,0.188208835
6.0,424.0,7.232910298468e-03,4.339746179081e-02,9.575307325439e-01,0.188472782
6.0,426.0,7.285046515327e-03,4.371027909196e-02,9.572312472089e-01,0.189831330
6.0,428.0,7.349128495696e-03,4.409477097418e-02,9.568632703116e-01,0.191501157
6.0,430.0,7.455097310597e-03,4.473058386358e-02,9.562550776798e-01,0.194262457
6.0,432.0,7.572896136960e-03,4.543737682176e-02,9.555794421200e-01,0.197332020
6.0,434.0,7.722470170618e-03,4.633482102371e-02,9.547222475898e-01,0.201229571
6.0,436.0,7.903766543389e-03,4.742259926033e-02,9.536842861452e-01,0.205953732
6.0,438.0,8.216734244034e-03,4.930040546420e-02,9.518951322440e-01,0.214108940
6.0,440.0,8.571324042880e-03,5.142794425728e-02,9.498720912354e-01,0.223348724
6.0,442.0,9.027488419921e-03,5.416493051953e-02,9.472758589176e-01,0.235235304
6.0,444.0,9.485181496220e-03,5.691108897732e-02,9.446780579249e-01,0.247161719
6.0,446.0,1.007435896844e-02,6.044615381064e-02,9.413444554656e-01,0.262514311
6.0,448.0,1.061497804633e-02,6.368986827798e-02,9.382959497506e-01,0.276601583
6.0,450.0,1.112699739305e-02,6.676198435830e-02,9.354178189149e-01,0.289943614
6.0,452.0,1.141037706817e-02,6.846226240902e-02,9.338286998841e-01,0.297327828
6.0,454.0,1.156507847319e-02,6.939047083914e-02,9.329623143680e-01,0.301358986
6.0,456.0,1.165106429946e-02,6.990638579676e-02,9.324811092962e-01,0.303599576
6.0,458.0,1.175829847849e-02,7.054979087094e-02,9.318813391872e-01,0.306393849
6.0,460.0,1.186674613428e-02,7.120047680568e-02,9.312751743398e-01,0.309219742
6.0,462.0,1.205637353789e-02,7.233824122734e-02,9.302162051226e-01,0.314160990
6.0,464.0,1.222714806386e-02,7.336288838316e-02,9.292635498848e-01,0.318610976
6.0,466.0,1.241903814858e-02,7.451422889148e-02,9.281942667895e-01,0.323611184
6.0,468.0,1.257201325038e-02,7.543207950228e-02,9.273427139737e-01,0.327597359
6.0,470.0,1.283604381141e-02,7.701626286846e-02,9.258747961040e-01,0.334477380
6.0,472.0,1.314110122105e-02,7.884660732630e-02,9.241816762713e-01,0.342426465
6.0,474.0,1.344715778091e-02,8.068294668546e-02,9.224861223668e-01,0.350401585
6.0,476.0,1.378418667130e-02,8.270512002780e-02,9.206225803590e-01,0.359183773
6.0,478.0,1.413216191905e-02,8.479297151430e-02,9.187024622942e-01,0.368251196
6.0,480.0,1.446105836676e-02,8.676635020056e-02,9.168913020764e-01,0.376821471
6.0,482.0,1.482085164323e-02,8.892510985938e-02,9.149140890536e-01,0.386196845
6.0,484.0,1.518151813511e-02,9.108910881066e-02,9.129363566017e-01,0.395594973
6.0,486.0,1.556303495983e-02,9.337820975898e-02,9.108489431835e-01,0.405536412
6.0,488.0,1.607537993942e-02,9.645227963652e-02,9.080532291960e-01,0.418886928
6.0,490.0,1.672853157561e-02,1.003711894537e-01,9.045016142564e-01,0.435906537
6.0,492.0,1.754246902578e-02,1.052548141547e-01,9.000951363808e-01,0.457115850
6.0,494.0,1.853717207993e-02,1.112230324796e-01,8.947391707778e-01,0.483035493
6.0,496.0,1.976262113856e-02,1.185757268314e-01,8.881845537082e-01,0.514967839
6.0,498.0,2.124879719143e-02,1.274927831486e-01,8.802997688039e-01,0.553694122
6.0,500.0,2.268568179718e-02,1.361140907831e-01,8.727430548698e-01,0.591135985
6.0,502.0,2.434325706370e-02,1.460595423822e-01,8.641062507082e-01,0.634328533
6.0,504.0,2.613150562929e-02,1.567890337757e-01,8.548843915272e-01,0.680926122
6.0,506.0,2.854041064458e-02,1.712424638675e-01,8.426172444655e-01,0.743696571
6.0,508.0,3.153995575512e-02,1.892397345307e-01,8.275880814707e-01,0.821857725
6.0,510.0,3.480012508463e-02,2.088007505078e-01,8.115569218395e-01,0.906810138
6.0,512.0,3.746090321893e-02,2.247654193136e-01,7.987035572142e-01,0.976143813
6.0,514.0,3.912227519045e-02,2.347336511427e-01,7.907814453159e-01,1.019435294
6.0,516.0,3.992422646334e-02,2.395453587800e-01,7.869855758267e-01,1.040332275
6.0,518.0,4.046674291916e-02,2.428004575150e-01,7.844280248731e-01,1.054468989
6.0,520.0,4.082981084306e-02,2.449788650584e-01,7.827210808314e-01,1.063929693
6.0,522.0,4.125341691052e-02,2.475205014631e-01,7.807342144531e-01,1.074967879
6.0,524.0,4.177754817459e-02,2.506652890475e-01,7.782828277543e-01,1.088625518
6.0,526.0,4.246219205357e-02,2.547731523214e-01,7.750923059098e-01,1.106465742
6.0,528.0,4.317733631914e-02,2.590640179148e-01,7.717736141247e-01,1.125100734
6.0,530.0,4.395296908500e-02,2.637178145100e-01,7.681902812255e-01,1.145311916
6.0,532.0,4.480907879581e-02,2.688544727749e-01,7.642544673878e-01,1.167620140
6.0,534.0,4.584565421664e-02,2.750739252998e-01,7.595159737035e-01,1.194630879
6.0,536.0,4.687268442274e-02,2.812361065364e-01,7.548500893984e-01,1.221392892
6.0,538.0,4.789015878967e-02,2.873409527380e-01,7.502558834263e-01,1.247905902
6.0,540.0,4.895806698389e-02,2.937484019033e-01,7.454640251806e-01,1.275733100
6.0,542.0,5.021639895350e-02,3.012983937210e-01,7.398569711308e-01,1.308522298
6.0,544.0,5.177514491951e-02,3.106508695171e-01,7.329697332799e-01,1.349139584
6.0,546.0,5.359429536727e-02,3.215657722036e-01,7.250129427603e-01,1.396542404
6.0,548.0,5.558384103828e-02,3.335030462297e-01,7.164097162881e-01,1.448385327
6.0,550.0,5.760377292229e-02,3.456226375337e-01,7.077795261456e-01,1.501020043
8.0,350.0,9.889596205244e-03,7.911676964195e-02,9.239320309334e-01,0.343599765
8.0,352.0,9.716301458359e-03,7.773041166687e-02,9.252138197767e-01,0.337578889
8.0,354.0,9.530050616577e-03,7.624040493262e-02,9.265934221520e-01,0.331107872
8.0,356.0,9.330572014292e-03,7.464457611434e-02,9.280732871294e-01,0.324177275
8.0,358.0,9.137606428434e-03,7.310085142747e-02,9.295070831824e-01,0.317472964
8.0,360.0,9.010906417364e-03,7.208725133891e-02,9.304497092865e-01,0.313070955
8.0,362.0,8.910235699738e-03,7.128188559790e-02,9.311993634385e-01,0.309573296
8.0,364.0,8.775368570623e-03,7.020294856498e-02,9.322046111187e-01,0.304887532
8.0,366.0,8.606089352376e-03,6.884871481901e-02,9.334678892551e-01,0.299006169
8.0,368.0,8.442191877956e-03,6.753753502365e-02,9.346926362474e-01,0.293311788
8.0,370.0,8.293479004540e-03,6.634783203632e-02,9.358053046102e-01,0.288144973
8.0,372.0,8.159762155435e-03,6.527809724348e-02,9.368069037310e-01,0.283499174
8.0,374.0,8.020860888458e-03,6.416688710766e-02,9.378484716510e-01,0.278673250
8.0,376.0,7.906602489062e-03,6.325281991250e-02,9.387061200874e-01,0.274703507
8.0,378.0,7.796821586622e-03,6.237457269298e-02,9.395308982539e-01,0.270889327
8.0,380.0,7.711359792400e-03,6.169087833920e-02,9.401734698605e-01,0.267920080
8.0,382.0,7.610065357832e-03,6.088052286266e-02,9.409356533587e-01,0.264400751
8.0,384.0,7.512792851830e-03,6.010234281464e-02,9.416681556830e-01,0.261021158
8.0,386.0,7.419402855952e-03,5.935522284762e-02,9.423719576440e-01,0.257776458
8.0,388.0,7.359761676293e-03,5.887809341034e-02,9.428216983295e-01,0.255704311
8.0,390.0,7.313741071094e-03,5.850992856875e-02,9.431688760361e-01,0.254105391
8.0,392.0,7.241217993107e-03,5.792974394486e-02,9.437162468885e-01,0.251585681
8.0,394.0,7.222074345802e-03,5.777659476642e-02,9.438607873242e-01,0.250920563
8.0,396.0,7.216196752604e-03,5.772957402083e-02,9.439051694056e-01,0.250716354
8.0,398.0,7.223476338366e-03,5.778781070693e-02,9.438502010971e-01,0.250969273
8.0,400.0,7.253808522356e-03,5.803046817885e-02,9.436211965794e-01,0.252023121
8.0,402.0,7.297092822081e-03,5.837674257665e-02,9.432945012842e-01,0.253526972
8.0,404.0,7.303232667298e-03,5.842586133838e-02,9.432481689642e-01,0.253740292
8.0,406.0,7.292135223641e-03,5.833708178913e-02,9.433319138289e-01,0.253354727
8.0,408.0,7.213711225286e-03,5.770968980229e-02,9.439239384089e-01,0.250629998
8.0,410.0,7.187874816150e-03,5.750299852920e-02,9.441190594136e-01,0.249732350
8.0,412.0,7.144543399123e-03,5.715634719298e-02,9.444463962797e-01,0.248226862
8.0,414.0,7.143637492892e-03,5.714909994314e-02,9.444532409435e-01,0.248195388
8.0,416.0,7.135080595916e-03,5.708064476733e-02,9.445178958691e-01,0.247898090
8.0,418.0,7.168799057154e-03,5.735039245723e-02,9.442631487089e-01,0.249069590
8.0,420.0,7.204721953181e-03,5.763777562545e-02,9.439918223628e-01,0.250317679
8.0,422.0,7.222780971318e-03,5.778224777054e-02,9.438554516904e-01,0.250945114
8.0,424.0,7.232910298468e-03,5.786328238774e-02,9.437789698240e-01,0.251297042
8.0,426.0,7.285046515327e-03,5.828037212262e-02,9.433854113840e-01,0.253108440
8.0,428.0,7.349128495696e-03,5.879302796557e-02,9.429019032879e-01,0.255334876
8.0,430.0,7.455097310597e-03,5.964077848478e-02,9.421028964370e-01,0.259016610
8.0,432.0,7.572896136960e-03,6.058316909568e-02,9.412154857223e-01,0.263109360
8.0,434.0,7.722470170618e-03,6.177976136494e-02,9.400899081114e-01,0.268306095
8.0,436.0,7.903766543389e-03,6.323013234711e-02,9.387274172855e-01,0.274604976
8.0,438.0,8.216734244034e-03,6.573387395227e-02,9.363800262515e-01,0.285478587
8.0,440.0,8.571324042880e-03,6.857059234304e-02,9.337275437619e-01,0.297798299
8.0,442.0,9.027488419921e-03,7.221990735937e-02,9.303262877173e-01,0.313647072
8.0,444.0,9.485181496220e-03,7.588145196976e-02,9.269260853079e-01,0.329548959
8.0,446.0,1.007435896844e-02,8.059487174752e-02,9.225673738528e-01,0.350019081
8.0,448.0,1.061497804633e-02,8.491982437064e-02,9.185859296542e-01,0.368802111
8.0,450.0,1.112699739305e-02,8.901597914440e-02,9.148309552417e-01,0.386591485
8.0,452.0,1.141037706817e-02,9.128301654536e-02,9.127593483430e-01,0.396437104
8.0,454.0,1.156507847319e-02,9.252062778552e-02,9.116304058540e-01,0.401811981
8.0,456.0,1.165106429946e-02,9.320851439568e-02,9.110035231413e-01,0.404799435
8.0,458.0,1.175829847849e-02,9.406638782792e-02,9.102223325513e-01,0.408525132
8.0,460.0,1.186674613428e-02,9.493396907424e-02,9.094329831875e-01,0.412292989
8.0,462.0,1.205637353789e-02,9.645098830312e-02,9.080544017962e-01,0.418881320
8.0,464.0,1.222714806386e-02,9.781718451088e-02,9.068146683684e-01,0.424814635
8.0,466.0,1.241903814858e-02,9.935230518864e-02,9.054236663713e-01,0.431481579
8.0,468.0,1.257201325038e-02,1.005761060030e-01,9.043162858957e-01,0.436796478
8.0,470.0,1.283604381141e-02,1.026883504913e-01,9.024081647239e-01,0.445969840
8.0,472.0,1.314110122105e-02,1.051288097684e-01,9.002085594618e-01,0.456568620
8.0,474.0,1.344715778091e-02,1.075772622473e-01,8.980071377209e-01,0.467202114
8.0,476.0,1.378418667130e-02,1.102734933704e-01,8.955891641001e-01,0.478911697
8.0,478.0,1.413216191905e-02,1.130572953524e-01,8.930994882002e-01,0.491001595
8.0,480.0,1.446105836676e-02,1.156884669341e-01,8.907526789900e-01,0.502428628
8.0,482.0,1.482085164323e-02,1.185668131458e-01,8.881924707412e-01,0.514929127
8.0,484.0,1.518151813511e-02,1.214521450809e-01,8.856334342512e-01,0.527459964
8.0,486.0,1.556303495983e-02,1.245042796786e-01,8.829344826825e-01,0.540715216
8.0,488.0,1.607537993942e-02,1.286030395154e-01,8.793229527394e-01,0.558515904
8.0,490.0,1.672853157561e-02,1.338282526049e-01,8.747402860684e-01,0.581208716
8.0,492.0,1.754246902578e-02,1.403397522062e-01,8.690629191903e-01,0.609487800
8.0,494.0,1.853717207993e-02,1.482973766394e-01,8.621746862052e-01,0.644047324
8.0,496.0,1.976262113856e-02,1.581009691085e-01,8.537635738695e-01,0.686623785
8.0,498.0,2.124879719143e-02,1.699903775314e-01,8.436729347736e-01,0.738258829
8.0,500.0,2.268568179718e-02,1.814854543774e-01,8.340303767063e-01,0.788181314
8.0,502.0,2.434325706370e-02,1.947460565096e-01,8.230436380945e-01,0.845771377
8.0,504.0,2.613150562929e-02,2.090520450343e-01,8.113530076494e-01,0.907901496
8.0,506.0,2.854041064458e-02,2.283232851566e-01,7.958669262777e-01,0.991595428
8.0,508.0,3.153995575512e-02,2.523196460410e-01,7.769963345683e-01,1.095810300
8.0,510.0,3.480012508463e-02,2.784010006770e-01,7.569932058553e-01,1.209080184
8.0,512.0,3.746090321893e-02,2.996872257514e-01,7.410499657841e-01,1.301525084
8.0,514.0,3.912227519045e-02,3.129782015236e-01,7.312658528766e-01,1.359247059
8.0,516.0,3.992422646334e-02,3.193938117067e-01,7.265893535630e-01,1.387109700
8.0,518.0,4.046674291916e-02,3.237339433533e-01,7.234426935144e-01,1.405958652
8.0,520.0,4.082981084306e-02,3.266384867445e-01,7.213444714836e-01,1.418572924
8.0,522.0,4.125341691052e-02,3.300273352842e-01,7.189040817160e-01,1.433290506
8.0,524.0,4.177754817459e-02,3.342203853967e-01,7.158959918183e-01,1.451500691
8.0,526.0,4.246219205357e-02,3.396975364286e-01,7.119856399176e-01,1.475287656
8.0,528.0,4.317733631914e-02,3.454186905531e-01,7.079238903638e-01,1.500134313
8.0,530.0,4.395296908500e-02,3.516237526800e-01,7.035447790226e-01,1.527082555
8.0,532.0,4.480907879581e-02,3.584726303665e-01,6.987427499099e-01,1.556826853
8.0,534.0,4.584565421664e-02,3.667652337331e-01,6.929723124721e-01,1.592841172
8.0,536.0,4.687268442274e-02,3.749814753819e-01,6.873020106803e-01,1.628523856
8.0,538.0,4.789015878967e-02,3.831212703174e-01,6.817302206326e-01,1.663874536
8.0,540.0,4.895806698389e-02,3.916645358711e-01,6.759308264774e-01,1.700977467
8.0,542.0,5.021639895350e-02,4.017311916280e-01,6.691605974872e-01,1.744696397
8.0,544.0,5.177514491951e-02,4.142011593561e-01,6.608679981130e-01,1.798852779
8.0,546.0,5.359429536727e-02,4.287543629382e-01,6.513198978391e-01,1.862056539
8.0,548.0,5.558384103828e-02,4.446707283062e-01,6.410353160699e-01,1.931180436
8.0,550.0,5.760377292229e-02,4.608301833783e-01,6.307597817990e-01,2.001360057
10.0,350.0,9.889596205244e-03,9.889596205244e-02,9.058369445379e-01,0.429499706
10.0,352.0,9.716301458359e-03,9.716301458359e-02,9.074080733268e-01,0.421973611
10.0,354.0,9.530050616577e-03,9.530050616577e-02,9.090997033503e-01,0.413884840
10.0,356.0,9.330572014292e-03,9.330572014292e-02,9.109149726669e-01,0.405221594
10.0,358.0,9.137606428434e-03,9.137606428434e-02,9.126744221006e-01,0.396841205
10.0,360.0,9.010906417364e-03,9.010906417364e-02,9.138315135571e-01,0.391338693
10.0,362.0,8.910235699738e-03,8.910235699738e-02,9.147519375207e-01,0.386966620
10.0,364.0,8.775368570623e-03,8.775368570623e-02,9.159864694992e-01,0.381109415
10.0,366.0,8.606089352376e-03,8.606089352376e-02,9.175383573752e-01,0.373757712
10.0,368.0,8.442191877956e-03,8.442191877956e-02,9.190434126066e-01,0.366639735
10.0,370.0,8.293479004540e-03,8.293479004540e-02,9.204111652335e-01,0.360181217
10.0,372.0,8.159762155435e-03,8.159762155435e-02,9.216427332660e-01,0.354373968
10.0,374.0,8.020860888458e-03,8.020860888458e-02,9.229237961998e-01,0.348341562
10.0,376.0,7.906602489062e-03,7.906602489062e-02,9.239789168242e-01,0.343379383
10.0,378.0,7.796821586622e-03,7.796821586622e-02,9.249938262038e-01,0.338611659
10.0,380.0,7.711359792400e-03,7.711359792400e-02,9.257846804151e-01,0.334900101
10.0,382.0,7.610065357832e-03,7.610065357832e-02,9.267229238864e-01,0.330500939
10.0,384.0,7.512792851830e-03,7.512792851830e-02,9.276248090702e-01,0.326276448
10.0,386.0,7.419402855952e-03,7.419402855952e-02,9.284915224900e-01,0.322220572
10.0,388.0,7.359761676293e-03,7.359761676293e-02,9.290454509554e-01,0.319630388
10.0,390.0,7.313741071094e-03,7.313741071094e-02,9.294731016907e-01,0.317631739
10.0,392.0,7.241217993107e-03,7.241217993107e-02,9.301474286849e-01,0.314482102
10.0,394.0,7.222074345802e-03,7.222074345802e-02,9.303255098731e-01,0.313650704
10.0,396.0,7.216196752604e-03,7.216196752604e-02,9.303801922290e-01,0.313395443
10.0,398.0,7.223476338366e-03,7.223476338366e-02,9.303124668701e-01,0.313711591
10.0,400.0,7.253808522356e-03,7.253808522356e-02,9.300303255729e-01,0.315028901
10.0,402.0,7.297092822081e-03,7.297092822081e-02,9.296278555687e-01,0.316908715
10.0,404.0,7.303232667298e-03,7.303232667298e-02,9.295707796095e-01,0.317175365
10.0,406.0,7.292135223641e-03,7.292135223641e-02,9.296739439272e-01,0.316693409
10.0,408.0,7.213711225286e-03,7.213711225286e-02,9.304033173702e-01,0.313287498
10.0,410.0,7.187874816150e-03,7.187874816150e-02,9.306437312337e-01,0.312165437
10.0,412.0,7.144543399123e-03,7.144543399123e-02,9.310470797319e-01,0.310283577
10.0,414.0,7.143637492892e-03,7.143637492892e-02,9.310555141836e-01,0.310244234
10.0,416.0,7.135080595916e-03,7.135080595916e-02,9.311351870535e-01,0.309872613
10.0,418.0,7.168799057154e-03,7.168799057154e-02,9.308212755224e-01,0.311336987
10.0,420.0,7.204721953181e-03,7.204721953181e-02,9.304869576153e-01,0.312897099
10.0,422.0,7.222780971318e-03,7.222780971318e-02,9.303189359789e-01,0.313681392
10.0,424.0,7.232910298468e-03,7.232910298468e-02,9.302247057029e-01,0.314121303
10.0,426.0,7.285046515327e-03,7.285046515327e-02,9.297398481372e-01,0.316385550
10.0,428.0,7.349128495696e-03,7.349128495696e-02,9.291442432883e-01,0.319168595
10.0,430.0,7.455097310597e-03,7.455097310597e-02,9.281601616469e-01,0.323770762
10.0,432.0,7.572896136960e-03,7.572896136960e-02,9.270674436006e-01,0.328886700
10.0,434.0,7.722470170618e-03,7.722470170618e-02,9.256818279494e-01,0.335382618
10.0,436.0,7.903766543389e-03,7.903766543389e-02,9.240051207359e-01,0.343256220
10.0,438.0,8.216734244034e-03,8.216734244034e-02,9.211178036973e-01,0.356848234
10.0,440.0,8.571324042880e-03,8.571324042880e-02,9.178573978794e-01,0.372247873
10.0,442.0,9.027488419921e-03,9.027488419921e-02,9.136799945550e-01,0.392058841
10.0,444.0,9.485181496220e-03,9.485181496220e-02,9.095076999158e-01,0.411936198
10.0,446.0,1.007435896844e-02,1.007435896844e-01,9.041648403578e-01,0.437523851
10.0,448.0,1.061497804633e-02,1.061497804633e-01,8.992899419239e-01,0.461002639
10.0,450.0,1.112699739305e-02,1.112699739305e-01,8.946971714087e-01,0.483239357
10.0,452.0,1.141037706817e-02,1.141037706817e-01,8.921653704700e-01,0.495546380
10.0,454.0,1.156507847319e-02,1.156507847319e-01,8.907862451449e-01,0.502264976
10.0,456.0,1.165106429946e-02,1.165106429946e-01,8.900206244416e-01,0.505999293
10.0,458.0,1.175829847849e-02,1.175829847849e-01,8.890667296738e-01,0.510656415
10.0,460.0,1.186674613428e-02,1.186674613428e-01,8.881030802691e-01,0.515366236
10.0,462.0,1.205637353789e-02,1.205637353789e-01,8.864205891928e-01,0.523601650
10.0,464.0,1.222714806386e-02,1.222714806386e-01,8.849081004738e-01,0.531018293
10.0,466.0,1.241903814858e-02,1.241903814858e-01,8.832116777242e-01,0.539351974
10.0,468.0,1.257201325038e-02,1.257201325038e-01,8.818616166530e-01,0.545995598
10.0,470.0,1.283604381141e-02,1.283604381141e-01,8.795363035985e-01,0.557462300
10.0,472.0,1.314110122105e-02,1.314110122105e-01,8.768573012590e-01,0.570710775
10.0,474.0,1.344715778091e-02,1.344715778091e-01,8.741777245697e-01,0.584002642
10.0,476.0,1.378418667130e-02,1.378418667130e-01,8.712364523372e-01,0.598639621
10.0,478.0,1.413216191905e-02,1.413216191905e-01,8.682100337813e-01,0.613751994
10.0,480.0,1.446105836676e-02,1.446105836676e-01,8.653592125163e-01,0.628035785
10.0,482.0,1.482085164323e-02,1.482085164323e-01,8.622513026304e-01,0.643661409
10.0,484.0,1.518151813511e-02,1.518151813511e-01,8.591470524661e-01,0.659324955
10.0,486.0,1.556303495983e-02,1.556303495983e-01,8.558755066290e-01,0.675894020
10.0,488.0,1.607537993942e-02,1.607537993942e-01,8.515016855333e-01,0.698144880
10.0,490.0,1.672853157561e-02,1.672853157561e-01,8.459582116945e-01,0.726510895
10.0,492.0,1.754246902578e-02,1.754246902578e-01,8.391005872429e-01,0.761859750
10.0,494.0,1.853717207993e-02,1.853717207993e-01,8.307954025158e-01,0.805059154
10.0,496.0,1.976262113856e-02,1.976262113856e-01,8.206765553659e-01,0.858279731
10.0,498.0,2.124879719143e-02,2.124879719143e-01,8.085700418127e-01,0.922823537
10.0,500.0,2.268568179718e-02,2.268568179718e-01,7.970348951933e-01,0.985226642
10.0,502.0,2.434325706370e-02,2.434325706370e-01,7.839323343081e-01,1.057214221
10.0,504.0,2.613150562929e-02,2.613150562929e-01,7.700382759893e-01,1.134876870
10.0,506.0,2.854041064458e-02,2.854041064458e-01,7.517104219063e-01,1.239494285
10.0,508.0,3.153995575512e-02,3.153995575512e-01,7.294973398598e-01,1.369762874
10.0,510.0,3.480012508463e-02,3.480012508463e-01,7.060979929938e-01,1.511350229
10.0,512.0,3.746090321893e-02,3.746090321893e-01,6.875580393106e-01,1.626906356
10.0,514.0,3.912227519045e-02,3.912227519045e-01,6.762295078506e-01,1.699058823
10.0,516.0,3.992422646334e-02,3.992422646334e-01,6.708281637265e-01,1.733887125
10.0,518.0,4.046674291916e-02,4.046674291916e-01,6.671986647647e-01,1.757448315
10.0,520.0,4.082981084306e-02,4.082981084306e-01,6.647806725574e-01,1.773216155
10.0,522.0,4.125341691052e-02,4.125341691052e-01,6.619705773621e-01,1.791613132
10.0,524.0,4.177754817459e-02,4.177754817459e-01,6.585100593577e-01,1.814375864
10.0,526.0,4.246219205357e-02,4.246219205357e-01,6.540170087921e-01,1.844109570
10.0,528.0,4.317733631914e-02,4.317733631914e-01,6.493565281007e-01,1.875167891
10.0,530.0,4.395296908500e-02,4.395296908500e-01,6.443393885435e-01,1.908853194
10.0,532.0,4.480907879581e-02,4.480907879581e-01,6.388466818132e-01,1.946033566
10.0,534.0,4.584565421664e-02,4.584565421664e-01,6.322587575234e-01,1.991051465
10.0,536.0,4.687268442274e-02,4.687268442274e-01,6.257985002846e-01,2.035654820
10.0,538.0,4.789015878967e-02,4.789015878967e-01,6.194634443936e-01,2.079843170
10.0,540.0,4.895806698389e-02,4.895806698389e-01,6.128833407779e-01,2.126221834
10.0,542.0,5.021639895350e-02,5.021639895350e-01,6.052195528348e-01,2.180870497
10.0,544.0,5.177514491951e-02,5.177514491951e-01,5.958588616962e-01,2.248565974
10.0,546.0,5.359429536727e-02,5.359429536727e-01,5.851172914322e-01,2.327570674
10.0,548.0,5.558384103828e-02,5.558384103828e-01,5.735911547627e-01,2.413975545
10.0,550.0,5.760377292229e-02,5.760377292229e-01,5.621212363993e-01,2.501700072
12.0,350.0,9.889596205244e-03,1.186751544629e-01,8.880962480117e-01,0.515399647
12.0,352.0,9.716301458359e-03,1.165956175003e-01,8.899449985921e-01,0.506368333
12.0,354.0,9.530050616577e-03,1.143606073989e-01,8.919362590684e-01,0.496661807
12.0,356.0,9.330572014292e-03,1.119668641715e-01,8.940738828884e-01,0.486265913
12.0,358.0,9.137606428434e-03,1.096512771412e-01,8.961465876137e-01,0.476209446
12.0,360.0,9.010906417364e-03,1.081308770084e-01,8.975101253033e-01,0.469606432
12.0,362.0,8.910235699738e-03,1.069228283969e-01,8.985950163326e-01,0.464359944
12.0,364.0,8.775368570623e-03,1.053044228475e-01,9.000504849452e-01,0.457331298
12.0,366.0,8.606089352376e-03,1.032730722285e-01,9.018806612905e-01,0.448509254
12.0,368.0,8.442191877956e-03,1.013063025355e-01,9.036561983057e-01,0.439967682
12.0,370.0,8.293479004540e-03,9.952174805448e-02,9.052702617874e-01,0.432217460
12.0,372.0,8.159762155435e-03,9.791714586522e-02,9.067240264765e-01,0.425248761
12.0,374.0,8.020860888458e-03,9.625033066150e-02,9.082366281329e-01,0.418009875
12.0,376.0,7.906602489062e-03,9.487922986874e-02,9.094827661889e-01,0.412055260
12.0,378.0,7.796821586622e-03,9.356185903946e-02,9.106816817897e-01,0.406333991
12.0,380.0,7.711359792400e-03,9.253631750880e-02,9.116161027374e-01,0.401880121
12.0,382.0,7.610065357832e-03,9.132078429398e-02,9.127248761284e-01,0.396601127
12.0,384.0,7.512792851830e-03,9.015351422196e-02,9.137908946050e-01,0.391531738
12.0,386.0,7.419402855952e-03,8.903283427142e-02,9.148155357797e-01,0.386664686
12.0,388.0,7.359761676293e-03,8.831714011552e-02,9.154704982609e-01,0.383556466
12.0,390.0,7.313741071094e-03,8.776489285313e-02,9.159762039618e-01,0.381158087
12.0,392.0,7.241217993107e-03,8.689461591728e-02,9.167737038984e-01,0.377378522
12.0,394.0,7.222074345802e-03,8.666489214962e-02,9.169843328001e-01,0.376380844
12.0,396.0,7.216196752604e-03,8.659436103125e-02,9.170490110115e-01,0.376074532
12.0,398.0,7.223476338366e-03,8.668171606039e-02,9.169689056673e-01,0.376453910
12.0,400.0,7.253808522356e-03,8.704570226827e-02,9.166352023679e-01,0.378034682
12.0,402.0,7.297092822081e-03,8.756511386497e-02,9.161592150412e-01,0.380290458
12.0,404.0,7.303232667298e-03,8.763879200758e-02,9.160917166186e-01,0.380610438
12.0,406.0,7.292135223641e-03,8.750562268369e-02,9.162137200565e-01,0.380032091
12.0,408.0,7.213711225286e-03,8.656453470343e-02,9.170763636238e-01,0.375944998
12.0,410.0,7.187874816150e-03,8.625449779380e-02,9.173607352261e-01,0.374598524
12.0,412.0,7.144543399123e-03,8.573452078948e-02,9.178378657508e-01,0.372340293
12.0,414.0,7.143637492892e-03,8.572364991470e-02,9.178478435055e-01,0.372293081
12.0,416.0,7.135080595916e-03,8.562096715099e-02,9.179420954977e-01,0.371847136
12.0,418.0,7.168799057154e-03,8.602558868585e-02,9.175707514900e-01,0.373604385
12.0,420.0,7.204721953181e-03,8.645666343817e-02,9.171752951473e-01,0.375476519
12.0,422.0,7.222780971318e-03,8.667337165582e-02,9.169765572587e-01,0.376417670
12.0,424.0,7.232910298468e-03,8.679492358162e-02,9.168651037661e-01,0.376945564
12.0,426.0,7.285046515327e-03,8.742055818392e-02,9.162916606332e-01,0.379662660
12.0,428.0,7.349128495696e-03,8.818954194835e-02,9.155873180714e-01,0.383002314
12.0,430.0,7.455097310597e-03,8.946116772716e-02,9.144237735883e-01,0.388524915
12.0,432.0,7.572896136960e-03,9.087475364352e-02,9.131320702024e-01,0.394664041
12.0,434.0,7.722470170618e-03,9.266964204742e-02,9.114945700430e-01,0.402459142
12.0,436.0,7.903766543389e-03,9.484519852067e-02,9.095137176402e-01,0.411907464
12.0,438.0,8.216734244034e-03,9.860081092841e-02,9.061043427898e-01,0.428217881
12.0,440.0,8.571324042880e-03,1.028558885146e-01,9.022569897079e-01,0.446697448
12.0,442.0,9.027488419921e-03,1.083298610391e-01,8.973315528881e-01,0.470470609
12.0,444.0,9.485181496220e-03,1.138221779546e-01,8.924166331248e-01,0.494323438
12.0,446.0,1.007435896844e-02,1.208923076213e-01,8.861293838358e-01,0.525028621
12.0,448.0,1.061497804633e-02,1.273797365560e-01,8.803992893184e-01,0.553203167
12.0,450.0,1.112699739305e-02,1.335239687166e-01,8.750064959435e-01,0.579887228
12.0,452.0,1.141037706817e-02,1.369245248180e-01,8.720360407272e-01,0.594655656
12.0,454.0,1.156507847319e-02,1.387809416783e-01,8.704186800308e-01,0.602717972
12.0,456.0,1.165106429946e-02,1.398127715935e-01,8.695210191943e-01,0.607199152
12.0,458.0,1.175829847849e-02,1.410995817419e-01,8.684028303253e-01,0.612787697
12.0,460.0,1.186674613428e-02,1.424009536114e-01,8.672734503416e-01,0.618439484
12.0,462.0,1.205637353789e-02,1.446764824547e-01,8.653021882727e-01,0.628321980
12.0,464.0,1.222714806386e-02,1.467257767663e-01,8.635307451445e-01,0.637221952
12.0,466.0,1.241903814858e-02,1.490284577830e-01,8.615445969009e-01,0.647222369
12.0,468.0,1.257201325038e-02,1.508641590046e-01,8.599645091602e-01,0.655194718
12.0,470.0,1.283604381141e-02,1.540325257369e-01,8.572441380607e-01,0.668954760
12.0,472.0,1.314110122105e-02,1.576932146526e-01,8.541117707556e-01,0.684852930
12.0,474.0,1.344715778091e-02,1.613658933709e-01,8.509806459593e-01,0.700803171
12.0,476.0,1.378418667130e-02,1.654102400556e-01,8.475459354668e-01,0.718367545
12.0,478.0,1.413216191905e-02,1.695859430286e-01,8.440142142255e-01,0.736502393
12.0,480.0,1.446105836676e-02,1.735327004011e-01,8.406896598233e-01,0.753642942
12.0,482.0,1.482085164323e-02,1.778502197188e-01,8.370677903488e-01,0.772393690
12.0,484.0,1.518151813511e-02,1.821782176213e-01,8.334527912052e-01,0.791189946
12.0,486.0,1.556303495983e-02,1.867564195180e-01,8.296457972986e-01,0.811072825
12.0,488.0,1.607537993942e-02,1.929045592730e-01,8.245606670533e-01,0.837773856
12.0,490.0,1.672853157561e-02,2.007423789073e-01,8.181231701924e-01,0.871813074
12.0,492.0,1.754246902578e-02,2.105096283094e-01,8.101712545363e-01,0.914231700
12.0,494.0,1.853717207993e-02,2.224460649592e-01,8.005581837242e-01,0.966070985
12.0,496.0,1.976262113856e-02,2.371514536627e-01,7.888718014458e-01,1.029935677
12.0,498.0,2.124879719143e-02,2.549855662972e-01,7.749276829563e-01,1.107388244
12.0,500.0,2.268568179718e-02,2.722281815662e-01,7.616804398235e-01,1.182271971
12.0,502.0,2.434325706370e-02,2.921190847644e-01,7.466796125130e-01,1.268657066
12.0,504.0,2.613150562929e-02,3.135780675515e-01,7.308273228769e-01,1.361852244
12.0,506.0,2.854041064458e-02,3.424849277350e-01,7.100038206707e-01,1.487393143
12.0,508.0,3.153995575512e-02,3.784794690614e-01,6.849020325923e-01,1.643715449
12.0,510.0,3.480012508463e-02,4.176015010156e-01,6.586246373856e-01,1.813620275
12.0,512.0,3.746090321893e-02,4.495308386272e-01,6.379273723067e-01,1.952287627
12.0,514.0,3.912227519045e-02,4.694673022854e-01,6.253352942558e-01,2.038870588
12.0,516.0,3.992422646334e-02,4.790907175601e-01,6.193462965593e-01,2.080664550
12.0,518.0,4.046674291916e-02,4.856009150299e-01,6.153273262064e-01,2.108937978
12.0,520.0,4.082981084306e-02,4.899577301167e-01,6.126522903779e-01,2.127859386
12.0,522.0,4.125341691052e-02,4.950410029262e-01,6.095459136178e-01,2.149935759
12.0,524.0,4.177754817459e-02,5.013305780951e-01,6.057241599773e-01,2.177251037
12.0,526.0,4.246219205357e-02,5.095463046428e-01,6.007680826806e-01,2.212931484
12.0,528.0,4.317733631914e-02,5.181280358297e-01,5.956345114591e-01,2.250201469
12.0,530.0,4.395296908500e-02,5.274356290200e-01,5.901163081694e-01,2.290623832
12.0,532.0,4.480907879581e-02,5.377089455497e-01,5.840848909222e-01,2.335240279
12.0,534.0,4.584565421664e-02,5.501478505997e-01,5.768645143107e-01,2.389261757
12.0,536.0,4.687268442274e-02,5.624722130729e-01,5.697986574647e-01,2.442785784
12.0,538.0,4.789015878967e-02,5.746819054760e-01,5.628838906157e-01,2.495811804
12.0,540.0,4.895806698389e-02,5.874968038067e-01,5.557166128385e-01,2.551466200
12.0,542.0,5.021639895350e-02,6.025967874420e-01,5.473883377309e-01,2.617044596
12.0,544.0,5.177514491951e-02,6.213017390341e-01,5.372446299044e-01,2.698279169
12.0,546.0,5.359429536727e-02,6.431315444072e-01,5.256437671700e-01,2.793084809
12.0,548.0,5.558384103828e-02,6.670060924594e-01,5.132428815920e-01,2.896770654
12.0,550.0,5.760377292229e-02,6.912452750675e-01,5.009518576309e-01,3.002040086
14.0,350.0,9.889596205244e-03,1.384543468734e-01,8.707030006761e-01,0.601299588
14.0,352.0,9.716301458359e-03,1.360282204170e-01,8.728180008532e-01,0.590763055
14.0,354.0,9.530050616577e-03,1.334207086321e-01,8.750968538534e-01,0.579438775
14.0,356.0,9.330572014292e-03,1.306280082001e-01,8.775441529112e-01,0.567310231
14.0,358.0,9.137606428434e-03,1.279264899981e-01,8.799180595455e-01,0.555577687
14.0,360.0,9.010906417364e-03,1.261526898431e-01,8.814802434273e-01,0.547874171
14.0,362.0,8.910235699738e-03,1.247432997963e-01,8.827234687978e-01,0.541753268
14.0,364.0,8.775368570623e-03,1.228551599887e-01,8.843917485954e-01,0.533553181
14.0,366.0,8.606089352376e-03,1.204852509333e-01,8.864901621515e-01,0.523260796
14.0,368.0,8.442191877956e-03,1.181906862914e-01,8.885266066162e-01,0.513295629
14.0,370.0,8.293479004540e-03,1.161087060636e-01,8.903784285024e-01,0.504253703
14.0,372.0,8.159762155435e-03,1.142366701761e-01,8.920468100218e-01,0.496123555
14.0,374.0,8.020860888458e-03,1.122920524384e-01,8.937831878198e-01,0.487678187
14.0,376.0,7.906602489062e-03,1.106924348469e-01,8.952140432357e-01,0.480731136
14.0,378.0,7.796821586622e-03,1.091555022127e-01,8.965909847754e-01,0.474056323
14.0,380.0,7.711359792400e-03,1.079590370936e-01,8.976643666188e-01,0.468860141
14.0,382.0,7.610065357832e-03,1.065409150096e-01,8.989382673409e-01,0.462701315
14.0,384.0,7.512792851830e-03,1.051790999256e-01,9.001632889701e-01,0.456787027
14.0,386.0,7.419402855952e-03,1.038716399833e-01,9.013409861402e-01,0.451108801
14.0,388.0,7.359761676293e-03,1.030366634681e-01,9.020938989843e-01,0.447482544
14.0,390.0,7.313741071094e-03,1.023923749953e-01,9.026752949581e-01,0.444684434
14.0,392.0,7.241217993107e-03,1.013770519035e-01,9.035922674623e-01,0.440274942
14.0,394.0,7.222074345802e-03,1.011090408412e-01,9.038344726412e-01,0.439110985
14.0,396.0,7.216196752604e-03,1.010267545365e-01,9.039088489001e-01,0.438753620
14.0,398.0,7.223476338366e-03,1.011286687371e-01,9.038167324464e-01,0.439196228
14.0,400.0,7.253808522356e-03,1.015533193130e-01,9.034330076307e-01,0.441040462
14.0,402.0,7.297092822081e-03,1.021592995091e-01,9.028857109617e-01,0.443672201
14.0,404.0,7.303232667298e-03,1.022452573422e-01,9.028081041981e-01,0.444045511
14.0,406.0,7.292135223641e-03,1.020898931310e-01,9.029483791636e-01,0.443370772
14.0,408.0,7.213711225286e-03,1.009919571540e-01,9.039403031093e-01,0.438602497
14.0,410.0,7.187874816150e-03,1.006302474261e-01,9.042673262505e-01,0.437031612
14.0,412.0,7.144543399123e-03,1.000236075877e-01,9.048160572594e-01,0.434397008
14.0,414.0,7.143637492892e-03,1.000109249005e-01,9.048275328312e-01,0.434341928
14.0,416.0,7.135080595916e-03,9.989112834282e-02,9.049359345479e-01,0.433821658
14.0,418.0,7.168799057154e-03,1.003631868002e-01,9.045088526984e-01,0.435871782
14.0,420.0,7.204721953181e-03,1.008661073445e-01,9.040540709829e-01,0.438055938
14.0,422.0,7.222780971318e-03,1.011189335985e-01,9.038255312704e-01,0.439153949
14.0,424.0,7.232910298468e-03,1.012607441786e-01,9.036973683352e-01,0.439769824
14.0,426.0,7.285046515327e-03,1.019906512146e-01,9.030379939378e-01,0.442939770
14.0,428.0,7.349128495696e-03,1.028877989397e-01,9.022281987631e-01,0.446836033
14.0,430.0,7.455097310597e-03,1.043713623484e-01,9.008906784147e-01,0.453279067
14.0,432.0,7.572896136960e-03,1.060205459174e-01,8.994061687612e-01,0.460441381
14.0,434.0,7.722470170618e-03,1.081145823887e-01,8.975247500086e-01,0.469535665
14.0,436.0,7.903766543389e-03,1.106527316074e-01,8.952495868388e-01,0.480558707
14.0,438.0,8.216734244034e-03,1.150342794165e-01,8.913355889193e-01,0.499587528
14.0,440.0,8.571324042880e-03,1.199985366003e-01,8.869217346372e-01,0.521147023
14.0,442.0,9.027488419921e-03,1.263848378789e-01,8.812756332711e-01,0.548882377
14.0,444.0,9.485181496220e-03,1.327925409471e-01,8.756467341086e-01,0.576710678
14.0,446.0,1.007435896844e-02,1.410410255582e-01,8.684536821698e-01,0.612533391
14.0,448.0,1.061497804633e-02,1.486096926486e-01,8.619054572924e-01,0.645403695
14.0,450.0,1.112699739305e-02,1.557779635027e-01,8.557491768281e-01,0.676535100
14.0,452.0,1.141037706817e-02,1.597452789544e-01,8.523608755702e-01,0.693764932
14.0,454.0,1.156507847319e-02,1.619110986247e-01,8.505168132938e-01,0.703170967
14.0,456.0,1.165106429946e-02,1.631149001924e-01,8.494935758315e-01,0.708399011
14.0,458.0,1.175829847849e-02,1.646161786989e-01,8.482192062160e-01,0.714918980
14.0,460.0,1.186674613428e-02,1.661344458799e-01,8.469323599682e-01,0.721512731
14.0,462.0,1.205637353789e-02,1.687892295305e-01,8.446869196838e-01,0.733042310
14.0,464.0,1.222714806386e-02,1.711800728940e-01,8.426698178157e-01,0.743425611
14.0,466.0,1.241903814858e-02,1.738665340801e-01,8.404090561414e-01,0.755092763
14.0,468.0,1.257201325038e-02,1.760081855053e-01,8.386111188532e-01,0.764393837
14.0,470.0,1.283604381141e-02,1.797046133597e-01,8.355169755163e-01,0.780447220
14.0,472.0,1.314110122105e-02,1.839754170947e-01,8.319562554771e-01,0.798995085
14.0,474.0,1.344715778091e-02,1.882602089327e-01,8.283991223338e-01,0.817603699
14.0,476.0,1.378418667130e-02,1.929786133982e-01,8.244996071953e-01,0.838095469
14.0,478.0,1.413216191905e-02,1.978502668667e-01,8.204926988832e-01,0.859252791
14.0,480.0,1.446105836676e-02,2.024548171346e-01,8.167233836671e-01,0.879250099
14.0,482.0,1.482085164323e-02,2.074919230052e-01,8.126198052725e-01,0.901125972
14.0,484.0,1.518151813511e-02,2.125412538915e-01,8.085269607499e-01,0.923054937
14.0,486.0,1.556303495983e-02,2.178824894376e-01,8.042199404516e-01,0.946251629
14.0,488.0,1.607537993942e-02,2.250553191519e-01,7.984720467412e-01,0.977402832
14.0,490.0,1.672853157561e-02,2.341994420585e-01,7.912040008040e-01,1.017115254
14.0,492.0,1.754246902578e-02,2.455945663609e-01,7.822393067721e-01,1.066603650
14.0,494.0,1.853717207993e-02,2.595204091190e-01,7.714214638009e-01,1.127082816
14.0,496.0,1.976262113856e-02,2.766766959398e-01,7.582996188295e-01,1.201591623
14.0,498.0,2.124879719143e-02,2.974831606800e-01,7.426850894273e-01,1.291952951
14.0,500.0,2.268568179718e-02,3.175995451605e-01,7.278942188209e-01,1.379317299
14.0,502.0,2.434325706370e-02,3.408055988918e-01,7.111971522831e-01,1.480099910
14.0,504.0,2.613150562929e-02,3.658410788101e-01,6.936130222581e-01,1.588827618
14.0,506.0,2.854041064458e-02,3.995657490241e-01,6.706111963814e-01,1.735292000
14.0,508.0,3.153995575512e-02,4.415593805717e-01,6.430329058351e-01,1.917668024
14.0,510.0,3.480012508463e-02,4.872017511848e-01,6.143430759974e-01,2.115890321
14.0,512.0,3.746090321893e-02,5.244526450650e-01,5.918792437452e-01,2.277668898
14.0,514.0,3.912227519045e-02,5.477118526663e-01,5.782714680479e-01,2.378682353
14.0,516.0,3.992422646334e-02,5.589391704868e-01,5.718153408034e-01,2.427441975
14.0,518.0,4.046674291916e-02,5.665344008682e-01,5.674887231824e-01,2.460427641
14.0,520.0,4.082981084306e-02,5.716173518028e-01,5.646115243714e-01,2.482502616
14.0,522.0,4.125341691052e-02,5.775478367473e-01,5.612730135057e-01,2.508258385
14.0,524.0,4.177754817459e-02,5.848856744443e-01,5.571695568903e-01,2.540126210
14.0,526.0,4.246219205357e-02,5.944706887500e-01,5.518545914184e-01,2.581753398
14.0,528.0,4.317733631914e-02,6.044827084680e-01,5.463569793912e-01,2.625235047
14.0,530.0,4.395296908500e-02,6.153415671900e-01,5.404562616521e-01,2.672394471
14.0,532.0,4.480907879581e-02,6.273271031413e-01,5.340172681734e-01,2.724446992
14.0,534.0,4.584565421664e-02,6.418391590330e-01,5.263235406568e-01,2.787472050
14.0,536.0,4.687268442274e-02,6.562175819184e-01,5.188099842057e-01,2.849916748
14.0,538.0,4.789015878967e-02,6.704622230554e-01,5.114721089391e-01,2.911780438
14.0,540.0,4.895806698389e-02,6.854129377745e-01,5.038821146495e-01,2.976710567
14.0,542.0,5.021639895350e-02,7.030295853490e-01,4.950831328570e-01,3.053218695
14.0,544.0,5.177514491951e-02,7.248520288731e-01,4.843962403101e-01,3.147992363
14.0,546.0,5.359429536727e-02,7.503201351418e-01,4.722153558107e-01,3.258598944
14.0,548.0,5.558384103828e-02,7.781737745359e-01,4.592439289163e-01,3.379565762
14.0,550.0,5.760377292229e-02,8.064528209121e-01,4.464388594734e-01,3.502380100
16.0,350.0,9.889596205244e-03,1.582335392839e-01,8.536503977848e-01,0.687199530
16.0,352.0,9.716301458359e-03,1.554608233337e-01,8.560206123059e-01,0.675157777
16.0,354.0,9.530050616577e-03,1.524808098652e-01,8.585753699754e-01,0.662215743
16.0,356.0,9.330572014292e-03,1.492891522287e-01,8.613200262832e-01,0.648354550
16.0,358.0,9.137606428434e-03,1.462017028549e-01,8.639834176863e-01,0.634945928
16.0,360.0,9.010906417364e-03,1.441745026778e-01,8.657366615114e-01,0.626141909
16.0,362.0,8.910235699738e-03,1.425637711958e-01,8.671322544682e-01,0.619146591
16.0,364.0,8.775368570623e-03,1.404058971300e-01,8.690054369909e-01,0.609775064
16.0,366.0,8.606089352376e-03,1.376974296380e-01,8.713623002703e-01,0.598012339
16.0,368.0,8.442191877956e-03,1.350750700473e-01,8.736503242551e-01,0.586623576
16.0,370.0,8.293479004540e-03,1.326956640726e-01,8.757315681365e-01,0.576289947
16.0,372.0,8.159762155435e-03,1.305561944870e-01,8.776071748781e-01,0.566998348
16.0,374.0,8.020860888458e-03,1.283337742153e-01,8.795597557781e-01,0.557346500
16.0,376.0,7.906602489062e-03,1.265056398250e-01,8.811691798895e-01,0.549407013
16.0,378.0,7.796821586622e-03,1.247491453860e-01,8.827183087737e-01,0.541778655
16.0,380.0,7.711359792400e-03,1.233817566784e-01,8.839261534295e-01,0.535840161
16.0,382.0,7.610065357832e-03,1.217610457253e-01,8.853599037616e-01,0.528801503
16.0,384.0,7.512792851830e-03,1.202046856293e-01,8.867389154275e-01,0.522042317
16.0,386.0,7.419402855952e-03,1.187104456952e-01,8.880649065537e-01,0.515552915
16.0,388.0,7.359761676293e-03,1.177561868207e-01,8.889127548410e-01,0.511408621
16.0,390.0,7.313741071094e-03,1.170198571375e-01,8.895675287233e-01,0.508210782
16.0,392.0,7.241217993107e-03,1.158594878897e-01,8.906003546413e-01,0.503171363
16.0,394.0,7.222074345802e-03,1.155531895328e-01,8.908731858483e-01,0.501841126
16.0,396.0,7.216196752604e-03,1.154591480417e-01,8.909569688306e-01,0.501432709
16.0,398.0,7.223476338366e-03,1.155756214139e-01,8.908532021111e-01,0.501938546
16.0,400.0,7.253808522356e-03,1.160609363577e-01,8.904209626340e-01,0.504046242
16.0,402.0,7.297092822081e-03,1.167534851533e-01,8.898045161530e-01,0.507053943
16.0,404.0,7.303232667298e-03,1.168517226768e-01,8.897171082544e-01,0.507480584
16.0,406.0,7.292135223641e-03,1.166741635783e-01,8.898750996481e-01,0.506709454
16.0,408.0,7.213711225286e-03,1.154193796046e-01,8.909924015013e-01,0.501259997
16.0,410.0,7.187874816150e-03,1.150059970584e-01,8.913607983480e-01,0.499464699
16.0,412.0,7.144543399123e-03,1.143126943860e-01,8.919789954457e-01,0.496453724
16.0,414.0,7.143637492892e-03,1.142981998863e-01,8.919919243287e-01,0.496390775
16.0,416.0,7.135080595916e-03,1.141612895347e-01,8.921140556170e-01,0.495796181
16.0,418.0,7.168799057154e-03,1.147007849145e-01,8.916328940097e-01,0.498139180
16.0,420.0,7.204721953181e-03,1.152755512509e-01,8.911205606878e-01,0.500635358
16.0,422.0,7.222780971318e-03,1.155644955411e-01,8.908631136856e-01,0.501890227
16.0,424.0,7.232910298468e-03,1.157265647755e-01,8.907187438821e-01,0.502594085
16.0,426.0,7.285046515327e-03,1.165607442452e-01,8.899760344122e-01,0.506216880
16.0,428.0,7.349128495696e-03,1.175860559311e-01,8.890639992240e-01,0.510669752
16.0,430.0,7.455097310597e-03,1.192815569696e-01,8.875578674749e-01,0.518033220
16.0,432.0,7.572896136960e-03,1.211663381914e-01,8.858865905634e-01,0.526218721
16.0,434.0,7.722470170618e-03,1.235595227299e-01,8.837690353329e-01,0.536612189
16.0,436.0,7.903766543389e-03,1.264602646942e-01,8.812091639634e-01,0.549209951
16.0,438.0,8.216734244034e-03,1.314677479045e-01,8.768075535627e-01,0.570957175
16.0,440.0,8.571324042880e-03,1.371411846861e-01,8.718471259796e-01,0.595596598
16.0,442.0,9.027488419921e-03,1.444398147187e-01,8.655070016179e-01,0.627294145
16.0,444.0,9.485181496220e-03,1.517629039395e-01,8.591919676242e-01,0.659097917
16.0,446.0,1.007435896844e-02,1.611897434950e-01,8.511305592977e-01,0.700038161
16.0,448.0,1.061497804633e-02,1.698396487413e-01,8.438001101586e-01,0.737604223
16.0,450.0,1.112699739305e-02,1.780319582888e-01,8.369156766685e-01,0.773182971
16.0,452.0,1.141037706817e-02,1.825660330907e-01,8.331296279876e-01,0.792874208
16.0,454.0,1.156507847319e-02,1.850412555710e-01,8.310699968776e-01,0.803623962
16.0,456.0,1.165106429946e-02,1.864170287914e-01,8.299274191758e-01,0.809598869
16.0,458.0,1.175829847849e-02,1.881327756558e-01,8.285046946751e-01,0.817050263
16.0,460.0,1.186674613428e-02,1.898679381485e-01,8.270683509093e-01,0.824585978
16.0,462.0,1.205637353789e-02,1.929019766062e-01,8.245627966215e-01,0.837762640
16.0,464.0,1.222714806386e-02,1.956343690218e-01,8.223128427681e-01,0.849629269
16.0,466.0,1.241903814858e-02,1.987046103773e-01,8.197920156252e-01,0.862963158
16.0,468.0,1.257201325038e-02,2.011522120061e-01,8.177879449363e-01,0.873592957
16.0,470.0,1.283604381141e-02,2.053767009826e-01,8.143404957603e-01,0.891939679
16.0,472.0,1.314110122105e-02,2.102576195368e-01,8.103754505283e-01,0.913137239
16.0,474.0,1.344715778091e-02,2.151545244946e-01,8.064168193977e-01,0.934404227
16.0,476.0,1.378418667130e-02,2.205469867408e-01,8.020799508535e-01,0.957823393
16.0,478.0,1.413216191905e-02,2.261145907048e-01,7.976266958234e-01,0.982003190
16.0,480.0,1.446105836676e-02,2.313769338682e-01,7.934403351278e-01,1.004857256
16.0,482.0,1.482085164323e-02,2.371336262917e-01,7.888858650814e-01,1.029858254
16.0,484.0,1.518151813511e-02,2.429042901618e-01,7.843465798635e-01,1.054919928
16.0,486.0,1.556303495983e-02,2.490085593573e-01,7.795733007097e-01,1.081430433
16.0,488.0,1.607537993942e-02,2.572060790307e-01,7.732088552144e-01,1.117031808
16.0,490.0,1.672853157561e-02,2.676565052098e-01,7.651705680711e-01,1.162417433
16.0,492.0,1.754246902578e-02,2.806795044125e-01,7.552703575116e-01,1.218975599
16.0,494.0,1.853717207993e-02,2.965947532789e-01,7.433451895330e-01,1.288094647
16.0,496.0,1.976262113856e-02,3.162019382170e-01,7.289122400664e-01,1.373247569
16.0,498.0,2.124879719143e-02,3.399807550629e-01,7.117840208695e-01,1.476517659
16.0,500.0,2.268568179718e-02,3.629709087549e-01,6.956066692689e-01,1.576362628
16.0,502.0,2.434325706370e-02,3.894921130192e-01,6.774008302079e-01,1.691542754
16.0,504.0,2.613150562929e-02,4.181040900686e-01,6.582937030217e-01,1.815802992
16.0,506.0,2.854041064458e-02,4.566465703133e-01,6.334041643427e-01,1.983190857
16.0,508.0,3.153995575512e-02,5.046392920819e-01,6.037233039325e-01,2.191620599
16.0,510.0,3.480012508463e-02,5.568020013541e-01,5.730387137111e-01,2.418160367
16.0,512.0,3.746090321893e-02,5.993744515029e-01,5.491550517886e-01,2.603050169
16.0,514.0,3.912227519045e-02,6.259564030472e-01,5.347497475833e-01,2.718494118
16.0,516.0,3.992422646334e-02,6.387876234134e-01,5.279320887111e-01,2.774219400
16.0,518.0,4.046674291916e-02,6.474678867066e-01,5.233693307993e-01,2.811917304
16.0,520.0,4.082981084306e-02,6.532769734890e-01,5.203378465400e-01,2.837145847
16.0,522.0,4.125341691052e-02,6.600546705683e-01,5.168230787079e-01,2.866581012
16.0,524.0,4.177754817459e-02,6.684407707934e-01,5.125070711015e-01,2.903001382
16.0,526.0,4.246219205357e-02,6.793950728571e-01,5.069235514489e-01,2.950575312
16.0,528.0,4.317733631914e-02,6.908373811062e-01,5.011562345478e-01,3.000268625
16.0,530.0,4.395296908500e-02,7.032475053600e-01,4.949752560899e-01,3.054165110
16.0,532.0,4.480907879581e-02,7.169452607330e-01,4.882414305516e-01,3.113653706
16.0,534.0,4.584565421664e-02,7.335304674662e-01,4.802106258529e-01,3.185682343
16.0,536.0,4.687268442274e-02,7.499629507638e-01,4.723840538852e-01,3.257047711
16.0,538.0,4.789015878967e-02,7.662425406347e-01,4.647560937238e-01,3.327749072
16.0,540.0,4.895806698389e-02,7.833290717422e-01,4.568824821825e-01,3.401954934
16.0,542.0,5.021639895350e-02,8.034623832560e-01,4.477759052295e-01,3.489392795
16.0,544.0,5.177514491951e-02,8.284023187122e-01,4.367465109299e-01,3.597705558
16.0,546.0,5.359429536727e-02,8.575087258763e-01,4.242176093212e-01,3.724113078
16.0,548.0,5.558384103828e-02,8.893414566125e-01,4.109262764489e-01,3.862360871
16.0,550.0,5.760377292229e-02,9.216603667566e-01,3.978579023351e-01,4.002720115
18.0,350.0,9.889596205244e-03,1.780127316944e-01,8.369317678614e-01,0.773099471
18.0,352.0,9.716301458359e-03,1.748934262505e-01,8.395464896189e-01,0.759552499
18.0,354.0,9.530050616577e-03,1.715409110984e-01,8.423658052047e-01,0.744992711
18.0,356.0,9.330572014292e-03,1.679502962573e-01,8.453958529784e-01,0.729398869
18.0,358.0,9.137606428434e-03,1.644769157118e-01,8.483373399819e-01,0.714314169
18.0,360.0,9.010906417364e-03,1.621963155126e-01,8.502742661261e-01,0.704409648
18.0,362.0,8.910235699738e-03,1.603842425953e-01,8.518164219234e-01,0.696539915
18.0,364.0,8.775368570623e-03,1.579566342712e-01,8.538868105894e-01,0.685996946
18.0,366.0,8.606089352376e-03,1.549096083428e-01,8.564925937696e-01,0.672763881
18.0,368.0,8.442191877956e-03,1.519594538032e-01,8.590231101551e-01,0.659951523
18.0,370.0,8.293479004540e-03,1.492826220817e-01,8.613256508479e-01,0.648326190
18.0,372.0,8.159762155435e-03,1.468757187978e-01,8.634012752971e-01,0.637873142
18.0,374.0,8.020860888458e-03,1.443754959922e-01,8.655626717163e-01,0.627014812
18.0,376.0,7.906602489062e-03,1.423188448031e-01,8.673446640546e-01,0.618082890
18.0,378.0,7.796821586622e-03,1.403427885592e-01,8.690602804126e-01,0.609500986
18.0,380.0,7.711359792400e-03,1.388044762632e-01,8.703981953295e-01,0.602820181
18.0,382.0,7.610065357832e-03,1.369811764410e-01,8.719866398696e-01,0.594901691
18.0,384.0,7.512792851830e-03,1.352302713329e-01,8.735147431230e-01,0.587297606
18.0,386.0,7.419402855952e-03,1.335492514071e-01,8.749843737047e-01,0.579997029
18.0,388.0,7.359761676293e-03,1.324757101733e-01,8.759242098951e-01,0.575334699
18.0,390.0,7.313741071094e-03,1.316473392797e-01,8.766501006274e-01,0.571737130
18.0,392.0,7.241217993107e-03,1.303419238759e-01,8.777952404515e-01,0.566067783
18.0,394.0,7.222074345802e-03,1.299973382244e-01,8.780977682166e-01,0.564571267
18.0,396.0,7.216196752604e-03,1.298915415469e-01,8.781906729575e-01,0.564111797
18.0,398.0,7.223476338366e-03,1.300225740906e-01,8.780756089385e-01,0.564680865
18.0,400.0,7.253808522356e-03,1.305685534024e-01,8.775963286723e-01,0.567052023
18.0,402.0,7.297092822081e-03,1.313476707975e-01,8.769128443986e-01,0.570435686
18.0,404.0,7.303232667298e-03,1.314581880114e-01,8.768159357893e-01,0.570915657
18.0,406.0,7.292135223641e-03,1.312584340255e-01,8.769911007617e-01,0.570048136
18.0,408.0,7.213711225286e-03,1.298468020551e-01,8.782299636408e-01,0.563917496
18.0,410.0,7.187874816150e-03,1.293817466907e-01,8.786384841815e-01,0.561897786
18.0,412.0,7.144543399123e-03,1.286017811842e-01,8.793240592196e-01,0.558510439
18.0,414.0,7.143637492892e-03,1.285854748721e-01,8.793383978691e-01,0.558439622
18.0,416.0,7.135080595916e-03,1.284314507265e-01,8.794738476455e-01,0.557770704
18.0,418.0,7.168799057154e-03,1.290383830288e-01,8.789402285100e-01,0.560406577
18.0,420.0,7.204721953181e-03,1.296849951573e-01,8.783720788041e-01,0.563214778
18.0,422.0,7.222780971318e-03,1.300100574837e-01,8.780865995345e-01,0.564626506
18.0,424.0,7.232910298468e-03,1.301923853724e-01,8.779265144531e-01,0.565418346
18.0,426.0,7.285046515327e-03,1.311308372759e-01,8.771030091150e-01,0.569493990
18.0,428.0,7.349128495696e-03,1.322843129225e-01,8.760918754256e-01,0.574503471
18.0,430.0,7.455097310597e-03,1.341917515907e-01,8.744223766449e-01,0.582787372
18.0,432.0,7.572896136960e-03,1.363121304653e-01,8.725702342258e-01,0.591996061
18.0,434.0,7.722470170618e-03,1.390044630711e-01,8.702241445773e-01,0.603688713
18.0,436.0,7.903766543389e-03,1.422677977810e-01,8.673889405469e-01,0.617861195
18.0,438.0,8.216734244034e-03,1.479012163926e-01,8.625163132067e-01,0.642326821
18.0,440.0,8.571324042880e-03,1.542838327718e-01,8.570287336456e-01,0.670046172
18.0,442.0,9.027488419921e-03,1.624947915586e-01,8.500205174959e-01,0.705705913
18.0,444.0,9.485181496220e-03,1.707332669320e-01,8.430464118403e-01,0.741485157
18.0,446.0,1.007435896844e-02,1.813384614319e-01,8.341529822989e-01,0.787542932
18.0,448.0,1.061497804633e-02,1.910696048339e-01,8.260750873308e-01,0.829804750
18.0,450.0,1.112699739305e-02,2.002859530749e-01,8.184966679719e-01,0.869830842
18.0,452.0,1.141037706817e-02,2.053867872271e-01,8.143322821644e-01,0.891983483
18.0,454.0,1.156507847319e-02,2.081714125174e-01,8.120678261907e-01,0.904076957
18.0,456.0,1.165106429946e-02,2.097191573903e-01,8.108119245346e-01,0.910798728
18.0,458.0,1.175829847849e-02,2.116493726128e-01,8.092483924774e-01,0.919181546
18.0,460.0,1.186674613428e-02,2.136014304170e-01,8.076702336671e-01,0.927659226
18.0,462.0,1.205637353789e-02,2.170147236820e-01,8.049181178593e-01,0.942482970
18.0,464.0,1.222714806386e-02,2.200886651495e-01,8.024476456677e-01,0.955832928
18.0,466.0,1.241903814858e-02,2.235426866744e-01,7.996807554270e-01,0.970833553
18.0,468.0,1.257201325038e-02,2.262962385068e-01,7.974818218457e-01,0.982792077
18.0,470.0,1.283604381141e-02,2.310487886054e-01,7.937007415383e-01,1.003432139
18.0,472.0,1.314110122105e-02,2.365398219789e-01,7.893544480199e-01,1.027279394
18.0,474.0,1.344715778091e-02,2.420488400564e-01,7.850178363002e-01,1.051204756
18.0,476.0,1.378418667130e-02,2.481153600834e-01,7.802699260822e-01,1.077551318
18.0,478.0,1.413216191905e-02,2.543789145429e-01,7.753979368203e-01,1.104753589
18.0,480.0,1.446105836676e-02,2.602990506017e-01,7.708210368375e-01,1.130464413
18.0,482.0,1.482085164323e-02,2.667753295781e-01,7.658451148832e-01,1.158590535
18.0,484.0,1.518151813511e-02,2.732673264320e-01,7.608893546023e-01,1.186784920
18.0,486.0,1.556303495983e-02,2.801346292769e-01,7.556819976861e-01,1.216609237
18.0,488.0,1.607537993942e-02,2.893568389096e-01,7.487449763857e-01,1.256660784
18.0,490.0,1.672853157561e-02,3.011135683610e-01,7.399937280996e-01,1.307719612
18.0,492.0,1.754246902578e-02,3.157644424640e-01,7.292312058437e-01,1.371347549
18.0,494.0,1.853717207993e-02,3.336690974387e-01,7.162907654648e-01,1.449106478
18.0,496.0,1.976262113856e-02,3.557271804941e-01,7.006637489000e-01,1.544903516
18.0,498.0,2.124879719143e-02,3.824783494457e-01,6.821686601462e-01,1.661082366
18.0,500.0,2.268568179718e-02,4.083422723492e-01,6.647513138862e-01,1.773407956
18.0,502.0,2.434325706370e-02,4.381786271466e-01,6.452105204489e-01,1.902985599
18.0,504.0,2.613150562929e-02,4.703671013272e-01,6.247728712291e-01,2.042778366
18.0,506.0,2.854041064458e-02,5.137273916024e-01,5.982614629335e-01,2.231089714
18.0,508.0,3.153995575512e-02,5.677192035922e-01,5.668167591484e-01,2.465573174
18.0,510.0,3.480012508463e-02,6.264022515233e-01,5.345113833643e-01,2.720430413
18.0,512.0,3.746090321893e-02,6.742962579407e-01,5.095148615056e-01,2.928431440
18.0,514.0,3.912227519045e-02,7.042009534281e-01,4.945035477987e-01,3.058305882
18.0,516.0,3.992422646334e-02,7.186360763401e-01,4.874166018339e-01,3.120996825
18.0,518.0,4.046674291916e-02,7.284013725449e-01,4.826799991466e-01,3.163406967
18.0,520.0,4.082981084306e-02,7.349365951751e-01,4.795358628984e-01,3.191789078
18.0,522.0,4.125341691052e-02,7.425615043894e-01,4.758933500415e-01,3.224903638
18.0,524.0,4.177754817459e-02,7.519958671426e-01,4.714247120662e-01,3.265876555
18.0,526.0,4.246219205357e-02,7.643194569643e-01,4.656507185219e-01,3.319397226
18.0,528.0,4.317733631914e-02,7.771920537445e-01,4.596949996062e-01,3.375302203
18.0,530.0,4.395296908500e-02,7.911534435300e-01,4.533216127284e-01,3.435935749
18.0,532.0,4.480907879581e-02,8.065634183246e-01,4.463894872210e-01,3.502860419
18.0,534.0,4.584565421664e-02,8.252217758995e-01,4.381378132817e-01,3.583892636
18.0,536.0,4.687268442274e-02,8.437083196093e-01,4.301125675263e-01,3.664178675
18.0,538.0,4.789015878967e-02,8.620228582141e-01,4.223069506203e-01,3.743717706
18.0,540.0,4.895806698389e-02,8.812452057100e-01,4.142667430663e-01,3.827199300
18.0,542.0,5.021639895350e-02,9.038951811630e-01,4.049890775859e-01,3.925566894
18.0,544.0,5.177514491951e-02,9.319526085512e-01,3.937840530871e-01,4.047418753
18.0,546.0,5.359429536727e-02,9.646973166109e-01,3.810985344795e-01,4.189627213
18.0,548.0,5.558384103828e-02,1.000509138689e+00,3.676921871882e-01,4.345155980
18.0,550.0,5.760377292229e-02,1.036867912601e+00,3.545634684158e-01,4.503060129
20.0,350.0,9.889596205244e-03,1.977919241049e-01,8.205405700898e-01,0.858999412
20.0,352.0,9.716301458359e-03,1.943260291672e-01,8.233894115386e-01,0.843947222
20.0,354.0,9.530050616577e-03,1.906010123315e-01,8.264622706316e-01,0.827769679
20.0,356.0,9.330572014292e-03,1.866114402858e-01,8.297660874288e-01,0.810443188
20.0,358.0,9.137606428434e-03,1.827521285687e-01,8.329746007567e-01,0.793682410
20.0,360.0,9.010906417364e-03,1.802181283473e-01,8.350880351701e-01,0.782677387
20.0,362.0,8.910235699738e-03,1.782047139948e-01,8.367711071979e-01,0.773933239
20.0,364.0,8.775368570623e-03,1.755073714125e-01,8.390312123055e-01,0.762218829
20.0,366.0,8.606089352376e-03,1.721217870475e-01,8.418766372548e-01,0.747515423
20.0,368.0,8.442191877956e-03,1.688438375591e-01,8.446407942557e-01,0.733279470
20.0,370.0,8.293479004540e-03,1.658695800908e-01,8.471567130865e-01,0.720362433
20.0,372.0,8.159762155435e-03,1.631952431087e-01,8.494253277819e-01,0.708747936
20.0,374.0,8.020860888458e-03,1.604172177692e-01,8.517883335919e-01,0.696683125
20.0,376.0,7.906602489062e-03,1.581320497812e-01,8.537370387356e-01,0.686758766
20.0,378.0,7.796821586622e-03,1.559364317324e-01,8.556135785152e-01,0.677223318
20.0,380.0,7.711359792400e-03,1.542271958480e-01,8.570772744913e-01,0.669800201
20.0,382.0,7.610065357832e-03,1.522013071566e-01,8.588153776566e-01,0.661001878
20.0,384.0,7.512792851830e-03,1.502558570366e-01,8.604877864026e-01,0.652552896
20.0,386.0,7.419402855952e-03,1.483880571190e-01,8.620965073358e-01,0.644441144
20.0,388.0,7.359761676293e-03,1.471952335259e-01,8.631254499409e-01,0.639260777
20.0,390.0,7.313741071094e-03,1.462748214219e-01,8.639202467665e-01,0.635263478
20.0,392.0,7.241217993107e-03,1.448243598621e-01,8.651742390891e-01,0.628964203
20.0,394.0,7.222074345802e-03,1.444414869160e-01,8.655055543207e-01,0.627301407
20.0,396.0,7.216196752604e-03,1.443239350521e-01,8.656073020920e-01,0.626790886
20.0,398.0,7.223476338366e-03,1.444695267673e-01,8.654812860139e-01,0.627423183
20.0,400.0,7.253808522356e-03,1.450761704471e-01,8.649564064852e-01,0.630057803
20.0,402.0,7.297092822081e-03,1.459418564416e-01,8.642079498493e-01,0.633817429
20.0,404.0,7.303232667298e-03,1.460646533460e-01,8.641018343038e-01,0.634350729
20.0,406.0,7.292135223641e-03,1.458427044728e-01,8.642936420171e-01,0.633386818
20.0,408.0,7.213711225286e-03,1.442742245057e-01,8.656503329735e-01,0.626574996
20.0,410.0,7.187874816150e-03,1.437574963230e-01,8.660977544846e-01,0.624330874
20.0,412.0,7.144543399123e-03,1.428908679825e-01,8.668486646774e-01,0.620567155
20.0,414.0,7.143637492892e-03,1.428727498578e-01,8.668643704918e-01,0.620488469
20.0,416.0,7.135080595916e-03,1.427016119183e-01,8.670127365692e-01,0.619745226
20.0,418.0,7.168799057154e-03,1.433759811431e-01,8.664282469652e-01,0.622673974
20.0,420.0,7.204721953181e-03,1.440944390636e-01,8.658059782923e-01,0.625794198
20.0,422.0,7.222780971318e-03,1.444556194264e-01,8.654933226409e-01,0.627362784
20.0,424.0,7.232910298468e-03,1.446582059694e-01,8.653180031000e-01,0.628242606
20.0,426.0,7.285046515327e-03,1.457009303065e-01,8.644161852142e-01,0.632771100
20.0,428.0,7.349128495696e-03,1.469825699139e-01,8.633090248358e-01,0.638337190
20.0,430.0,7.455097310597e-03,1.491019462119e-01,8.614812856684e-01,0.647541525
20.0,432.0,7.572896136960e-03,1.514579227392e-01,8.594540449841e-01,0.657773401
20.0,434.0,7.722470170618e-03,1.544494034124e-01,8.568868465957e-01,0.670765236
20.0,436.0,7.903766543389e-03,1.580753308678e-01,8.537854631461e-01,0.686512439
20.0,438.0,8.216734244034e-03,1.643346848807e-01,8.484580082881e-01,0.713696468
20.0,440.0,8.571324042880e-03,1.714264808576e-01,8.424622028420e-01,0.744495747
20.0,442.0,9.027488419921e-03,1.805497683984e-01,8.348111324500e-01,0.784117681
20.0,444.0,9.485181496220e-03,1.897036299244e-01,8.272042562061e-01,0.823872397
20.0,446.0,1.007435896844e-02,2.014871793688e-01,8.175140585392e-01,0.875047702
20.0,448.0,1.061497804633e-02,2.122995609266e-01,8.087223996454e-01,0.922005278
20.0,450.0,1.112699739305e-02,2.225399478610e-01,8.004830285267e-01,0.966478714
20.0,452.0,1.141037706817e-02,2.282075413634e-01,7.959590482658e-01,0.991092759
20.0,454.0,1.156507847319e-02,2.313015694638e-01,7.935001345394e-01,1.004529953
20.0,456.0,1.165106429946e-02,2.330212859892e-01,7.921367119314e-01,1.011998587
20.0,458.0,1.175829847849e-02,2.351659695698e-01,7.904396498128e-01,1.021312829
20.0,460.0,1.186674613428e-02,2.373349226856e-01,7.887270811834e-01,1.030732473
20.0,462.0,1.205637353789e-02,2.411274707578e-01,7.857414609449e-01,1.047203300
20.0,464.0,1.222714806386e-02,2.445429612772e-01,7.830623462842e-01,1.062036587
20.0,466.0,1.241903814858e-02,2.483807629716e-01,7.800628676684e-01,1.078703948
20.0,468.0,1.257201325038e-02,2.514402650076e-01,7.776799109259e-01,1.091991196
20.0,470.0,1.283604381141e-02,2.567208762282e-01,7.735841093477e-01,1.114924599
20.0,472.0,1.314110122105e-02,2.628220244210e-01,7.688787267712e-01,1.141421549
20.0,474.0,1.344715778091e-02,2.689431556182e-01,7.641866941338e-01,1.168005284
20.0,476.0,1.378418667130e-02,2.756837334260e-01,7.590529558811e-01,1.197279242
20.0,478.0,1.413216191905e-02,2.826432383810e-01,7.537886627585e-01,1.227503988
20.0,480.0,1.446105836676e-02,2.892211673352e-01,7.488465666868e-01,1.256071570
20.0,482.0,1.482085164323e-02,2.964170328646e-01,7.434773088878e-01,1.287322817
20.0,484.0,1.518151813511e-02,3.036303627022e-01,7.381336577612e-01,1.318649911
20.0,486.0,1.556303495983e-02,3.112606991966e-01,7.325228828475e-01,1.351788041
20.0,488.0,1.607537993942e-02,3.215075987884e-01,7.250551204661e-01,1.396289760
20.0,490.0,1.672853157561e-02,3.345706315122e-01,7.156452959333e-01,1.453021791
20.0,492.0,1.754246902578e-02,3.508493805156e-01,7.040897955114e-01,1.523719499
20.0,494.0,1.853717207993e-02,3.707434415986e-01,6.902210008414e-01,1.610118309
20.0,496.0,1.976262113856e-02,3.952524227712e-01,6.735100085272e-01,1.716559462
20.0,498.0,2.124879719143e-02,4.249759438286e-01,6.537855125170e-01,1.845647073
20.0,500.0,2.268568179718e-02,4.537136359436e-01,6.352646241558e-01,1.970453285
20.0,502.0,2.434325706370e-02,4.868651412740e-01,6.145499047737e-01,2.114428443
20.0,504.0,2.613150562929e-02,5.226301125858e-01,5.929589464885e-01,2.269753740
20.0,506.0,2.854041064458e-02,5.708082128916e-01,5.650685584026e-01,2.478988571
20.0,508.0,3.153995575512e-02,6.307991151024e-01,5.321663688626e-01,2.739525749
20.0,510.0,3.480012508463e-02,6.960025016926e-01,4.985743757098e-01,3.022700459
20.0,512.0,3.746090321893e-02,7.492180643786e-01,4.727360574206e-01,3.253812711
20.0,514.0,3.912227519045e-02,7.824455038090e-01,4.572863472878e-01,3.398117647
20.0,516.0,3.992422646334e-02,7.984845292668e-01,4.500104252487e-01,3.467774249
20.0,518.0,4.046674291916e-02,8.093348583832e-01,4.451540582638e-01,3.514896630
20.0,520.0,4.082981084306e-02,8.165962168612e-01,4.419333426059e-01,3.546432309
20.0,522.0,4.125341691052e-02,8.250683382104e-01,4.382050452931e-01,3.583226265
20.0,524.0,4.177754817459e-02,8.355509634918e-01,4.336354982752e-01,3.628751728
20.0,526.0,4.246219205357e-02,8.492438410714e-01,4.277382477894e-01,3.688219140
20.0,528.0,4.317733631914e-02,8.635467263828e-01,4.216639005870e-01,3.750335781
20.0,530.0,4.395296908500e-02,8.790593817000e-01,4.151732476286e-01,3.817706387
20.0,532.0,4.480907879581e-02,8.961815759162e-01,4.081250828638e-01,3.892067132
20.0,534.0,4.584565421664e-02,9.169130843328e-01,3.997511364650e-01,3.982102929
20.0,536.0,4.687268442274e-02,9.374536884548e-01,3.916237629584e-01,4.071309639
20.0,538.0,4.789015878967e-02,9.578031757934e-01,3.837349589400e-01,4.159686340
20.0,540.0,4.895806698389e-02,9.791613396778e-01,3.756259894031e-01,4.252443667
20.0,542.0,5.021639895350e-02,1.004327979070e+00,3.662907071335e-01,4.361740993
20.0,544.0,5.177514491951e-02,1.035502898390e+00,3.550477830619e-01,4.497131948
20.0,546.0,5.359429536727e-02,1.071885907345e+00,3.423622447329e-01,4.655141348
20.0,548.0,5.558384103828e-02,1.111676820766e+00,3.290068128220e-01,4.827951089
20.0,550.0,5.760377292229e-02,1.152075458446e+00,3.159802844111e-01,5.003400143
22.0,350.0,9.889596205244e-03,2.175711165154e-01,8.044703917545e-01,0.944899353
22.0,352.0,9.716301458359e-03,2.137586320839e-01,8.075432765393e-01,0.928341944
22.0,354.0,9.530050616577e-03,2.096611135647e-01,8.108589885265e-01,0.910546647
22.0,356.0,9.330572014292e-03,2.052725843144e-01,8.144252865935e-01,0.891487507
22.0,358.0,9.137606428434e-03,2.010273414255e-01,8.178900689677e-01,0.873050651
22.0,360.0,9.010906417364e-03,1.982399411820e-01,8.201730362388e-01,0.860945125
22.0,362.0,8.910235699738e-03,1.960251853942e-01,8.219915322367e-01,0.851326563
22.0,364.0,8.775368570623e-03,1.930581085537e-01,8.244340660760e-01,0.838440712
22.0,366.0,8.606089352376e-03,1.893339657523e-01,8.275101005090e-01,0.822266966
22.0,368.0,8.442191877956e-03,1.857282213150e-01,8.304992763140e-01,0.806607417
22.0,370.0,8.293479004540e-03,1.824565380999e-01,8.332208565030e-01,0.792398677
22.0,372.0,8.159762155435e-03,1.795147674196e-01,8.356756100797e-01,0.779622729
22.0,374.0,8.020860888458e-03,1.764589395461e-01,8.382331966841e-01,0.766351437
22.0,376.0,7.906602489062e-03,1.739452547594e-01,8.403429011735e-01,0.755434643
22.0,378.0,7.796821586622e-03,1.715300749057e-01,8.423749332924e-01,0.744945650
22.0,380.0,7.711359792400e-03,1.696499154328e-01,8.439602223340e-01,0.736780221
22.0,382.0,7.610065357832e-03,1.674214378723e-01,8.458430659096e-01,0.727102066
22.0,384.0,7.512792851830e-03,1.652814427403e-01,8.476551041381e-01,0.717808185
22.0,386.0,7.419402855952e-03,1.632268628309e-01,8.493984696136e-01,0.708885258
22.0,388.0,7.359761676293e-03,1.619147568784e-01,8.505137018931e-01,0.703186855
22.0,390.0,7.313741071094e-03,1.609023035641e-01,8.513752433712e-01,0.698789826
22.0,392.0,7.241217993107e-03,1.593067958484e-01,8.527347033670e-01,0.691860624
22.0,394.0,7.222074345802e-03,1.588856356076e-01,8.530939169579e-01,0.690031548
22.0,396.0,7.216196752604e-03,1.587563285573e-01,8.532042351483e-01,0.689469975
22.0,398.0,7.223476338366e-03,1.589164794441e-01,8.530676046745e-01,0.690165501
22.0,400.0,7.253808522356e-03,1.595837874918e-01,8.524985356898e-01,0.693063583
22.0,402.0,7.297092822081e-03,1.605360420858e-01,8.516871264383e-01,0.697199172
22.0,404.0,7.303232667298e-03,1.606711186806e-01,8.515720912109e-01,0.697785802
22.0,406.0,7.292135223641e-03,1.604269749201e-01,8.517800226051e-01,0.696725500
22.0,408.0,7.213711225286e-03,1.587016469563e-01,8.532508909974e-01,0.689232495
22.0,410.0,7.187874816150e-03,1.581332459553e-01,8.537360175181e-01,0.686763961
22.0,412.0,7.144543399123e-03,1.571799547807e-01,8.545502645746e-01,0.682623870
22.0,414.0,7.143637492892e-03,1.571600248436e-01,8.545672958774e-01,0.682537316
22.0,416.0,7.135080595916e-03,1.569717731102e-01,8.547281847955e-01,0.681719749
22.0,418.0,7.168799057154e-03,1.577135792574e-01,8.540943772840e-01,0.684941372
22.0,420.0,7.204721953181e-03,1.585038829700e-01,8.534196499816e-01,0.688373617
22.0,422.0,7.222780971318e-03,1.589011813690e-01,8.530806550665e-01,0.690099062
22.0,424.0,7.232910298468e-03,1.591240265663e-01,8.528905713200e-01,0.691066867
22.0,426.0,7.285046515327e-03,1.602710233372e-01,8.519128694065e-01,0.696048210
22.0,428.0,7.349128495696e-03,1.616808269053e-01,8.507126858138e-01,0.702170910
22.0,430.0,7.455097310597e-03,1.640121408331e-01,8.487317175075e-01,0.712295677
22.0,432.0,7.572896136960e-03,1.666037150131e-01,8.465350139922e-01,0.723550741
22.0,434.0,7.722470170618e-03,1.698943437536e-01,8.437539597633e-01,0.737841760
22.0,436.0,7.903766543389e-03,1.738828639546e-01,8.403953324790e-01,0.755163683
22.0,438.0,8.216734244034e-03,1.807681533687e-01,8.346288421511e-01,0.785066115
22.0,440.0,8.571324042880e-03,1.885691289434e-01,8.281432527918e-01,0.818945322
22.0,442.0,9.027488419921e-03,1.986047452383e-01,8.198738883568e-01,0.862529449
22.0,444.0,9.485181496220e-03,2.086739929168e-01,8.116597993600e-01,0.906259636
22.0,446.0,1.007435896844e-02,2.216358973057e-01,8.012070328722e-01,0.962552472
22.0,448.0,1.061497804633e-02,2.335295170193e-01,7.917342257610e-01,1.014205806
22.0,450.0,1.112699739305e-02,2.447939426471e-01,7.828658368849e-01,1.063126585
22.0,452.0,1.141037706817e-02,2.510282954997e-01,7.780003573386e-01,1.090202035
22.0,454.0,1.156507847319e-02,2.544317264102e-01,7.753569876887e-01,1.104982948
22.0,456.0,1.165106429946e-02,2.563234145881e-01,7.738916404684e-01,1.113198445
22.0,458.0,1.175829847849e-02,2.586825665268e-01,7.720680643967e-01,1.123444112
22.0,460.0,1.186674613428e-02,2.610684149542e-01,7.702282226839e-01,1.133805720
22.0,462.0,1.205637353789e-02,2.652402178336e-01,7.670216755585e-01,1.151923630
22.0,464.0,1.222714806386e-02,2.689972574049e-01,7.641453513866e-01,1.168240245
22.0,466.0,1.241903814858e-02,2.732188392688e-01,7.609262488631e-01,1.186574342
22.0,468.0,1.257201325038e-02,2.765842915084e-01,7.583696923122e-01,1.201190316
22.0,470.0,1.283604381141e-02,2.823929638510e-01,7.539773404714e-01,1.226417059
22.0,472.0,1.314110122105e-02,2.891042268631e-01,7.489341422783e-01,1.255563704
22.0,474.0,1.344715778091e-02,2.958374711800e-01,7.439083247375e-01,1.284805813
22.0,476.0,1.378418667130e-02,3.032521067686e-01,7.384129140089e-01,1.317007166
22.0,478.0,1.413216191905e-02,3.109075622191e-01,7.327816094446e-01,1.350254387
22.0,480.0,1.446105836676e-02,3.181432840687e-01,7.274985419953e-01,1.381678727
22.0,482.0,1.482085164323e-02,3.260587361511e-01,7.217627926183e-01,1.416055099
22.0,484.0,1.518151813511e-02,3.339933989724e-01,7.160585089336e-01,1.450514902
22.0,486.0,1.556303495983e-02,3.423867691163e-01,7.100735170856e-01,1.486966845
22.0,488.0,1.607537993942e-02,3.536583586672e-01,7.021147978203e-01,1.535918736
22.0,490.0,1.672853157561e-02,3.680276946634e-01,6.920980140018e-01,1.598323970
22.0,492.0,1.754246902578e-02,3.859343185672e-01,6.798151754488e-01,1.676091449
22.0,494.0,1.853717207993e-02,4.078177857585e-01,6.651000584844e-01,1.771130140
22.0,496.0,1.976262113856e-02,4.347776650483e-01,6.474085926358e-01,1.888215408
22.0,498.0,2.124879719143e-02,4.674735382115e-01,6.265833090098e-01,2.030211781
22.0,500.0,2.268568179718e-02,4.990849995380e-01,6.070858895255e-01,2.167498613
22.0,502.0,2.434325706370e-02,5.355516554014e-01,5.853462916176e-01,2.325871287
22.0,504.0,2.613150562929e-02,5.748931238444e-01,5.627650117539e-01,2.496729114
22.0,506.0,2.854041064458e-02,6.278890341808e-01,5.337172715915e-01,2.726887428
22.0,508.0,3.153995575512e-02,6.938790266126e-01,4.996342108407e-01,3.013478324
22.0,510.0,3.480012508463e-02,7.656027518619e-01,4.650535345942e-01,3.324970505
22.0,512.0,3.746090321893e-02,8.241398708165e-01,4.386120933257e-01,3.579193982
22.0,514.0,3.912227519045e-02,8.606900541899e-01,4.228701782762e-01,3.737929412
22.0,516.0,3.992422646334e-02,8.783329821935e-01,4.154749388317e-01,3.814551674
22.0,518.0,4.046674291916e-02,8.902683442215e-01,4.105455704381e-01,3.866386293
22.0,520.0,4.082981084306e-02,8.982558385473e-01,4.072794016413e-01,3.901075540
22.0,522.0,4.125341691052e-02,9.075751720314e-01,4.035014603663e-01,3.941548891
22.0,524.0,4.177754817459e-02,9.191060598410e-01,3.988754525410e-01,3.991626901
22.0,526.0,4.246219205357e-02,9.341682251785e-01,3.929125444125e-01,4.057041054
22.0,528.0,4.317733631914e-02,9.499013990211e-01,3.867791583780e-01,4.125369359
22.0,530.0,4.395296908500e-02,9.669653198700e-01,3.802351811754e-01,4.199477026
22.0,532.0,4.480907879581e-02,9.857997335078e-01,3.731406944629e-01,4.281273845
22.0,534.0,4.584565421664e-02,1.008604392766e+00,3.647276410774e-01,4.380313222
22.0,536.0,4.687268442274e-02,1.031199057300e+00,3.565791453056e-01,4.478440603
22.0,538.0,4.789015878967e-02,1.053583493373e+00,3.486859936745e-01,4.575654974
22.0,540.0,4.895806698389e-02,1.077077473646e+00,3.405894542022e-01,4.677688034
22.0,542.0,5.021639895350e-02,1.104760776977e+00,3.312901249884e-01,4.797915093
22.0,544.0,5.177514491951e-02,1.139053188229e+00,3.201219736272e-01,4.946845142
22.0,546.0,5.359429536727e-02,1.179074498080e+00,3.075632573047e-01,5.120655483
22.0,548.0,5.558384103828e-02,1.222844502842e+00,2.943915771261e-01,5.310746198
22.0,550.0,5.760377292229e-02,1.267283004290e+00,2.815956775880e-01,5.503740158
24.0,350.0,9.889596205244e-03,2.373503089259e-01,7.887149457324e-01,1.030799294
24.0,352.0,9.716301458359e-03,2.331912350006e-01,7.920021005191e-01,1.012736666
24.0,354.0,9.530050616577e-03,2.287212147978e-01,7.955502902409e-01,0.993323615
24.0,356.0,9.330572014292e-03,2.239337283430e-01,7.993681080631e-01,0.972531825
24.0,358.0,9.137606428434e-03,2.193025542824e-01,8.030787064916e-01,0.952418892
24.0,360.0,9.010906417364e-03,2.162617540167e-01,8.055244250219e-01,0.939212864
24.0,362.0,8.910235699738e-03,2.138456567937e-01,8.074730033778e-01,0.928719887
24.0,364.0,8.775368570623e-03,2.106088456950e-01,8.100908754501e-01,0.914662595
24.0,366.0,8.606089352376e-03,2.065461444570e-01,8.133887272098e-01,0.897018508
24.0,368.0,8.442191877956e-03,2.026126050709e-01,8.165945247364e-01,0.879935363
24.0,370.0,8.293479004540e-03,1.990434961090e-01,8.195142468767e-01,0.864434920
24.0,372.0,8.159762155435e-03,1.958342917304e-01,8.221484601897e-01,0.850497523
24.0,374.0,8.020860888458e-03,1.925006613230e-01,8.248937726822e-01,0.836019750
24.0,376.0,7.906602489062e-03,1.897584597375e-01,8.271589019947e-01,0.824110520
24.0,378.0,7.796821586622e-03,1.871237180789e-01,8.293411255473e-01,0.812667982
24.0,380.0,7.711359792400e-03,1.850726350176e-01,8.310439187702e-01,0.803760241
24.0,382.0,7.610065357832e-03,1.826415685880e-01,8.330666995036e-01,0.793202254
24.0,384.0,7.512792851830e-03,1.803070284439e-01,8.350137990630e-01,0.783063475
24.0,386.0,7.419402855952e-03,1.780656685428e-01,8.368874645039e-01,0.773329373
24.0,388.0,7.359761676293e-03,1.766342802310e-01,8.380862331860e-01,0.767112932
24.0,390.0,7.313741071094e-03,1.755297857063e-01,8.390124062242e-01,0.762316173
24.0,392.0,7.241217993107e-03,1.737892318346e-01,8.404740241596e-01,0.754757044
24.0,394.0,7.222074345802e-03,1.733297842992e-01,8.408602666008e-01,0.752761689
24.0,396.0,7.216196752604e-03,1.731887220625e-01,8.409788885972e-01,0.752149063
24.0,398.0,7.223476338366e-03,1.733634321208e-01,8.408319739606e-01,0.752907819
24.0,400.0,7.253808522356e-03,1.740914045365e-01,8.402200942201e-01,0.756069363
24.0,402.0,7.297092822081e-03,1.751302277299e-01,8.393477073050e-01,0.760580915
24.0,404.0,7.303232667298e-03,1.752775840152e-01,8.392240332571e-01,0.761220875
24.0,406.0,7.292135223641e-03,1.750112453674e-01,8.394475808197e-01,0.760064181
24.0,408.0,7.213711225286e-03,1.731290694069e-01,8.410290567175e-01,0.751889995
24.0,410.0,7.187874816150e-03,1.725089955876e-01,8.415507185345e-01,0.749197049
24.0,412.0,7.144543399123e-03,1.714690415790e-01,8.424263478059e-01,0.744680586
24.0,414.0,7.143637492892e-03,1.714472998294e-01,8.424446638277e-01,0.744586163
24.0,416.0,7.135080595916e-03,1.712419343020e-01,8.426176906867e-01,0.743694271
24.0,418.0,7.168799057154e-03,1.720511773717e-01,8.419360839900e-01,0.747208769
24.0,420.0,7.204721953181e-03,1.729133268763e-01,8.412105220286e-01,0.750953037
24.0,422.0,7.222780971318e-03,1.733467433116e-01,8.408460065620e-01,0.752835341
24.0,424.0,7.232910298468e-03,1.735898471632e-01,8.406416185040e-01,0.753891127
24.0,426.0,7.285046515327e-03,1.748411163678e-01,8.395904073459e-01,0.759325320
24.0,428.0,7.349128495696e-03,1.763790838967e-01,8.383001370131e-01,0.766004629
24.0,430.0,7.455097310597e-03,1.789223354543e-01,8.361708377035e-01,0.777049830
24.0,432.0,7.572896136960e-03,1.817495072870e-01,8.338101776320e-01,0.789328081
24.0,434.0,7.722470170618e-03,1.853392840948e-01,8.308223512178e-01,0.804918284
24.0,436.0,7.903766543389e-03,1.896903970413e-01,8.272152025757e-01,0.823814927
24.0,438.0,8.216734244034e-03,1.972016218568e-01,8.210250800225e-01,0.856435762
24.0,440.0,8.571324042880e-03,2.057117770291e-01,8.140676754768e-01,0.893394896
24.0,442.0,9.027488419921e-03,2.166597220781e-01,8.052039158086e-01,0.940941217
24.0,444.0,9.485181496220e-03,2.276443559093e-01,7.964074470779e-01,0.988646876
24.0,446.0,1.007435896844e-02,2.417846152426e-01,7.852252848971e-01,1.050057242
24.0,448.0,1.061497804633e-02,2.547594731119e-01,7.751029086323e-01,1.106406334
24.0,450.0,1.112699739305e-02,2.670479374332e-01,7.656363679434e-01,1.159774456
24.0,452.0,1.141037706817e-02,2.738490496361e-01,7.604468563272e-01,1.189311311
24.0,454.0,1.156507847319e-02,2.775618833566e-01,7.576286785466e-01,1.205435943
24.0,456.0,1.165106429946e-02,2.796255431870e-01,7.560668028207e-01,1.214398304
24.0,458.0,1.175829847849e-02,2.821991634838e-01,7.541234757169e-01,1.225575395
24.0,460.0,1.186674613428e-02,2.848019072227e-01,7.521632376674e-01,1.236878967
24.0,462.0,1.205637353789e-02,2.893529649094e-01,7.487478770295e-01,1.256643960
24.0,464.0,1.222714806386e-02,2.934515535326e-01,7.456853478099e-01,1.274443904
24.0,466.0,1.241903814858e-02,2.980569155659e-01,7.422590924492e-01,1.294444737
24.0,468.0,1.257201325038e-02,3.017283180091e-01,7.395389570151e-01,1.310389435
24.0,470.0,1.283604381141e-02,3.080650514738e-01,7.348675122394e-01,1.337909519
24.0,472.0,1.314110122105e-02,3.153864293052e-01,7.295069169432e-01,1.369705859
24.0,474.0,1.344715778091e-02,3.227317867418e-01,7.241680597973e-01,1.401606341
24.0,476.0,1.378418667130e-02,3.308204801112e-01,7.183341127263e-01,1.436735090
24.0,478.0,1.413216191905e-02,3.391718860572e-01,7.123599938147e-01,1.473004785
24.0,480.0,1.446105836676e-02,3.470654008022e-01,7.067591041338e-01,1.507285884
24.0,482.0,1.482085164323e-02,3.557004394375e-01,7.006824856395e-01,1.544787381
24.0,484.0,1.518151813511e-02,3.643564352426e-01,6.946435551677e-01,1.582379893
24.0,486.0,1.556303495983e-02,3.735128390359e-01,6.883121489752e-01,1.622145649
24.0,488.0,1.607537993942e-02,3.858091185461e-01,6.799002936514e-01,1.675547713
24.0,490.0,1.672853157561e-02,4.014847578146e-01,6.693255216056e-01,1.743626149
24.0,492.0,1.754246902578e-02,4.210192566187e-01,6.563774616770e-01,1.828463399
24.0,494.0,1.853717207993e-02,4.448921299183e-01,6.408934055278e-01,1.932141971
24.0,496.0,1.976262113856e-02,4.743029073254e-01,6.223187191163e-01,2.059871354
24.0,498.0,2.124879719143e-02,5.099711325943e-01,6.005129138120e-01,2.214776488
24.0,500.0,2.268568179718e-02,5.444563631323e-01,5.801570924097e-01,2.364543941
24.0,502.0,2.434325706370e-02,5.842381695288e-01,5.575304437426e-01,2.537314131
24.0,504.0,2.613150562929e-02,6.271561351030e-01,5.341085758634e-01,2.723704488
24.0,506.0,2.854041064458e-02,6.849698554699e-01,5.041054253669e-01,2.974786285
24.0,508.0,3.153995575512e-02,7.569589381229e-01,4.690907942490e-01,3.287430899
24.0,510.0,3.480012508463e-02,8.352030020311e-01,4.337864129713e-01,3.627240551
24.0,512.0,3.746090321893e-02,8.990616772543e-01,4.069513323381e-01,3.904575253
24.0,514.0,3.912227519045e-02,9.389346045708e-01,3.910442302420e-01,4.077741176
24.0,516.0,3.992422646334e-02,9.581814351202e-01,3.835898350618e-01,4.161329099
24.0,518.0,4.046674291916e-02,9.712018300598e-01,3.786277183763e-01,4.217875956
24.0,520.0,4.082981084306e-02,9.799154602334e-01,3.753428289053e-01,4.255718771
24.0,522.0,4.125341691052e-02,9.900820058525e-01,3.715462208081e-01,4.299871518
24.0,524.0,4.177754817459e-02,1.002661156190e+00,3.669017579802e-01,4.354502074
24.0,526.0,4.246219205357e-02,1.019092609286e+00,3.609222891677e-01,4.425862968
24.0,528.0,4.317733631914e-02,1.036256071659e+00,3.547804712411e-01,4.500402938
24.0,530.0,4.395296908500e-02,1.054871258040e+00,3.482372571674e-01,4.581247665
24.0,532.0,4.480907879581e-02,1.075417891099e+00,3.411551598036e-01,4.670480558
24.0,534.0,4.584565421664e-02,1.100295701199e+00,3.327726678710e-01,4.778523515
24.0,536.0,4.687268442274e-02,1.124944426146e+00,3.246705100486e-01,4.885571567
24.0,538.0,4.789015878967e-02,1.149363810952e+00,3.168382743147e-01,4.991623608
24.0,540.0,4.895806698389e-02,1.174993607613e+00,3.088209537846e-01,5.102932401
24.0,542.0,5.021639895350e-02,1.205193574884e+00,2.996339922838e-01,5.234089192
24.0,544.0,5.177514491951e-02,1.242603478068e+00,2.886317923611e-01,5.396558337
24.0,546.0,5.359429536727e-02,1.286263088814e+00,2.763013699646e-01,5.586169617
24.0,548.0,5.558384103828e-02,1.334012184919e+00,2.634182555049e-01,5.793541307
24.0,550.0,5.760377292229e-02,1.382490550135e+00,2.509527636639e-01,6.004080172
26.0,350.0,9.889596205244e-03,2.571295013363e-01,7.732680680329e-01,1.116699236
26.0,352.0,9.716301458359e-03,2.526238379173e-01,7.767600145405e-01,1.097131388
26.0,354.0,9.530050616577e-03,2.477813160310e-01,7.805306141485e-01,1.076100583
26.0,356.0,9.330572014292e-03,2.425948723716e-01,7.845893081993e-01,1.053576144
26.0,358.0,9.137606428434e-03,2.375777671393e-01,7.885355664414e-01,1.031787133
26.0,360.0,9.010906417364e-03,2.342835668515e-01,7.911374437308e-01,1.017480603
26.0,362.0,8.910235699738e-03,2.316661281932e-01,7.932109098615e-01,1.006113211
26.0,364.0,8.775368570623e-03,2.281595828362e-01,7.959972222049e-01,0.990884478
26.0,366.0,8.606089352376e-03,2.237583231618e-01,7.995083336687e-01,0.971770050
26.0,368.0,8.442191877956e-03,2.194969888269e-01,8.029225754283e-01,0.953263310
26.0,370.0,8.293479004540e-03,2.156304541180e-01,8.060331130603e-01,0.936471164
26.0,372.0,8.159762155435e-03,2.121538160413e-01,8.088402753885e-01,0.921372316
26.0,374.0,8.020860888458e-03,2.085423830999e-01,8.117666287873e-01,0.905688062
26.0,376.0,7.906602489062e-03,2.055716647156e-01,8.141817443732e-01,0.892786396
26.0,378.0,7.796821586622e-03,2.027173612522e-01,8.165089858928e-01,0.880390314
26.0,380.0,7.711359792400e-03,2.004953546024e-01,8.183252914632e-01,0.870740262
26.0,382.0,7.610065357832e-03,1.978616993036e-01,8.204833187058e-01,0.859302442
26.0,384.0,7.512792851830e-03,1.953326141476e-01,8.225610171186e-01,0.848318765
26.0,386.0,7.419402855952e-03,1.929044742548e-01,8.245607371560e-01,0.837773487
26.0,388.0,7.359761676293e-03,1.913538035836e-01,8.258403511813e-01,0.831039010
26.0,390.0,7.313741071094e-03,1.901572678484e-01,8.268290900857e-01,0.825842521
26.0,392.0,7.241217993107e-03,1.882716678208e-01,8.283896298554e-01,0.817653464
26.0,394.0,7.222074345802e-03,1.877739329909e-01,8.288020508566e-01,0.815491829
26.0,396.0,7.216196752604e-03,1.876211155677e-01,8.289287159284e-01,0.814828152
26.0,398.0,7.223476338366e-03,1.878103847975e-01,8.287718400751e-01,0.815650138
26.0,400.0,7.253808522356e-03,1.885990215813e-01,8.281184977754e-01,0.819075144
26.0,402.0,7.297092822081e-03,1.897244133741e-01,8.271870642267e-01,0.823962658
26.0,404.0,7.303232667298e-03,1.898840493497e-01,8.270550259519e-01,0.824655948
26.0,406.0,7.292135223641e-03,1.895955158147e-01,8.272936934924e-01,0.823402863
26.0,408.0,7.213711225286e-03,1.875564918574e-01,8.289822861085e-01,0.814547495
26.0,410.0,7.187874816150e-03,1.868847452199e-01,8.295393392501e-01,0.811630136
26.0,412.0,7.144543399123e-03,1.857581283772e-01,8.304744388920e-01,0.806737301
26.0,414.0,7.143637492892e-03,1.857345748152e-01,8.304939997535e-01,0.806635009
26.0,416.0,7.135080595916e-03,1.855120954938e-01,8.306787880500e-01,0.805668794
26.0,418.0,7.168799057154e-03,1.863887754860e-01,8.299508676998e-01,0.809476167
26.0,420.0,7.204721953181e-03,1.873227707827e-01,8.291760593829e-01,0.813532457
26.0,422.0,7.222780971318e-03,1.877923052543e-01,8.287868240269e-01,0.815571619
26.0,424.0,7.232910298468e-03,1.880556677602e-01,8.285685813918e-01,0.816715388
26.0,426.0,7.285046515327e-03,1.894112093985e-01,8.274461830802e-01,0.822602431
26.0,428.0,7.349128495696e-03,1.910773408881e-01,8.260686967939e-01,0.829838348
26.0,430.0,7.455097310597e-03,1.938325300755e-01,8.237958537465e-01,0.841803982
26.0,432.0,7.572896136960e-03,1.968952995610e-01,8.212766168337e-01,0.855105421
26.0,434.0,7.722470170618e-03,2.007842244361e-01,8.180889361120e-01,0.871994807
26.0,436.0,7.903766543389e-03,2.054979301281e-01,8.142417799416e-01,0.892466171
26.0,438.0,8.216734244034e-03,2.136350903449e-01,8.076430480028e-01,0.927805409
26.0,440.0,8.571324042880e-03,2.228544251149e-01,8.002313344003e-01,0.967844471
26.0,442.0,9.027488419921e-03,2.347146989179e-01,7.907964325256e-01,1.019352986
26.0,444.0,9.485181496220e-03,2.466147189017e-01,7.814417102600e-01,1.071034116
26.0,446.0,1.007435896844e-02,2.619333331794e-01,7.695623262710e-01,1.137562012
26.0,448.0,1.061497804633e-02,2.759894292046e-01,7.588209520599e-01,1.198606862
26.0,450.0,1.112699739305e-02,2.893019322193e-01,7.487860886229e-01,1.256422328
26.0,452.0,1.141037706817e-02,2.966698037724e-01,7.432894032031e-01,1.288420587
26.0,454.0,1.156507847319e-02,3.006920403029e-01,7.403057219712e-01,1.305888939
26.0,456.0,1.165106429946e-02,3.029276717860e-01,7.386525198560e-01,1.315598163
26.0,458.0,1.175829847849e-02,3.057157604407e-01,7.365959594142e-01,1.327706678
26.0,460.0,1.186674613428e-02,3.085353994913e-01,7.345219500356e-01,1.339952215
26.0,462.0,1.205637353789e-02,3.134657119851e-01,7.309094400077e-01,1.361364290
26.0,464.0,1.222714806386e-02,3.179058496604e-01,7.276712956892e-01,1.380647563
26.0,466.0,1.241903814858e-02,3.228949918631e-01,7.240498815052e-01,1.402315132
26.0,468.0,1.257201325038e-02,3.268723445099e-01,7.211757992009e-01,1.419588555
26.0,470.0,1.283604381141e-02,3.337371390967e-01,7.162420295116e-01,1.449401979
26.0,472.0,1.314110122105e-02,3.416686317473e-01,7.105836305568e-01,1.483848014
26.0,474.0,1.344715778091e-02,3.496261023037e-01,7.049516202358e-01,1.518406870
26.0,476.0,1.378418667130e-02,3.583888534538e-01,6.988012908724e-01,1.556463014
26.0,478.0,1.413216191905e-02,3.674362098953e-01,6.925075005257e-01,1.595755184
26.0,480.0,1.446105836676e-02,3.759875175358e-01,6.866109035849e-01,1.632893041
26.0,482.0,1.482085164323e-02,3.853421427240e-01,6.802178647932e-01,1.673519662
26.0,484.0,1.518151813511e-02,3.947194715129e-01,6.738690522016e-01,1.714244884
26.0,486.0,1.556303495983e-02,4.046389089556e-01,6.672176936994e-01,1.757324453
26.0,488.0,1.607537993942e-02,4.179598784249e-01,6.583886434843e-01,1.815176689
26.0,490.0,1.672853157561e-02,4.349418209659e-01,6.473023254067e-01,1.888928328
26.0,492.0,1.754246902578e-02,4.561041946703e-01,6.337478005152e-01,1.980835349
26.0,494.0,1.853717207993e-02,4.819664740782e-01,6.175677659463e-01,2.093153802
26.0,496.0,1.976262113856e-02,5.138281496026e-01,5.982011863417e-01,2.231527300
26.0,498.0,2.124879719143e-02,5.524687269772e-01,5.755272355161e-01,2.399341196
26.0,500.0,2.268568179718e-02,5.898277267267e-01,5.544227887365e-01,2.561589270
26.0,502.0,2.434325706370e-02,6.329246836562e-01,5.310364140871e-01,2.748756976
26.0,504.0,2.613150562929e-02,6.794191463615e-01,5.069113481695e-01,2.950679862
26.0,506.0,2.854041064458e-02,7.420506767591e-01,4.761365116153e-01,3.222685142
26.0,508.0,3.153995575512e-02,8.200388496331e-01,4.404145442302e-01,3.561383473
26.0,510.0,3.480012508463e-02,9.048032522004e-01,4.046214856591e-01,3.929510596
26.0,512.0,3.746090321893e-02,9.739834836922e-01,3.775759706852e-01,4.229956524
26.0,514.0,3.912227519045e-02,1.017179154952e+00,3.616135586315e-01,4.417552941
26.0,516.0,3.992422646334e-02,1.038029888047e+00,3.541517136424e-01,4.508106524
26.0,518.0,4.046674291916e-02,1.052135315898e+00,3.491913186881e-01,4.569365619
26.0,520.0,4.082981084306e-02,1.061575081920e+00,3.459105435799e-01,4.610362002
26.0,522.0,4.125341691052e-02,1.072588839674e+00,3.421216718063e-01,4.658194144
26.0,524.0,4.177754817459e-02,1.086216252539e+00,3.374910618123e-01,4.717377246
26.0,526.0,4.246219205357e-02,1.104016993393e+00,3.315366248049e-01,4.794684882
26.0,528.0,4.317733631914e-02,1.122610744298e+00,3.254290725020e-01,4.875436516
26.0,530.0,4.395296908500e-02,1.142777196210e+00,3.189320538531e-01,4.963018304
26.0,532.0,4.480907879581e-02,1.165036048691e+00,3.119114178316e-01,5.059687272
26.0,534.0,4.584565421664e-02,1.191987009633e+00,3.036173736513e-01,5.176733808
26.0,536.0,4.687268442274e-02,1.218689794991e+00,2.956172324797e-01,5.292702531
26.0,538.0,4.789015878967e-02,1.245144128531e+00,2.878994106211e-01,5.407592242
26.0,540.0,4.895806698389e-02,1.272909741581e+00,2.800156620229e-01,5.528176767
26.0,542.0,5.021639895350e-02,1.305626372791e+00,2.710027331332e-01,5.670263291
26.0,544.0,5.177514491951e-02,1.346153767907e+00,2.602392788525e-01,5.846271532
26.0,546.0,5.359429536727e-02,1.393451679549e+00,2.482170585438e-01,6.051683752
26.0,548.0,5.558384103828e-02,1.445179866995e+00,2.357036774306e-01,6.276336416
26.0,550.0,5.760377292229e-02,1.497698095980e+00,2.236443759718e-01,6.504420186
28.0,350.0,9.889596205244e-03,2.769086937468e-01,7.581237153863e-01,1.202599177
28.0,352.0,9.716301458359e-03,2.720564408341e-01,7.618112626134e-01,1.181526110
28.0,354.0,9.530050616577e-03,2.668414172642e-01,7.657945036241e-01,1.158877551
28.0,356.0,9.330572014292e-03,2.612560164002e-01,7.700837403086e-01,1.134620463
28.0,358.0,9.137606428434e-03,2.558529799962e-01,7.742557915144e-01,1.111155374
28.0,360.0,9.010906417364e-03,2.523053796862e-01,7.770074195527e-01,1.095748342
28.0,362.0,8.910235699738e-03,2.494865995927e-01,7.792007223664e-01,1.083506535
28.0,364.0,8.775368570623e-03,2.457103199774e-01,7.821487649837e-01,1.067106361
28.0,366.0,8.606089352376e-03,2.409705018665e-01,7.858648075914e-01,1.046521593
28.0,368.0,8.442191877956e-03,2.363813725828e-01,7.894795306649e-01,1.026591257
28.0,370.0,8.293479004540e-03,2.322174121271e-01,7.927737459425e-01,1.008507407
28.0,372.0,8.159762155435e-03,2.284733403522e-01,7.957475112701e-01,0.992247110
28.0,374.0,8.020860888458e-03,2.245841048768e-01,7.988483868293e-01,0.975356375
28.0,376.0,7.906602489062e-03,2.213848696937e-01,8.014081832064e-01,0.961462273
28.0,378.0,7.796821586622e-03,2.183110044254e-01,8.038753939806e-01,0.948112646
28.0,380.0,7.711359792400e-03,2.159180741872e-01,8.058013150970e-01,0.937720282
28.0,382.0,7.610065357832e-03,2.130818300193e-01,8.080900084899e-01,0.925402630
28.0,384.0,7.512792851830e-03,2.103581998512e-01,8.102939468095e-01,0.913574054
28.0,386.0,7.419402855952e-03,2.077432799667e-01,8.124155732961e-01,0.902217601
28.0,388.0,7.359761676293e-03,2.060733269362e-01,8.137734025847e-01,0.894965088
28.0,390.0,7.313741071094e-03,2.047847499906e-01,8.148226881276e-01,0.889368869
28.0,392.0,7.241217993107e-03,2.027541038070e-01,8.164789858177e-01,0.880549885
28.0,394.0,7.222074345802e-03,2.022180816825e-01,8.169167539346e-01,0.878221970
28.0,396.0,7.216196752604e-03,2.020535090729e-01,8.170512071199e-01,0.877507240
28.0,398.0,7.223476338366e-03,2.022573374742e-01,8.168846858500e-01,0.878392456
28.0,400.0,7.253808522356e-03,2.031066386260e-01,8.161911992766e-01,0.882080924
28.0,402.0,7.297092822081e-03,2.043185990183e-01,8.152026070589e-01,0.887344401
28.0,404.0,7.303232667298e-03,2.044905146843e-01,8.150624730057e-01,0.888091021
28.0,406.0,7.292135223641e-03,2.041797862619e-01,8.153157754342e-01,0.886741545
28.0,408.0,7.213711225286e-03,2.019839143080e-01,8.171080715853e-01,0.877204994
28.0,410.0,7.187874816150e-03,2.012604948522e-01,8.176993973243e-01,0.874063223
28.0,412.0,7.144543399123e-03,2.000472151754e-01,8.186920974744e-01,0.868794017
28.0,414.0,7.143637492892e-03,2.000218498010e-01,8.187128641694e-01,0.868683856
28.0,416.0,7.135080595916e-03,1.997822566856e-01,8.189090456360e-01,0.867643317
28.0,418.0,7.168799057154e-03,2.007263736003e-01,8.181362646097e-01,0.871743564
28.0,420.0,7.204721953181e-03,2.017322146891e-01,8.173137632607e-01,0.876111877
28.0,422.0,7.222780971318e-03,2.022378671969e-01,8.169005909762e-01,0.878307898
28.0,424.0,7.232910298468e-03,2.025214883571e-01,8.166689335359e-01,0.879539649
28.0,426.0,7.285046515327e-03,2.039813024292e-01,8.154776184953e-01,0.885879541
28.0,428.0,7.349128495696e-03,2.057755978795e-01,8.140157226433e-01,0.893672067
28.0,430.0,7.455097310597e-03,2.087427246967e-01,8.116040144544e-01,0.906558135
28.0,432.0,7.572896136960e-03,2.120410918349e-01,8.089314564057e-01,0.920882761
28.0,434.0,7.722470170618e-03,2.162291647773e-01,8.055506768780e-01,0.939071331
28.0,436.0,7.903766543389e-03,2.213054632149e-01,8.014718227350e-01,0.961117415
28.0,438.0,8.216734244034e-03,2.300685588330e-01,7.944791320740e-01,0.999175056
28.0,440.0,8.571324042880e-03,2.399970732006e-01,7.866301633718e-01,1.042294046
28.0,442.0,9.027488419921e-03,2.527696757578e-01,7.766467417973e-01,1.097764754
28.0,444.0,9.485181496220e-03,2.655850818942e-01,7.667572029551e-01,1.153421355
28.0,446.0,1.007435896844e-02,2.820820511163e-01,7.542117980742e-01,1.225066782
28.0,448.0,1.061497804633e-02,2.972193852972e-01,7.428810173104e-01,1.290807389
28.0,450.0,1.112699739305e-02,3.115559270054e-01,7.323066536419e-01,1.353070199
28.0,452.0,1.141037706817e-02,3.194905579088e-01,7.265190622029e-01,1.387529863
28.0,454.0,1.156507847319e-02,3.238221972493e-01,7.233788496954e-01,1.406341934
28.0,456.0,1.165106429946e-02,3.262298003849e-01,7.216393353790e-01,1.416798021
28.0,458.0,1.175829847849e-02,3.292323573977e-01,7.194758217937e-01,1.429837961
28.0,460.0,1.186674613428e-02,3.322688917598e-01,7.172944223614e-01,1.443025462
28.0,462.0,1.205637353789e-02,3.375784590609e-01,7.134959922848e-01,1.466084620
28.0,464.0,1.222714806386e-02,3.423601457881e-01,7.100924218575e-01,1.486851221
28.0,466.0,1.241903814858e-02,3.477330681602e-01,7.062873816444e-01,1.510185527
28.0,468.0,1.257201325038e-02,3.520163710106e-01,7.032686086642e-01,1.528787675
28.0,470.0,1.283604381141e-02,3.594092267195e-01,6.980886163760e-01,1.560894439
28.0,472.0,1.314110122105e-02,3.679508341894e-01,6.921512110275e-01,1.597990169
28.0,474.0,1.344715778091e-02,3.765204178655e-01,6.862451058835e-01,1.635207398
28.0,476.0,1.378418667130e-02,3.859572267964e-01,6.797996022653e-01,1.676190938
28.0,478.0,1.413216191905e-02,3.957005337334e-01,6.732082689207e-01,1.718505583
28.0,480.0,1.446105836676e-02,4.049096342693e-01,6.670370854287e-01,1.758500198
28.0,482.0,1.482085164323e-02,4.149838460104e-01,6.603509479211e-01,1.802251944
28.0,484.0,1.518151813511e-02,4.250825077831e-01,6.537158462595e-01,1.846109875
28.0,486.0,1.556303495983e-02,4.357649788752e-01,6.467697126200e-01,1.892503257
28.0,488.0,1.607537993942e-02,4.501106383038e-01,6.375576094271e-01,1.954805665
28.0,490.0,1.672853157561e-02,4.683988841171e-01,6.260037708882e-01,2.034230507
28.0,492.0,1.754246902578e-02,4.911891327218e-01,6.118983330593e-01,2.133207299
28.0,494.0,1.853717207993e-02,5.190408182380e-01,5.950910748126e-01,2.254165632
28.0,496.0,1.976262113856e-02,5.533533918797e-01,5.750183119170e-01,2.403183246
28.0,498.0,2.124879719143e-02,5.949663213600e-01,5.515811420577e-01,2.583905903
28.0,500.0,2.268568179718e-02,6.351990903210e-01,5.298299937929e-01,2.758634598
28.0,502.0,2.434325706370e-02,6.816111977836e-01,5.058013894156e-01,2.960199820
28.0,504.0,2.613150562929e-02,7.316821576201e-01,4.810990246461e-01,3.177655236
28.0,506.0,2.854041064458e-02,7.991314980482e-01,4.497193767120e-01,3.470583999
28.0,508.0,3.153995575512e-02,8.831187611434e-01,4.134913179867e-01,3.835336048
28.0,510.0,3.480012508463e-02,9.744035023696e-01,3.774174150259e-01,4.231780642
28.0,512.0,3.746090321893e-02,1.048905290130e+00,3.503210391764e-01,4.555337795
28.0,514.0,3.912227519045e-02,1.095423705333e+00,3.343978907583e-01,4.757364706
28.0,516.0,3.992422646334e-02,1.117878340974e+00,3.269727839781e-01,4.854883949
28.0,518.0,4.046674291916e-02,1.133068801736e+00,3.220434509392e-01,4.920855282
28.0,520.0,4.082981084306e-02,1.143234703606e+00,3.187861734530e-01,4.965005233
28.0,522.0,4.125341691052e-02,1.155095673495e+00,3.150273956898e-01,5.016516771
28.0,524.0,4.177754817459e-02,1.169771348889e+00,3.104379151254e-01,5.080252419
28.0,526.0,4.246219205357e-02,1.188941377500e+00,3.045434900696e-01,5.163506796
28.0,528.0,4.317733631914e-02,1.208965416936e+00,2.985059489295e-01,5.250470094
28.0,530.0,4.395296908500e-02,1.230683134380e+00,2.920929707590e-01,5.344788942
28.0,532.0,4.480907879581e-02,1.254654206283e+00,2.851744427074e-01,5.448893985
28.0,534.0,4.584565421664e-02,1.283678318066e+00,2.770164694495e-01,5.574944101
28.0,536.0,4.687268442274e-02,1.312435163837e+00,2.691637997115e-01,5.699833495
28.0,538.0,4.789015878967e-02,1.340924446111e+00,2.616037182227e-01,5.823560876
28.0,540.0,4.895806698389e-02,1.370825875549e+00,2.538971854637e-01,5.953421134
28.0,542.0,5.021639895350e-02,1.406059170698e+00,2.451073084395e-01,6.106437391
28.0,544.0,5.177514491951e-02,1.449704057746e+00,2.346397176266e-01,6.295984727
28.0,546.0,5.359429536727e-02,1.500640270284e+00,2.229873422634e-01,6.517197887
28.0,548.0,5.558384103828e-02,1.556347549072e+00,2.109049862465e-01,6.759131525
28.0,550.0,5.760377292229e-02,1.612905641824e+00,1.993076552479e-01,7.004760201
30.0,350.0,9.889596205244e-03,2.966878861573e-01,7.432759628795e-01,1.288499118
30.0,352.0,9.716301458359e-03,2.914890437508e-01,7.471501995219e-01,1.265920832
30.0,354.0,9.530050616577e-03,2.859015184973e-01,7.513366050614e-01,1.241654519
30.0,356.0,9.330572014292e-03,2.799171604288e-01,7.558463528501e-01,1.215664782
30.0,358.0,9.137606428434e-03,2.741281928530e-01,7.602346123701e-01,1.190523615
30.0,360.0,9.010906417364e-03,2.703271925209e-01,7.631297631330e-01,1.174016080
30.0,362.0,8.910235699738e-03,2.673070709921e-01,7.654379915706e-01,1.160899859
30.0,364.0,8.775368570623e-03,2.632610571187e-01,7.685412379593e-01,1.143328244
30.0,366.0,8.606089352376e-03,2.581826805713e-01,7.724541068594e-01,1.121273135
30.0,368.0,8.442191877956e-03,2.532657563387e-01,7.762615579795e-01,1.099919204
30.0,370.0,8.293479004540e-03,2.488043701362e-01,7.797324974274e-01,1.080543650
30.0,372.0,8.159762155435e-03,2.447928646630e-01,7.828666808023e-01,1.063121903
30.0,374.0,8.020860888458e-03,2.406258266537e-01,7.861357223973e-01,1.045024687
30.0,376.0,7.906602489062e-03,2.371980746719e-01,7.888350243036e-01,1.030138149
30.0,378.0,7.796821586622e-03,2.339046475987e-01,7.914372777427e-01,1.015834977
30.0,380.0,7.711359792400e-03,2.313407937720e-01,7.934690106560e-01,1.004700302
30.0,382.0,7.610065357832e-03,2.283019607350e-01,7.958838978606e-01,0.991502818
30.0,384.0,7.512792851830e-03,2.253837855549e-01,7.982098185690e-01,0.978829344
30.0,386.0,7.419402855952e-03,2.225820856786e-01,8.004492986296e-01,0.966661716
30.0,388.0,7.359761676293e-03,2.207928502888e-01,8.018827728714e-01,0.958891165
30.0,390.0,7.313741071094e-03,2.194122321328e-01,8.029906313754e-01,0.952895217
30.0,392.0,7.241217993107e-03,2.172365397932e-01,8.047395938531e-01,0.943446305
30.0,394.0,7.222074345802e-03,2.166622303741e-01,8.052018961214e-01,0.940952111
30.0,396.0,7.216196752604e-03,2.164859025781e-01,8.053438881152e-01,0.940186329
30.0,398.0,7.223476338366e-03,2.167042901510e-01,8.051680302214e-01,0.941134774
30.0,400.0,7.253808522356e-03,2.176142556707e-01,8.044356883298e-01,0.945086704
30.0,402.0,7.297092822081e-03,2.189127846624e-01,8.033917831838e-01,0.950726144
30.0,404.0,7.303232667298e-03,2.190969800189e-01,8.032438157757e-01,0.951526094
30.0,406.0,7.292135223641e-03,2.187640567092e-01,8.035112788853e-01,0.950080227
30.0,408.0,7.213711225286e-03,2.164113367586e-01,8.054039414812e-01,0.939862494
30.0,410.0,7.187874816150e-03,2.156362444845e-01,8.060284458467e-01,0.936496311
30.0,412.0,7.144543399123e-03,2.143363019737e-01,8.070769178174e-01,0.930850732
30.0,414.0,7.143637492892e-03,2.143091247868e-01,8.070988521957e-01,0.930732703
30.0,416.0,7.135080595916e-03,2.140524178775e-01,8.073060666431e-01,0.929617839
30.0,418.0,7.168799057154e-03,2.150639717146e-01,8.064898459888e-01,0.934010962
30.0,420.0,7.204721953181e-03,2.161416585954e-01,8.056211706264e-01,0.938691296
30.0,422.0,7.222780971318e-03,2.166834291395e-01,8.051848270161e-01,0.941044176
30.0,424.0,7.232910298468e-03,2.169873089540e-01,8.049401847731e-01,0.942363909
30.0,426.0,7.285046515327e-03,2.185513954598e-01,8.036821727684e-01,0.949156651
30.0,428.0,7.349128495696e-03,2.204738548709e-01,8.021386106050e-01,0.957505786
30.0,430.0,7.455097310597e-03,2.236529193179e-01,7.995926093617e-01,0.971312287
30.0,432.0,7.572896136960e-03,2.271868841088e-01,7.967718643756e-01,0.986660101
30.0,434.0,7.722470170618e-03,2.316741051185e-01,7.932045825025e-01,1.006147855
30.0,436.0,7.903766543389e-03,2.371129963017e-01,7.889021399568e-01,1.029768659
30.0,438.0,8.216734244034e-03,2.465020273210e-01,7.815297771237e-01,1.070544702
30.0,440.0,8.571324042880e-03,2.571397212864e-01,7.732601653123e-01,1.116743620
30.0,442.0,9.027488419921e-03,2.708246525976e-01,7.627502309514e-01,1.176176522
30.0,444.0,9.485181496220e-03,2.845554448866e-01,7.523486404225e-01,1.235808595
30.0,446.0,1.007435896844e-02,3.022307690532e-01,7.391674682293e-01,1.312571553
30.0,448.0,1.061497804633e-02,3.184493413899e-01,7.272759198097e-01,1.383007917
30.0,450.0,1.112699739305e-02,3.338099217915e-01,7.161899013836e-01,1.449718070
30.0,452.0,1.141037706817e-02,3.423113120451e-01,7.101270991750e-01,1.486639139
30.0,454.0,1.156507847319e-02,3.469523541957e-01,7.068390053684e-01,1.506794929
30.0,456.0,1.165106429946e-02,3.495319289838e-01,7.050180109962e-01,1.517997880
30.0,458.0,1.175829847849e-02,3.527489543547e-01,7.027535944636e-01,1.531969244
30.0,460.0,1.186674613428e-02,3.560023840284e-01,7.004709502906e-01,1.546098709
30.0,462.0,1.205637353789e-02,3.616912061367e-01,6.964974087640e-01,1.570804950
30.0,464.0,1.222714806386e-02,3.668144419158e-01,6.929382134029e-01,1.593054880
30.0,466.0,1.241903814858e-02,3.725711444574e-01,6.889606340838e-01,1.618055922
30.0,468.0,1.257201325038e-02,3.771603975114e-01,6.858060634877e-01,1.637986794
30.0,470.0,1.283604381141e-02,3.850813143423e-01,6.803953080582e-01,1.672386899
30.0,472.0,1.314110122105e-02,3.942330366315e-01,6.741969253521e-01,1.712132324
30.0,474.0,1.344715778091e-02,4.034147334273e-01,6.680349854243e-01,1.752007926
30.0,476.0,1.378418667130e-02,4.135256001390e-01,6.613146044179e-01,1.795918863
30.0,478.0,1.413216191905e-02,4.239648575715e-01,6.544468803574e-01,1.841255982
30.0,480.0,1.446105836676e-02,4.338317510028e-01,6.480212752436e-01,1.884107355
30.0,482.0,1.482085164323e-02,4.446255492969e-01,6.410642780647e-01,1.930984226
30.0,484.0,1.518151813511e-02,4.554455440533e-01,6.341653563916e-01,1.977974866
30.0,486.0,1.556303495983e-02,4.668910487949e-01,6.269483934745e-01,2.027682061
30.0,488.0,1.607537993942e-02,4.822613981826e-01,6.173856571814e-01,2.094434641
30.0,490.0,1.672853157561e-02,5.018559472683e-01,6.054060147553e-01,2.179532686
30.0,492.0,1.754246902578e-02,5.262740707734e-01,5.908021608854e-01,2.285579249
30.0,494.0,1.853717207993e-02,5.561151623979e-01,5.734324342189e-01,2.415177463
30.0,496.0,1.976262113856e-02,5.928786341568e-01,5.527338738025e-01,2.574839193
30.0,498.0,2.124879719143e-02,6.374639157429e-01,5.286313791924e-01,2.768470610
30.0,500.0,2.268568179718e-02,6.805704539154e-01,5.063280731341e-01,2.955679927
30.0,502.0,2.434325706370e-02,7.302977119110e-01,4.817655413981e-01,3.171642664
30.0,504.0,2.613150562929e-02,7.839451688787e-01,4.566010848864e-01,3.404630610
30.0,506.0,2.854041064458e-02,8.562123193374e-01,4.247679244428e-01,3.718482856
30.0,508.0,3.153995575512e-02,9.461986726536e-01,3.882139504481e-01,4.109288623
30.0,510.0,3.480012508463e-02,1.044003752539e+00,3.520423660468e-01,4.534050688
30.0,512.0,3.746090321893e-02,1.123827096568e+00,3.250334767515e-01,4.880719067
30.0,514.0,3.912227519045e-02,1.173668255714e+00,3.092305215732e-01,5.097176470
30.0,516.0,3.992422646334e-02,1.197726793900e+00,3.018796672274e-01,5.201661374
30.0,518.0,4.046674291916e-02,1.214002287575e+00,2.970061932882e-01,5.272344945
30.0,520.0,4.082981084306e-02,1.224894325292e+00,2.937887447231e-01,5.319648464
30.0,522.0,4.125341691052e-02,1.237602507316e+00,2.900788468357e-01,5.374839397
30.0,524.0,4.177754817459e-02,1.253326445238e+00,2.855533377088e-01,5.443127592
30.0,526.0,4.246219205357e-02,1.273865761607e+00,2.797480893652e-01,5.532328710
30.0,528.0,4.317733631914e-02,1.295320089574e+00,2.738102065106e-01,5.625503672
30.0,530.0,4.395296908500e-02,1.318589072550e+00,2.675124765167e-01,5.726559581
30.0,532.0,4.480907879581e-02,1.344272363874e+00,2.607293549523e-01,5.838100698
30.0,534.0,4.584565421664e-02,1.375369626499e+00,2.527461568599e-01,5.973154394
30.0,536.0,4.687268442274e-02,1.406180532682e+00,2.450775635352e-01,6.106964459
30.0,538.0,4.789015878967e-02,1.436704763690e+00,2.377097793992e-01,6.239529510
30.0,540.0,4.895806698389e-02,1.468742009517e+00,2.302149112684e-01,6.378665501
30.0,542.0,5.021639895350e-02,1.506491968605e+00,2.216862979789e-01,6.542611490
30.0,544.0,5.177514491951e-02,1.553254347585e+00,2.115583678630e-01,6.745697921
30.0,546.0,5.359429536727e-02,1.607828861018e+00,2.003220693268e-01,6.982712022
30.0,548.0,5.558384103828e-02,1.667515231148e+00,1.887153976913e-01,7.241926634
30.0,550.0,5.760377292229e-02,1.728113187669e+00,1.776192281510e-01,7.505100215
32.0,350.0,9.889596205244e-03,3.164670785678e-01,7.287190016381e-01,1.374399059
32.0,352.0,9.716301458359e-03,3.109216466675e-01,7.327712886925e-01,1.350315555
32.0,354.0,9.530050616577e-03,3.049616197305e-01,7.371516659283e-01,1.324431486
32.0,356.0,9.330572014292e-03,2.985783044573e-01,7.418721876765e-01,1.296709100
32.0,358.0,9.137606428434e-03,2.924034057099e-01,7.464673460369e-01,1.269891856
32.0,360.0,9.010906417364e-03,2.883490053556e-01,7.494999670848e-01,1.252283819
32.0,362.0,8.910235699738e-03,2.851275423916e-01,7.519183467391e-01,1.238293183
32.0,364.0,8.775368570623e-03,2.808117942599e-01,7.551704495198e-01,1.219550127
32.0,366.0,8.606089352376e-03,2.753948592760e-01,7.592722583324e-01,1.196024677
32.0,368.0,8.442191877956e-03,2.701501400946e-01,7.632648890710e-01,1.173247151
32.0,370.0,8.293479004540e-03,2.653913281453e-01,7.669057794308e-01,1.152579894
32.0,372.0,8.159762155435e-03,2.611123889739e-01,7.701943533975e-01,1.133996697
32.0,374.0,8.020860888458e-03,2.566675484307e-01,7.736253639844e-01,1.114693000
32.0,376.0,7.906602489062e-03,2.530112796500e-01,7.764591235872e-01,1.098814026
32.0,378.0,7.796821586622e-03,2.494982907719e-01,7.791916126443e-01,1.083557309
32.0,380.0,7.711359792400e-03,2.467635133568e-01,7.813254447166e-01,1.071680322
32.0,382.0,7.610065357832e-03,2.435220914506e-01,7.838621591888e-01,1.057603005
32.0,384.0,7.512792851830e-03,2.404093712586e-01,7.863059041335e-01,1.044084633
32.0,386.0,7.419402855952e-03,2.374208913905e-01,7.886592782523e-01,1.031105830
32.0,388.0,7.359761676293e-03,2.355123736414e-01,7.901658857190e-01,1.022817243
32.0,390.0,7.313741071094e-03,2.340397142750e-01,7.913303881589e-01,1.016421565
32.0,392.0,7.241217993107e-03,2.317189757794e-01,7.931689916872e-01,1.006342725
32.0,394.0,7.222074345802e-03,2.311063790657e-01,7.936550332635e-01,1.003682252
32.0,396.0,7.216196752604e-03,2.309182960833e-01,7.938043203078e-01,1.002865418
32.0,398.0,7.223476338366e-03,2.311512428277e-01,7.936194277116e-01,1.003877092
32.0,400.0,7.253808522356e-03,2.321218727154e-01,7.928494906980e-01,1.008092484
32.0,402.0,7.297092822081e-03,2.335069703066e-01,7.917520769663e-01,1.014107887
32.0,404.0,7.303232667298e-03,2.337034453535e-01,7.915965327206e-01,1.014961167
32.0,406.0,7.292135223641e-03,2.333483271565e-01,7.918776929737e-01,1.013418908
32.0,408.0,7.213711225286e-03,2.308387592092e-01,7.938674595331e-01,1.002519993
32.0,410.0,7.187874816150e-03,2.300119941168e-01,7.945240728317e-01,0.998929398
32.0,412.0,7.144543399123e-03,2.286253887719e-01,7.956265283164e-01,0.992907448
32.0,414.0,7.143637492892e-03,2.285963997725e-01,7.956495930676e-01,0.992781550
32.0,416.0,7.135080595916e-03,2.283225790693e-01,7.958674882295e-01,0.991592362
32.0,418.0,7.168799057154e-03,2.294015698289e-01,7.950092176800e-01,0.996278359
32.0,420.0,7.204721953181e-03,2.305511025018e-01,7.940958536806e-01,1.001270716
32.0,422.0,7.222780971318e-03,2.311289910822e-01,7.936370873257e-01,1.003780454
32.0,424.0,7.232910298468e-03,2.314531295510e-01,7.933798807029e-01,1.005188170
32.0,426.0,7.285046515327e-03,2.331214884905e-01,7.920573418281e-01,1.012433761
32.0,428.0,7.349128495696e-03,2.351721118623e-01,7.904347947162e-01,1.021339505
32.0,430.0,7.455097310597e-03,2.385631139391e-01,7.877589681166e-01,1.036066440
32.0,432.0,7.572896136960e-03,2.423326763827e-01,7.847950513401e-01,1.052437441
32.0,434.0,7.722470170618e-03,2.471190454598e-01,7.810477078132e-01,1.073224378
32.0,436.0,7.903766543389e-03,2.529205293884e-01,7.765295906531e-01,1.098419903
32.0,438.0,8.216734244034e-03,2.629354958091e-01,7.687914859846e-01,1.141914349
32.0,440.0,8.571324042880e-03,2.742823693722e-01,7.601174110789e-01,1.191193195
32.0,442.0,9.027488419921e-03,2.888796294375e-01,7.491023698496e-01,1.254588290
32.0,444.0,9.485181496220e-03,3.035258078790e-01,7.382108372300e-01,1.318195835
32.0,446.0,1.007435896844e-02,3.223794869901e-01,7.244232289704e-01,1.400076323
32.0,448.0,1.061497804633e-02,3.396792974826e-01,7.119986259037e-01,1.475208445
32.0,450.0,1.112699739305e-02,3.560639165776e-01,7.004278498535e-01,1.546365942
32.0,452.0,1.141037706817e-02,3.651320661814e-01,6.941049770308e-01,1.585748415
32.0,454.0,1.156507847319e-02,3.700825111421e-01,6.906773397101e-01,1.607247924
32.0,456.0,1.165106429946e-02,3.728340575827e-01,6.887795210998e-01,1.619197739
32.0,458.0,1.175829847849e-02,3.762655513117e-01,6.864200290988e-01,1.634100527
32.0,460.0,1.186674613428e-02,3.797358762970e-01,6.840420570758e-01,1.649171957
32.0,462.0,1.205637353789e-02,3.858039532125e-01,6.799038055723e-01,1.675525280
32.0,464.0,1.222714806386e-02,3.912687380435e-01,6.761984113814e-01,1.699258539
32.0,466.0,1.241903814858e-02,3.974092207546e-01,6.720589488828e-01,1.725926316
32.0,468.0,1.257201325038e-02,4.023044240122e-01,6.687771228831e-01,1.747185914
32.0,470.0,1.283604381141e-02,4.107534019651e-01,6.631504430352e-01,1.783879359
32.0,472.0,1.314110122105e-02,4.205152390736e-01,6.567083708189e-01,1.826274479
32.0,474.0,1.344715778091e-02,4.303090489891e-01,6.503080866075e-01,1.868808455
32.0,476.0,1.378418667130e-02,4.410939734816e-01,6.433322475611e-01,1.915646787
32.0,478.0,1.413216191905e-02,4.522291814096e-01,6.362083458902e-01,1.964006380
32.0,480.0,1.446105836676e-02,4.627538677363e-01,6.295475654078e-01,2.009714512
32.0,482.0,1.482085164323e-02,4.742672525834e-01,6.223409081253e-01,2.059716507
32.0,484.0,1.518151813511e-02,4.858085803235e-01,6.151995573436e-01,2.109839857
32.0,486.0,1.556303495983e-02,4.980171187146e-01,6.077345311795e-01,2.162860866
32.0,488.0,1.607537993942e-02,5.144121580614e-01,5.978519337819e-01,2.234063617
32.0,490.0,1.672853157561e-02,5.353130104195e-01,5.854859982422e-01,2.324834865
32.0,492.0,1.754246902578e-02,5.613590088250e-01,5.704333129357e-01,2.437951199
32.0,494.0,1.853717207993e-02,5.931895065578e-01,5.525620708019e-01,2.576189294
32.0,496.0,1.976262113856e-02,6.324038764339e-01,5.313130537186e-01,2.746495139
32.0,498.0,2.124879719143e-02,6.799615101258e-01,5.066364923652e-01,2.953035318
32.0,500.0,2.268568179718e-02,7.259418175098e-01,4.838686383313e-01,3.152725255
32.0,502.0,2.434325706370e-02,7.789842260384e-01,4.588718847664e-01,3.383085509
32.0,504.0,2.613150562929e-02,8.362081801373e-01,4.333505994381e-01,3.631605984
32.0,506.0,2.854041064458e-02,9.132931406266e-01,4.012008354067e-01,3.966381713
32.0,508.0,3.153995575512e-02,1.009278584164e+00,3.644818277112e-01,4.383241198
32.0,510.0,3.480012508463e-02,1.113604002708e+00,3.283733674117e-01,4.836320734
32.0,512.0,3.746090321893e-02,1.198748903006e+00,3.015712709049e-01,5.206100338
32.0,514.0,3.912227519045e-02,1.251912806094e+00,2.859572925404e-01,5.436988235
32.0,516.0,3.992422646334e-02,1.277575246827e+00,2.787122902909e-01,5.548438799
32.0,518.0,4.046674291916e-02,1.294935773413e+00,2.739154564214e-01,5.623834608
32.0,520.0,4.082981084306e-02,1.306553946978e+00,2.707514745418e-01,5.674291695
32.0,522.0,4.125341691052e-02,1.320109341137e+00,2.671060946851e-01,5.733162024
32.0,524.0,4.177754817459e-02,1.336881541587e+00,2.626634979291e-01,5.806002765
32.0,526.0,4.246219205357e-02,1.358790145714e+00,2.569714870136e-01,5.901150623
32.0,528.0,4.317733631914e-02,1.381674762212e+00,2.511575714261e-01,6.000537250
32.0,530.0,4.395296908500e-02,1.406495010720e+00,2.450005041413e-01,6.108330220
32.0,532.0,4.480907879581e-02,1.433890521466e+00,2.383796945071e-01,6.227307411
32.0,534.0,4.584565421664e-02,1.467060934932e+00,2.306022451820e-01,6.371364687
32.0,536.0,4.687268442274e-02,1.499925901528e+00,2.231466943650e-01,6.514095423
32.0,538.0,4.789015878967e-02,1.532485081269e+00,2.159982266534e-01,6.655498144
32.0,540.0,4.895806698389e-02,1.566658143484e+00,2.087416025252e-01,6.803909867
32.0,542.0,5.021639895350e-02,1.606924766512e+00,2.005032613041e-01,6.978785589
32.0,544.0,5.177514491951e-02,1.656804637424e+00,1.907475148095e-01,7.195411116
32.0,546.0,5.359429536727e-02,1.715017451753e+00,1.799605800582e-01,7.448226157
32.0,548.0,5.558384103828e-02,1.778682913225e+00,1.688604046761e-01,7.724721743
32.0,550.0,5.760377292229e-02,1.843320733513e+00,1.582909104505e-01,8.005440229
34.0,350.0,9.889596205244e-03,3.362462709783e-01,7.144471365536e-01,1.460299000
34.0,352.0,9.716301458359e-03,3.303542495842e-01,7.186691001028e-01,1.434710277
34.0,354.0,9.530050616577e-03,3.240217209636e-01,7.232345328583e-01,1.407208454
34.0,356.0,9.330572014292e-03,3.172394484859e-01,7.281563783071e-01,1.377753419
34.0,358.0,9.137606428434e-03,3.106786185668e-01,7.329493943485e-01,1.349260097
34.0,360.0,9.010906417364e-03,3.063708181904e-01,7.361136045250e-01,1.330551558
34.0,362.0,8.910235699738e-03,3.029480137911e-01,7.386374943355e-01,1.315686507
34.0,364.0,8.775368570623e-03,2.983625314012e-01,7.420322809770e-01,1.295772010
34.0,366.0,8.606089352376e-03,2.926070379808e-01,7.463153566716e-01,1.270776220
34.0,368.0,8.442191877956e-03,2.870345238505e-01,7.504858187296e-01,1.246575098
34.0,370.0,8.293479004540e-03,2.819782861544e-01,7.542900628933e-01,1.224616137
34.0,372.0,8.159762155435e-03,2.774319132848e-01,7.577271539996e-01,1.204871490
34.0,374.0,8.020860888458e-03,2.727092702076e-01,7.613140921454e-01,1.184361312
34.0,376.0,7.906602489062e-03,2.688244846281e-01,7.642773863065e-01,1.167489903
34.0,378.0,7.796821586622e-03,2.650919339451e-01,7.671354209482e-01,1.151279641
34.0,380.0,7.711359792400e-03,2.621862329416e-01,7.693677287496e-01,1.138660342
34.0,382.0,7.610065357832e-03,2.587422221663e-01,7.720220075564e-01,1.123703193
34.0,384.0,7.512792851830e-03,2.554349569622e-01,7.745795159268e-01,1.109339923
34.0,386.0,7.419402855952e-03,2.522596971024e-01,7.770429160701e-01,1.095549945
34.0,388.0,7.359761676293e-03,2.502318969940e-01,7.786202024498e-01,1.086743321
34.0,390.0,7.313741071094e-03,2.486671964172e-01,7.798394635702e-01,1.079947912
34.0,392.0,7.241217993107e-03,2.462014117656e-01,7.817647524485e-01,1.069239146
34.0,394.0,7.222074345802e-03,2.455505277573e-01,7.822737562574e-01,1.066412392
34.0,396.0,7.216196752604e-03,2.453506895885e-01,7.824301000335e-01,1.065544506
34.0,398.0,7.223476338366e-03,2.455981955044e-01,7.822364679185e-01,1.066619411
34.0,400.0,7.253808522356e-03,2.466294897601e-01,7.814301677804e-01,1.071098265
34.0,402.0,7.297092822081e-03,2.481011559508e-01,7.802810092184e-01,1.077489630
34.0,404.0,7.303232667298e-03,2.483099106881e-01,7.801181388618e-01,1.078396240
34.0,406.0,7.292135223641e-03,2.479325976038e-01,7.804125431808e-01,1.076757590
34.0,408.0,7.213711225286e-03,2.452661816597e-01,7.824962243747e-01,1.065177493
34.0,410.0,7.187874816150e-03,2.443877437491e-01,7.831839007194e-01,1.061362486
34.0,412.0,7.144543399123e-03,2.429144755702e-01,7.843385910139e-01,1.054964163
34.0,414.0,7.143637492892e-03,2.428836747583e-01,7.843627496513e-01,1.054830397
34.0,416.0,7.135080595916e-03,2.425927402611e-01,7.845909810321e-01,1.053566884
34.0,418.0,7.168799057154e-03,2.437391679432e-01,7.836920196079e-01,1.058545757
34.0,420.0,7.204721953181e-03,2.449605464082e-01,7.827354193564e-01,1.063850136
34.0,422.0,7.222780971318e-03,2.455745530248e-01,7.822549621469e-01,1.066516733
34.0,424.0,7.232910298468e-03,2.459189501479e-01,7.819856021745e-01,1.068012430
34.0,426.0,7.285046515327e-03,2.476915815211e-01,7.806006578232e-01,1.075710871
34.0,428.0,7.349128495696e-03,2.498703688537e-01,7.789017464535e-01,1.085173224
34.0,430.0,7.455097310597e-03,2.534733085603e-01,7.761004598873e-01,1.100820592
34.0,432.0,7.572896136960e-03,2.574784686566e-01,7.729982698255e-01,1.118214781
34.0,434.0,7.722470170618e-03,2.625639858010e-01,7.690771527765e-01,1.140300902
34.0,436.0,7.903766543389e-03,2.687280624752e-01,7.643510831305e-01,1.167071147
34.0,438.0,8.216734244034e-03,2.793689642972e-01,7.562608184907e-01,1.213283996
34.0,440.0,8.571324042880e-03,2.914250174579e-01,7.471980383109e-01,1.265642770
34.0,442.0,9.027488419921e-03,3.069346062773e-01,7.356987094116e-01,1.333000058
34.0,444.0,9.485181496220e-03,3.224961708715e-01,7.243387053876e-01,1.400583074
34.0,446.0,1.007435896844e-02,3.425282049270e-01,7.099730943639e-01,1.487581093
34.0,448.0,1.061497804633e-02,3.609092535752e-01,6.970422496890e-01,1.567408973
34.0,450.0,1.112699739305e-02,3.783179113637e-01,6.850126927266e-01,1.643013813
34.0,452.0,1.141037706817e-02,3.879528203178e-01,6.784443512979e-01,1.684857691
34.0,454.0,1.156507847319e-02,3.932126680885e-01,6.748852057767e-01,1.707700920
34.0,456.0,1.165106429946e-02,3.961361861816e-01,6.729150479660e-01,1.720397597
34.0,458.0,1.175829847849e-02,3.997821482687e-01,6.704660923259e-01,1.736231810
34.0,460.0,1.186674613428e-02,4.034693685655e-01,6.679984882375e-01,1.752245204
34.0,462.0,1.205637353789e-02,4.099167002883e-01,6.637055343134e-01,1.780245610
34.0,464.0,1.222714806386e-02,4.157230341712e-01,6.598630046816e-01,1.805462197
34.0,466.0,1.241903814858e-02,4.222472970517e-01,6.555718983481e-01,1.833796711
34.0,468.0,1.257201325038e-02,4.274484505129e-01,6.521710202112e-01,1.856385034
34.0,470.0,1.283604381141e-02,4.364254895879e-01,6.463426553497e-01,1.895371819
34.0,472.0,1.314110122105e-02,4.467974415157e-01,6.396734664406e-01,1.940416634
34.0,474.0,1.344715778091e-02,4.572033645509e-01,6.330515867196e-01,1.985608983
34.0,476.0,1.378418667130e-02,4.686623468242e-01,6.258388639644e-01,2.035374711
34.0,478.0,1.413216191905e-02,4.804935052477e-01,6.184780942943e-01,2.086756779
34.0,480.0,1.446105836676e-02,4.916759844698e-01,6.116005017919e-01,2.135321669
34.0,482.0,1.482085164323e-02,5.039089558698e-01,6.041643859730e-01,2.188448789
34.0,484.0,1.518151813511e-02,5.161716165937e-01,5.968009629369e-01,2.241704848
34.0,486.0,1.556303495983e-02,5.291431886342e-01,5.891095092231e-01,2.298039670
34.0,488.0,1.607537993942e-02,5.465629179403e-01,5.789362460387e-01,2.373692593
34.0,490.0,1.672853157561e-02,5.687700735707e-01,5.662214212990e-01,2.470137044
34.0,492.0,1.754246902578e-02,5.964439468765e-01,5.507667135462e-01,2.590323149
34.0,494.0,1.853717207993e-02,6.302638507176e-01,5.324512948151e-01,2.737201125
34.0,496.0,1.976262113856e-02,6.719291187110e-01,5.107223827440e-01,2.918151085
34.0,498.0,2.124879719143e-02,7.224591045086e-01,4.855567518300e-01,3.137600025
34.0,500.0,2.268568179718e-02,7.713131811041e-01,4.624054473445e-01,3.349770584
34.0,502.0,2.434325706370e-02,8.276707401658e-01,4.370661422109e-01,3.594528353
34.0,504.0,2.613150562929e-02,8.884711913959e-01,4.112840469489e-01,3.858581358
34.0,506.0,2.854041064458e-02,9.703739619157e-01,3.789413019879e-01,4.214280570
34.0,508.0,3.153995575512e-02,1.072358495674e+00,3.422004865574e-01,4.657193773
34.0,510.0,3.480012508463e-02,1.183204252877e+00,3.062957155870e-01,5.138590780
34.0,512.0,3.746090321893e-02,1.273670709444e+00,2.798026601572e-01,5.531481609
34.0,514.0,3.912227519045e-02,1.330157356475e+00,2.644356473644e-01,5.776800000
34.0,516.0,3.992422646334e-02,1.357423699754e+00,2.573228646787e-01,5.895216224
34.0,518.0,4.046674291916e-02,1.375869259251e+00,2.526199081436e-01,5.975324271
34.0,520.0,4.082981084306e-02,1.388213568664e+00,2.495206582393e-01,6.028934926
34.0,522.0,4.125341691052e-02,1.402616174958e+00,2.459526663051e-01,6.091484650
34.0,524.0,4.177754817459e-02,1.420436637936e+00,2.416084984259e-01,6.168877937
34.0,526.0,4.246219205357e-02,1.443714529821e+00,2.360493159679e-01,6.269972537
34.0,528.0,4.317733631914e-02,1.468029434851e+00,2.303790150431e-01,6.375570828
34.0,530.0,4.395296908500e-02,1.494400948890e+00,2.243829813513e-01,6.490100859
34.0,532.0,4.480907879581e-02,1.523508679058e+00,2.179458418240e-01,6.616514124
34.0,534.0,4.584565421664e-02,1.558752243366e+00,2.103984335258e-01,6.769574979
34.0,536.0,4.687268442274e-02,1.593671270373e+00,2.031783182750e-01,6.921226387
34.0,538.0,4.789015878967e-02,1.628265398849e+00,1.962697287227e-01,7.071466778
34.0,540.0,4.895806698389e-02,1.664574277452e+00,1.892712178578e-01,7.229154234
34.0,542.0,5.021639895350e-02,1.707357564419e+00,1.813443508241e-01,7.414959689
34.0,544.0,5.177514491951e-02,1.760354927263e+00,1.719838112456e-01,7.645124311
34.0,546.0,5.359429536727e-02,1.822206042487e+00,1.616687092127e-01,7.913740291
34.0,548.0,5.558384103828e-02,1.889850595302e+00,1.510943813606e-01,8.207516852
34.0,550.0,5.760377292229e-02,1.958528279358e+00,1.410658777886e-01,8.505780244
36.0,350.0,9.889596205244e-03,3.560254633888e-01,7.004547840557e-01,1.546198942
36.0,352.0,9.716301458359e-03,3.497868525009e-01,7.048383082314e-01,1.519104999
36.0,354.0,9.530050616577e-03,3.430818221968e-01,7.095801497782e-01,1.489985422
36.0,356.0,9.330572014292e-03,3.359005925145e-01,7.146941482331e-01,1.458797738
36.0,358.0,9.137606428434e-03,3.289538314236e-01,7.196762424076e-01,1.428628338
36.0,360.0,9.010906417364e-03,3.243926310251e-01,7.229663276363e-01,1.408819296
36.0,362.0,8.910235699738e-03,3.207684851906e-01,7.255912166584e-01,1.393079831
36.0,364.0,8.775368570623e-03,3.159132685424e-01,7.291226852986e-01,1.371993893
36.0,366.0,8.606089352376e-03,3.098192166855e-01,7.335795631822e-01,1.345527762
36.0,368.0,8.442191877956e-03,3.039189076064e-01,7.379207037805e-01,1.319903045
36.0,370.0,8.293479004540e-03,2.985652441634e-01,7.418818768086e-01,1.296652380
36.0,372.0,8.159762155435e-03,2.937514375957e-01,7.454617621846e-01,1.275746284
36.0,374.0,8.020860888458e-03,2.887509919845e-01,7.491987386687e-01,1.254029625
36.0,376.0,7.906602489062e-03,2.846376896062e-01,7.522867662640e-01,1.236165779
36.0,378.0,7.796821586622e-03,2.806855771184e-01,7.552657709908e-01,1.219001973
36.0,380.0,7.711359792400e-03,2.776089525264e-01,7.575930184329e-01,1.205640362
36.0,382.0,7.610065357832e-03,2.739623528820e-01,7.603607001111e-01,1.189803381
36.0,384.0,7.512792851830e-03,2.704605426659e-01,7.630280064532e-01,1.174595213
36.0,386.0,7.419402855952e-03,2.670985028143e-01,7.655976542275e-01,1.159994059
36.0,388.0,7.359761676293e-03,2.649514203465e-01,7.672432214803e-01,1.150669398
36.0,390.0,7.313741071094e-03,2.632946785594e-01,7.685153989301e-01,1.143474260
36.0,392.0,7.241217993107e-03,2.606838477519e-01,7.705244841592e-01,1.132135566
36.0,394.0,7.222074345802e-03,2.599946764489e-01,7.710556905470e-01,1.129142533
36.0,396.0,7.216196752604e-03,2.597830830937e-01,7.712188580696e-01,1.128223595
36.0,398.0,7.223476338366e-03,2.600451481812e-01,7.710167750127e-01,1.129361729
36.0,400.0,7.253808522356e-03,2.611371068048e-01,7.701753160990e-01,1.134104045
36.0,402.0,7.297092822081e-03,2.626953415949e-01,7.689761366712e-01,1.140871373
36.0,404.0,7.303232667298e-03,2.629163760227e-01,7.688061852541e-01,1.141831313
36.0,406.0,7.292135223641e-03,2.625168680511e-01,7.691133908152e-01,1.140096272
36.0,408.0,7.213711225286e-03,2.596936041103e-01,7.712878690365e-01,1.127834993
36.0,410.0,7.187874816150e-03,2.587634933814e-01,7.720055858849e-01,1.123795573
36.0,412.0,7.144543399123e-03,2.572035623684e-01,7.732108011224e-01,1.117020879
36.0,414.0,7.143637492892e-03,2.571709497441e-01,7.732360179669e-01,1.116879244
36.0,416.0,7.135080595916e-03,2.568629014530e-01,7.734742486923e-01,1.115541407
36.0,418.0,7.168799057154e-03,2.580767660575e-01,7.725359252933e-01,1.120813154
36.0,420.0,7.204721953181e-03,2.593699903145e-01,7.715375088227e-01,1.126429556
36.0,422.0,7.222780971318e-03,2.600201149674e-01,7.710360762820e-01,1.129253011
36.0,424.0,7.232910298468e-03,2.603847707448e-01,7.707549647798e-01,1.130836691
36.0,426.0,7.285046515327e-03,2.622616745518e-01,7.693096885986e-01,1.138987981
36.0,428.0,7.349128495696e-03,2.645686258451e-01,7.675369741867e-01,1.149006943
36.0,430.0,7.455097310597e-03,2.683835031815e-01,7.646144927774e-01,1.165574745
36.0,432.0,7.572896136960e-03,2.726242609306e-01,7.613788136569e-01,1.183992122
36.0,434.0,7.722470170618e-03,2.780089261422e-01,7.572900618054e-01,1.207377425
36.0,436.0,7.903766543389e-03,2.845355955620e-01,7.523635741831e-01,1.235722391
36.0,438.0,8.216734244034e-03,2.958024327852e-01,7.439343905477e-01,1.284653643
36.0,440.0,8.571324042880e-03,3.085676655437e-01,7.344982502942e-01,1.340092344
36.0,442.0,9.027488419921e-03,3.249895831172e-01,7.225348801641e-01,1.411411826
36.0,444.0,9.485181496220e-03,3.414665338639e-01,7.107272525168e-01,1.482970314
36.0,446.0,1.007435896844e-02,3.626769228638e-01,6.958111978781e-01,1.575085863
36.0,448.0,1.061497804633e-02,3.821392096679e-01,6.824000499085e-01,1.659609501
36.0,450.0,1.112699739305e-02,4.005719061498e-01,6.699367954811e-01,1.739661684
36.0,452.0,1.141037706817e-02,4.107735744541e-01,6.631370657751e-01,1.783966967
36.0,454.0,1.156507847319e-02,4.163428250348e-01,6.594541543340e-01,1.808153915
36.0,456.0,1.165106429946e-02,4.194383147806e-01,6.574159769676e-01,1.821597456
36.0,458.0,1.175829847849e-02,4.232987452256e-01,6.548829607273e-01,1.838363092
36.0,460.0,1.186674613428e-02,4.272028608341e-01,6.523312063518e-01,1.855318451
36.0,462.0,1.205637353789e-02,4.340294473640e-01,6.478931764582e-01,1.884965940
36.0,464.0,1.222714806386e-02,4.401773302990e-01,6.439222240376e-01,1.911665856
36.0,466.0,1.241903814858e-02,4.470853733489e-01,6.394893106002e-01,1.941667106
36.0,468.0,1.257201325038e-02,4.525924770137e-01,6.359772561743e-01,1.965584153
36.0,470.0,1.283604381141e-02,4.620975772108e-01,6.299608671185e-01,2.006864279
36.0,472.0,1.314110122105e-02,4.730796439578e-01,6.230804446088e-01,2.054558789
36.0,474.0,1.344715778091e-02,4.840976801128e-01,6.162530033094e-01,2.102409512
36.0,476.0,1.378418667130e-02,4.962307201668e-01,6.088211575483e-01,2.155102635
36.0,478.0,1.413216191905e-02,5.087578290858e-01,6.012419604252e-01,2.209507178
36.0,480.0,1.446105836676e-02,5.205981012034e-01,5.941650708313e-01,2.260928826
36.0,482.0,1.482085164323e-02,5.335506591563e-01,5.865187399904e-01,2.317181071
36.0,484.0,1.518151813511e-02,5.465346528640e-01,5.789526099472e-01,2.373569839
36.0,486.0,1.556303495983e-02,5.602692585539e-01,5.710552816268e-01,2.433218474
36.0,488.0,1.607537993942e-02,5.787136778191e-01,5.606190396629e-01,2.513321569
36.0,490.0,1.672853157561e-02,6.022271367220e-01,5.475907176267e-01,2.615439223
36.0,492.0,1.754246902578e-02,6.315288849281e-01,5.317781515762e-01,2.742695099
36.0,494.0,1.853717207993e-02,6.673381948775e-01,5.130724606901e-01,2.898212956
36.0,496.0,1.976262113856e-02,7.114543609882e-01,4.909296890227e-01,3.089807031
36.0,498.0,2.124879719143e-02,7.649566988915e-01,4.653540808856e-01,3.322164732
36.0,500.0,2.268568179718e-02,8.166845446985e-01,4.418943093134e-01,3.546815912
36.0,502.0,2.434325706370e-02,8.763572542932e-01,4.162966156979e-01,3.805971197
36.0,504.0,2.613150562929e-02,9.407342026544e-01,3.903411406238e-01,4.085556732
36.0,506.0,2.854041064458e-02,1.027454783205e+00,3.579167780313e-01,4.462179428
36.0,508.0,3.153995575512e-02,1.135438407184e+00,3.212812384515e-01,4.931146348
36.0,510.0,3.480012508463e-02,1.252804503047e+00,2.857024189461e-01,5.440860826
36.0,512.0,3.746090321893e-02,1.348592515881e+00,2.596053940951e-01,5.856862880
36.0,514.0,3.912227519045e-02,1.408401906856e+00,2.445337587855e-01,6.116611764
36.0,516.0,3.992422646334e-02,1.437272152680e+00,2.375749437433e-01,6.241993649
36.0,518.0,4.046674291916e-02,1.456802745090e+00,2.329799815761e-01,6.326813934
36.0,520.0,4.082981084306e-02,1.469873190350e+00,2.299546438057e-01,6.383578157
36.0,522.0,4.125341691052e-02,1.485123008779e+00,2.264744806137e-01,6.449807277
36.0,524.0,4.177754817459e-02,1.503991734285e+00,2.222412591467e-01,6.531753110
36.0,526.0,4.246219205357e-02,1.528638913929e+00,2.168305916599e-01,6.638794451
36.0,528.0,4.317733631914e-02,1.554384107489e+00,2.113194926629e-01,6.750604406
36.0,530.0,4.395296908500e-02,1.582306887060e+00,2.055004845667e-01,6.871871497
36.0,532.0,4.480907879581e-02,1.613126836649e+00,1.992635743014e-01,7.005720838
36.0,534.0,4.584565421664e-02,1.650443551799e+00,1.919647434273e-01,7.167785272
36.0,536.0,4.687268442274e-02,1.687416639219e+00,1.849968207441e-01,7.328357351
36.0,538.0,4.789015878967e-02,1.724045716428e+00,1.783431605422e-01,7.487435412
36.0,540.0,4.895806698389e-02,1.762490411420e+00,1.716169344107e-01,7.654398601
36.0,542.0,5.021639895350e-02,1.807790362326e+00,1.640161529639e-01,7.851133788
36.0,544.0,5.177514491951e-02,1.863905217102e+00,1.550658804657e-01,8.094837506
36.0,546.0,5.359429536727e-02,1.929394633222e+00,1.452360929824e-01,8.379254426
36.0,548.0,5.558384103828e-02,2.001018277378e+00,1.351975445192e-01,8.690311961
36.0,550.0,5.760377292229e-02,2.073735825202e+00,1.257152531350e-01,9.006120258
38.0,350.0,9.889596205244e-03,3.758046557993e-01,6.867364699273e-01,1.632098883
38.0,352.0,9.716301458359e-03,3.692194554176e-01,6.912736900466e-01,1.603499721
38.0,354.0,9.530050616577e-03,3.621419234299e-01,6.961835560719e-01,1.572762390
38.0,356.0,9.330572014292e-03,3.545617365431e-01,7.014808092544e-01,1.539842057
38.0,358.0,9.137606428434e-03,3.472290442805e-01,7.066434570784e-01,1.507996579
38.0,360.0,9.010906417364e-03,3.424144438598e-01,7.100538662550e-01,1.487087035
38.0,362.0,8.910235699738e-03,3.385889565900e-01,7.127753705022e-01,1.470473155
38.0,364.0,8.775368570623e-03,3.334640056837e-01,7.164376858606e-01,1.448215776
38.0,366.0,8.606089352376e-03,3.270313953903e-01,7.210611046764e-01,1.420279304
38.0,368.0,8.442191877956e-03,3.208032913623e-01,7.255659620454e-01,1.393230992
38.0,370.0,8.293479004540e-03,3.151522021725e-01,7.296778072694e-01,1.368688624
38.0,372.0,8.159762155435e-03,3.100709619065e-01,7.333949112766e-01,1.346621078
38.0,374.0,8.020860888458e-03,3.047927137614e-01,7.372761857606e-01,1.323697937
38.0,376.0,7.906602489062e-03,3.004508945844e-01,7.404842650531e-01,1.304841656
38.0,378.0,7.796821586622e-03,2.962792202916e-01,7.435797764692e-01,1.286724305
38.0,380.0,7.711359792400e-03,2.930316721112e-01,7.459985129752e-01,1.272620382
38.0,382.0,7.610065357832e-03,2.891824835976e-01,7.488755354312e-01,1.255903569
38.0,384.0,7.512792851830e-03,2.854861283695e-01,7.516487677000e-01,1.239850502
38.0,386.0,7.419402855952e-03,2.819373085262e-01,7.543209725443e-01,1.224438173
38.0,388.0,7.359761676293e-03,2.796709436991e-01,7.560324777798e-01,1.214595476
38.0,390.0,7.313741071094e-03,2.779221607016e-01,7.573557712619e-01,1.207000608
38.0,392.0,7.241217993107e-03,2.751662837381e-01,7.594458292336e-01,1.195031986
38.0,394.0,7.222074345802e-03,2.744388251405e-01,7.599984956281e-01,1.191872674
38.0,396.0,7.216196752604e-03,2.742154765990e-01,7.601682591411e-01,1.190902683
38.0,398.0,7.223476338366e-03,2.744921008579e-01,7.599580072415e-01,1.192104047
38.0,400.0,7.253808522356e-03,2.756447238495e-01,7.590825667930e-01,1.197109825
38.0,402.0,7.297092822081e-03,2.772895272391e-01,7.578350514542e-01,1.204253116
38.0,404.0,7.303232667298e-03,2.775228413573e-01,7.576582584623e-01,1.205266386
38.0,406.0,7.292135223641e-03,2.771011384984e-01,7.579778324939e-01,1.203434954
38.0,408.0,7.213711225286e-03,2.741210265609e-01,7.602400604529e-01,1.190492492
38.0,410.0,7.187874816150e-03,2.731392430137e-01,7.609868181534e-01,1.186228660
38.0,412.0,7.144543399123e-03,2.714926491667e-01,7.622408865532e-01,1.179077594
38.0,414.0,7.143637492892e-03,2.714582247299e-01,7.622671267180e-01,1.178928091
38.0,416.0,7.135080595916e-03,2.711330626448e-01,7.625150273881e-01,1.177515930
38.0,418.0,7.168799057154e-03,2.724143641719e-01,7.615386413751e-01,1.183080552
38.0,420.0,7.204721953181e-03,2.737794342209e-01,7.604997969936e-01,1.189008975
38.0,422.0,7.222780971318e-03,2.744656769101e-01,7.599780885975e-01,1.191989290
38.0,424.0,7.232910298468e-03,2.748505913418e-01,7.596856183551e-01,1.193660952
38.0,426.0,7.285046515327e-03,2.768317675824e-01,7.581820371791e-01,1.202265091
38.0,428.0,7.349128495696e-03,2.792668828364e-01,7.563380226402e-01,1.212840662
38.0,430.0,7.455097310597e-03,2.832936978027e-01,7.532985132493e-01,1.230328897
38.0,432.0,7.572896136960e-03,2.877700532045e-01,7.499340173381e-01,1.249769462
38.0,434.0,7.722470170618e-03,2.934538664835e-01,7.456836230783e-01,1.274453949
38.0,436.0,7.903766543389e-03,3.003431286488e-01,7.405640683326e-01,1.304373634
38.0,438.0,8.216734244034e-03,3.122359012733e-01,7.318088732193e-01,1.356023290
38.0,440.0,8.571324042880e-03,3.257103136294e-01,7.220143148459e-01,1.414541919
38.0,442.0,9.027488419921e-03,3.430445599570e-01,7.096065908165e-01,1.489823594
38.0,444.0,9.485181496220e-03,3.604368968564e-01,6.973715800535e-01,1.565357554
38.0,446.0,1.007435896844e-02,3.828256408007e-01,6.819317900017e-01,1.662590633
38.0,448.0,1.061497804633e-02,4.033691657605e-01,6.680654269134e-01,1.751810029
38.0,450.0,1.112699739305e-02,4.228259009359e-01,6.551926916172e-01,1.836309556
38.0,452.0,1.141037706817e-02,4.335943285905e-01,6.481751482837e-01,1.883076243
38.0,454.0,1.156507847319e-02,4.394729819812e-01,6.443759293374e-01,1.908606910
38.0,456.0,1.165106429946e-02,4.427404433795e-01,6.422738918956e-01,1.922797315
38.0,458.0,1.175829847849e-02,4.468153421826e-01,6.396620159614e-01,1.940494375
38.0,460.0,1.186674613428e-02,4.509363531026e-01,6.370313859590e-01,1.958391698
38.0,462.0,1.205637353789e-02,4.581421944398e-01,6.324575378678e-01,1.989686270
38.0,464.0,1.222714806386e-02,4.646316264267e-01,6.283665361868e-01,2.017869515
38.0,466.0,1.241903814858e-02,4.719234496460e-01,6.238012632976e-01,2.049537501
38.0,468.0,1.257201325038e-02,4.777365035144e-01,6.201855921780e-01,2.074783273
38.0,470.0,1.283604381141e-02,4.877696648336e-01,6.139942812315e-01,2.118356739
38.0,472.0,1.314110122105e-02,4.993618463999e-01,6.069178429648e-01,2.168700944
38.0,474.0,1.344715778091e-02,5.109919956746e-01,5.999001851583e-01,2.219210040
38.0,476.0,1.378418667130e-02,5.237990935094e-01,5.922661937778e-01,2.274830559
38.0,478.0,1.413216191905e-02,5.370221529239e-01,5.844861739014e-01,2.332257577
38.0,480.0,1.446105836676e-02,5.495202179369e-01,5.772266869657e-01,2.386535983
38.0,482.0,1.482085164323e-02,5.631923624427e-01,5.693884650382e-01,2.445913353
38.0,484.0,1.518151813511e-02,5.768976891342e-01,5.616380424642e-01,2.505434830
38.0,486.0,1.556303495983e-02,5.913953284735e-01,5.535543554610e-01,2.568397278
38.0,488.0,1.607537993942e-02,6.108644376980e-01,5.428813790517e-01,2.652950545
38.0,490.0,1.672853157561e-02,6.356841998732e-01,5.295730305346e-01,2.760741402
38.0,492.0,1.754246902578e-02,6.666138229796e-01,5.134442506030e-01,2.895067049
38.0,494.0,1.853717207993e-02,7.044125390373e-01,4.943989290325e-01,3.059224787
38.0,496.0,1.976262113856e-02,7.509796032653e-01,4.719040474964e-01,3.261462977
38.0,498.0,2.124879719143e-02,8.074542932743e-01,4.459919870967e-01,3.506729440
38.0,500.0,2.268568179718e-02,8.620559082928e-01,4.222929935730e-01,3.743861241
38.0,502.0,2.434325706370e-02,9.250437684206e-01,3.965140639009e-01,4.017414041
38.0,504.0,2.613150562929e-02,9.929972139130e-01,3.704646635186e-01,4.312532105
38.0,506.0,2.854041064458e-02,1.084535604494e+00,3.380587424077e-01,4.710078285
38.0,508.0,3.153995575512e-02,1.198518318695e+00,3.016408165264e-01,5.205098923
38.0,510.0,3.480012508463e-02,1.322404753216e+00,2.664936792707e-01,5.743130872
38.0,512.0,3.746090321893e-02,1.423514322319e+00,2.408660468254e-01,6.182244151
38.0,514.0,3.912227519045e-02,1.486646457237e+00,2.261297210937e-01,6.456423529
38.0,516.0,3.992422646334e-02,1.517120605607e+00,2.193425522646e-01,6.588771074
38.0,518.0,4.046674291916e-02,1.537736230928e+00,2.148669604628e-01,6.678303597
38.0,520.0,4.082981084306e-02,1.551532812036e+00,2.119228867901e-01,6.738221388
38.0,522.0,4.125341691052e-02,1.567629842600e+00,2.085388670096e-01,6.808129903
38.0,524.0,4.177754817459e-02,1.587546830634e+00,2.044264899161e-01,6.894628283
38.0,526.0,4.246219205357e-02,1.613563298036e+00,1.991766224224e-01,7.007616365
38.0,528.0,4.317733631914e-02,1.640738780127e+00,1.938367866143e-01,7.125637985
38.0,530.0,4.395296908500e-02,1.670212825230e+00,1.882070061767e-01,7.253642136
38.0,532.0,4.480907879581e-02,1.702744994241e+00,1.821827464616e-01,7.394927551
38.0,534.0,4.584565421664e-02,1.742134860232e+00,1.751460887876e-01,7.565995565
38.0,536.0,4.687268442274e-02,1.781162008064e+00,1.684423021904e-01,7.735488315
38.0,538.0,4.789015878967e-02,1.819826034007e+00,1.620539403564e-01,7.903404046
38.0,540.0,4.895806698389e-02,1.860406545388e+00,1.556093552411e-01,8.079642968
38.0,542.0,5.021639895350e-02,1.908223160233e+00,1.483437356103e-01,8.287307887
38.0,544.0,5.177514491951e-02,1.967455506941e+00,1.398121550537e-01,8.544550701
38.0,546.0,5.359429536727e-02,2.036583223956e+00,1.304737497288e-01,8.844768561
38.0,548.0,5.558384103828e-02,2.112185959455e+00,1.209732346063e-01,9.173107069
38.0,550.0,5.760377292229e-02,2.188943371047e+00,1.120350655918e-01,9.506460272
40.0,350.0,9.889596205244e-03,3.955838482098e-01,6.732868271633e-01,1.717998824
40.0,352.0,9.716301458359e-03,3.886520583344e-01,6.779701230339e-01,1.687894443
40.0,354.0,9.530050616577e-03,3.812020246631e-01,6.830398847776e-01,1.655539358
40.0,356.0,9.330572014292e-03,3.732228805717e-01,6.885117598469e-01,1.620886376
40.0,358.0,9.137606428434e-03,3.655042571374e-01,6.938466855057e-01,1.587364820
40.0,360.0,9.010906417364e-03,3.604362566946e-01,6.973720264843e-01,1.565354774
40.0,362.0,8.910235699738e-03,3.564094279895e-01,7.001858858412e-01,1.547866479
40.0,364.0,8.775368570623e-03,3.510147428249e-01,7.039733752229e-01,1.524437659
40.0,366.0,8.606089352376e-03,3.442435740950e-01,7.087562723555e-01,1.495030847
40.0,368.0,8.442191877956e-03,3.376876751182e-01,7.134180713208e-01,1.466558939
40.0,370.0,8.293479004540e-03,3.317391601816e-01,7.176744965276e-01,1.440724867
40.0,372.0,8.159762155435e-03,3.263904862174e-01,7.215233874775e-01,1.417495871
40.0,374.0,8.020860888458e-03,3.208344355383e-01,7.255433652432e-01,1.393366250
40.0,376.0,7.906602489062e-03,3.162640995625e-01,7.288669313090e-01,1.373517533
40.0,378.0,7.796821586622e-03,3.118728634649e-01,7.320745957396e-01,1.354446637
40.0,380.0,7.711359792400e-03,3.084543916960e-01,7.345814544495e-01,1.339600402
40.0,382.0,7.610065357832e-03,3.044026143133e-01,7.375638528995e-01,1.322003757
40.0,384.0,7.512792851830e-03,3.005117140732e-01,7.404392305481e-01,1.305105792
40.0,386.0,7.419402855952e-03,2.967761142381e-01,7.432103879607e-01,1.288882288
40.0,388.0,7.359761676293e-03,2.943904670517e-01,7.449855423357e-01,1.278521554
40.0,390.0,7.313741071094e-03,2.925496428438e-01,7.463581927730e-01,1.270526956
40.0,392.0,7.241217993107e-03,2.896487197243e-01,7.485264639834e-01,1.257928407
40.0,394.0,7.222074345802e-03,2.888829738321e-01,7.490998645599e-01,1.254602815
40.0,396.0,7.216196752604e-03,2.886478701042e-01,7.492760014350e-01,1.253581772
40.0,398.0,7.223476338366e-03,2.889390535346e-01,7.490578564402e-01,1.254846366
40.0,400.0,7.253808522356e-03,2.901523408942e-01,7.481495851199e-01,1.260115606
40.0,402.0,7.297092822081e-03,2.918837128832e-01,7.468553805826e-01,1.267634859
40.0,404.0,7.303232667298e-03,2.921293066919e-01,7.466719800471e-01,1.268701459
40.0,406.0,7.292135223641e-03,2.916854089456e-01,7.470034996312e-01,1.266773636
40.0,408.0,7.213711225286e-03,2.885484490114e-01,7.493504989771e-01,1.253149992
40.0,410.0,7.187874816150e-03,2.875149926460e-01,7.501253203233e-01,1.248661748
40.0,412.0,7.144543399123e-03,2.857817359649e-01,7.514266074529e-01,1.241134310
40.0,414.0,7.143637492892e-03,2.857454997157e-01,7.514538368281e-01,1.240976938
40.0,416.0,7.135080595916e-03,2.854032238366e-01,7.517110853731e-01,1.239490452
40.0,418.0,7.168799057154e-03,2.867519622862e-01,7.506979071392e-01,1.245347949
40.0,420.0,7.204721953181e-03,2.881888781272e-01,7.496199920466e-01,1.251588395
40.0,422.0,7.222780971318e-03,2.889112388527e-01,7.490786915360e-01,1.254725568
40.0,424.0,7.232910298468e-03,2.893164119387e-01,7.487752464889e-01,1.256485212
40.0,426.0,7.285046515327e-03,2.914018606131e-01,7.472153412602e-01,1.265542201
40.0,428.0,7.349128495696e-03,2.939651398278e-01,7.453024723629e-01,1.276674381
40.0,430.0,7.455097310597e-03,2.982038924239e-01,7.421500055568e-01,1.295083050
40.0,432.0,7.572896136960e-03,3.029158454784e-01,7.386612554395e-01,1.315546802
40.0,434.0,7.722470170618e-03,3.088988068247e-01,7.342550678688e-01,1.341530473
40.0,436.0,7.903766543389e-03,3.161506617356e-01,7.289496170796e-01,1.373024878
40.0,438.0,8.216734244034e-03,3.286693697614e-01,7.198809918281e-01,1.427392937
40.0,440.0,8.571324042880e-03,3.428529617152e-01,7.097425632173e-01,1.488991494
40.0,442.0,9.027488419921e-03,3.610995367968e-01,6.969096268625e-01,1.568235362
40.0,444.0,9.485181496220e-03,3.794072598488e-01,6.842668814854e-01,1.647744793
40.0,446.0,1.007435896844e-02,4.029743587376e-01,6.683292359092e-01,1.750095403
40.0,448.0,1.061497804633e-02,4.245991218532e-01,6.540319196882e-01,1.844010556
40.0,450.0,1.112699739305e-02,4.450798957220e-01,6.407730789594e-01,1.932957427
40.0,452.0,1.141037706817e-02,4.564150827268e-01,6.335508065163e-01,1.982185519
40.0,454.0,1.156507847319e-02,4.626031389276e-01,6.296424635141e-01,2.009059905
40.0,456.0,1.165106429946e-02,4.660425719784e-01,6.274805703894e-01,2.023997173
40.0,458.0,1.175829847849e-02,4.703319391396e-01,6.247948399962e-01,2.042625658
40.0,460.0,1.186674613428e-02,4.746698453712e-01,6.220904085921e-01,2.061464946
40.0,462.0,1.205637353789e-02,4.822549415156e-01,6.173896434479e-01,2.094406600
40.0,464.0,1.222714806386e-02,4.890859225544e-01,6.131866381681e-01,2.124073173
40.0,466.0,1.241903814858e-02,4.967615259432e-01,6.084980775150e-01,2.157407895
40.0,468.0,1.257201325038e-02,5.028805300152e-01,6.047860438577e-01,2.183982392
40.0,470.0,1.283604381141e-02,5.134417524564e-01,5.984323742352e-01,2.229849199
40.0,472.0,1.314110122105e-02,5.256440488420e-01,5.911744964813e-01,2.282843099
40.0,474.0,1.344715778091e-02,5.378863112364e-01,5.839813034911e-01,2.336010569
40.0,476.0,1.378418667130e-02,5.513674668520e-01,5.761613898319e-01,2.394558484
40.0,478.0,1.413216191905e-02,5.652864767620e-01,5.681973481032e-01,2.455007976
40.0,480.0,1.446105836676e-02,5.784423346704e-01,5.607711804386e-01,2.512143140
40.0,482.0,1.482085164323e-02,5.928340657292e-01,5.527585088311e-01,2.574645634
40.0,484.0,1.518151813511e-02,6.072607254044e-01,5.448412967200e-01,2.637299821
40.0,486.0,1.556303495983e-02,6.225213983932e-01,5.365897738952e-01,2.703576082
40.0,488.0,1.607537993942e-02,6.430151975768e-01,5.257049277141e-01,2.792579521
40.0,490.0,1.672853157561e-02,6.691412630244e-01,5.121481895915e-01,2.906043581
40.0,492.0,1.754246902578e-02,7.016987610312e-01,4.957424401433e-01,3.047438999
40.0,494.0,1.853717207993e-02,7.414868831972e-01,4.764050300025e-01,3.220236618
40.0,496.0,1.976262113856e-02,7.905048455424e-01,4.536157315863e-01,3.433118923
40.0,498.0,2.124879719143e-02,8.499518876572e-01,4.274354963771e-01,3.691294147
40.0,500.0,2.268568179718e-02,9.074272718872e-01,4.035611427039e-01,3.940906569
40.0,502.0,2.434325706370e-02,9.737302825480e-01,3.776715854574e-01,4.228856886
40.0,504.0,2.613150562929e-02,1.045260225172e+00,3.516003122208e-01,4.539507479
40.0,506.0,2.854041064458e-02,1.141616425783e+00,3.193024756952e-01,4.957977142
40.0,508.0,3.153995575512e-02,1.261598230205e+00,2.832010441484e-01,5.479051498
40.0,510.0,3.480012508463e-02,1.392005003385e+00,2.485764081144e-01,6.045400918
40.0,512.0,3.746090321893e-02,1.498436128757e+00,2.234793799855e-01,6.507625422
40.0,514.0,3.912227519045e-02,1.564891007618e+00,2.091108034158e-01,6.796235294
40.0,516.0,3.992422646334e-02,1.596969058534e+00,2.025093828325e-01,6.935548499
40.0,518.0,4.046674291916e-02,1.618669716766e+00,1.981621355887e-01,7.029793260
40.0,520.0,4.082981084306e-02,1.633192433722e+00,1.953050793068e-01,7.092864619
40.0,522.0,4.125341691052e-02,1.650136676421e+00,1.920236617203e-01,7.166452530
40.0,524.0,4.177754817459e-02,1.671101926984e+00,1.880397453644e-01,7.257503456
40.0,526.0,4.246219205357e-02,1.698487682143e+00,1.829600086220e-01,7.376438279
40.0,528.0,4.317733631914e-02,1.727093452766e+00,1.778004450583e-01,7.500671563
40.0,530.0,4.395296908500e-02,1.758118763400e+00,1.723688255465e-01,7.635412775
40.0,532.0,4.480907879581e-02,1.792363151832e+00,1.665660832626e-01,7.784134264
40.0,534.0,4.584565421664e-02,1.833826168666e+00,1.598009711051e-01,7.964205858
40.0,536.0,4.687268442274e-02,1.874907376910e+00,1.533691717137e-01,8.142619279
40.0,538.0,4.789015878967e-02,1.915606351587e+00,1.472525187127e-01,8.319372680
40.0,540.0,4.895806698389e-02,1.958322679356e+00,1.410948839151e-01,8.504887334
40.0,542.0,5.021639895350e-02,2.008655958140e+00,1.341688821324e-01,8.723481987
40.0,544.0,5.177514491951e-02,2.071005796780e+00,1.260589282572e-01,8.994263895
40.0,546.0,5.359429536727e-02,2.143771814691e+00,1.172119066186e-01,9.310282696
40.0,548.0,5.558384103828e-02,2.223353641531e+00,1.082454828833e-01,9.655902178
40.0,550.0,5.760377292229e-02,2.304150916892e+00,9.984354013651e-02,10.006800287
42.0,350.0,9.889596205244e-03,4.153630406202e-01,6.601005938706e-01,1.803898765
42.0,352.0,9.716301458359e-03,4.080846612511e-01,6.649225832616e-01,1.772289165
42.0,354.0,9.530050616577e-03,4.002621258962e-01,6.701443608196e-01,1.738316326
42.0,356.0,9.330572014292e-03,3.918840246003e-01,6.757824835597e-01,1.701930694
42.0,358.0,9.137606428434e-03,3.837794699942e-01,6.812816536612e-01,1.666733061
42.0,360.0,9.010906417364e-03,3.784580695293e-01,6.849166893322e-01,1.643622512
42.0,362.0,8.910235699738e-03,3.742298993890e-01,6.878187645370e-01,1.625259803
42.0,364.0,8.775368570623e-03,3.685654799662e-01,6.917259139257e-01,1.600659542
42.0,366.0,8.606089352376e-03,3.614557527998e-01,6.966614207109e-01,1.569782389
42.0,368.0,8.442191877956e-03,3.545720588742e-01,7.014735683746e-01,1.539886886
42.0,370.0,8.293479004540e-03,3.483261181907e-01,7.058686420702e-01,1.512761110
42.0,372.0,8.159762155435e-03,3.427100105283e-01,7.098440290113e-01,1.488370665
42.0,374.0,8.020860888458e-03,3.368761573152e-01,7.139972577650e-01,1.463034562
42.0,376.0,7.906602489062e-03,3.320773045406e-01,7.174318599704e-01,1.442193409
42.0,378.0,7.796821586622e-03,3.274665066381e-01,7.207474311258e-01,1.422168968
42.0,380.0,7.711359792400e-03,3.238771112808e-01,7.233391271371e-01,1.406580422
42.0,382.0,7.610065357832e-03,3.196227450289e-01,7.264230320874e-01,1.388103945
42.0,384.0,7.512792851830e-03,3.155372997769e-01,7.293968641927e-01,1.370361081
42.0,386.0,7.419402855952e-03,3.116149199500e-01,7.322634539903e-01,1.353326402
42.0,388.0,7.359761676293e-03,3.091099904043e-01,7.341000216274e-01,1.342447631
42.0,390.0,7.313741071094e-03,3.071771249859e-01,7.355203103441e-01,1.334053303
42.0,392.0,7.241217993107e-03,3.041311557105e-01,7.377640981304e-01,1.320824827
42.0,394.0,7.222074345802e-03,3.033271225237e-01,7.383575234842e-01,1.317332955
42.0,396.0,7.216196752604e-03,3.030802636094e-01,7.385398161202e-01,1.316260861
42.0,398.0,7.223476338366e-03,3.033860062114e-01,7.383140475504e-01,1.317588684
42.0,400.0,7.253808522356e-03,3.046599579390e-01,7.373740699642e-01,1.323121386
42.0,402.0,7.297092822081e-03,3.064778985274e-01,7.360347854522e-01,1.331016602
42.0,404.0,7.303232667298e-03,3.067357720265e-01,7.358450060572e-01,1.332136532
42.0,406.0,7.292135223641e-03,3.062696793929e-01,7.361880579348e-01,1.330112317
42.0,408.0,7.213711225286e-03,3.029758714620e-01,7.386169179018e-01,1.315807491
42.0,410.0,7.187874816150e-03,3.018907422783e-01,7.394188476951e-01,1.311094835
42.0,412.0,7.144543399123e-03,3.000708227632e-01,7.407657557462e-01,1.303191025
42.0,414.0,7.143637492892e-03,3.000327747015e-01,7.407939409836e-01,1.303025784
42.0,416.0,7.135080595916e-03,2.996733850285e-01,7.410602225223e-01,1.301464975
42.0,418.0,7.168799057154e-03,3.010895604005e-01,7.400114940530e-01,1.307615346
42.0,420.0,7.204721953181e-03,3.025983220336e-01,7.388958349462e-01,1.314167815
42.0,422.0,7.222780971318e-03,3.033568007954e-01,7.383356106342e-01,1.317461846
42.0,424.0,7.232910298468e-03,3.037822325357e-01,7.380215660375e-01,1.319309473
42.0,426.0,7.285046515327e-03,3.059719536437e-01,7.364072727072e-01,1.328819311
42.0,428.0,7.349128495696e-03,3.086633968192e-01,7.344279392053e-01,1.340508100
42.0,430.0,7.455097310597e-03,3.131140870451e-01,7.311664911859e-01,1.359837202
42.0,432.0,7.572896136960e-03,3.180616377523e-01,7.275579419963e-01,1.381324142
42.0,434.0,7.722470170618e-03,3.243437471660e-01,7.230016698842e-01,1.408606996
42.0,436.0,7.903766543389e-03,3.319581948223e-01,7.175173181664e-01,1.441676122
42.0,438.0,8.216734244034e-03,3.451028382494e-01,7.081475250713e-01,1.498762583
42.0,440.0,8.571324042880e-03,3.599956098010e-01,6.976793890157e-01,1.563441068
42.0,442.0,9.027488419921e-03,3.791545136367e-01,6.844398492053e-01,1.646647131
42.0,444.0,9.485181496220e-03,3.983776228412e-01,6.714084406219e-01,1.730132033
42.0,446.0,1.007435896844e-02,4.231230766745e-01,6.549980131734e-01,1.837600174
42.0,448.0,1.061497804633e-02,4.458290779459e-01,6.402932029388e-01,1.936211084
42.0,450.0,1.112699739305e-02,4.673338905081e-01,6.266708160398e-01,2.029605299
42.0,452.0,1.141037706817e-02,4.792358368631e-01,6.192564239777e-01,2.081294795
42.0,454.0,1.156507847319e-02,4.857332958740e-01,6.152458740470e-01,2.109512901
42.0,456.0,1.165106429946e-02,4.893447005773e-01,6.130279794718e-01,2.125197032
42.0,458.0,1.175829847849e-02,4.938485360966e-01,6.102732104534e-01,2.144756941
42.0,460.0,1.186674613428e-02,4.984033376398e-01,6.074998579226e-01,2.164538193
42.0,462.0,1.205637353789e-02,5.063676885914e-01,6.026807319298e-01,2.199126930
42.0,464.0,1.222714806386e-02,5.135402186821e-01,5.983734517590e-01,2.230276832
42.0,466.0,1.241903814858e-02,5.215996022404e-01,5.935703117723e-01,2.265278290
42.0,468.0,1.257201325038e-02,5.280245565160e-01,5.897688747662e-01,2.293181512
42.0,470.0,1.283604381141e-02,5.391138400792e-01,5.832648893969e-01,2.341341659
42.0,472.0,1.314110122105e-02,5.519262512841e-01,5.758395297504e-01,2.396985254
42.0,474.0,1.344715778091e-02,5.647806267982e-01,5.684848434198e-01,2.452811097
42.0,476.0,1.378418667130e-02,5.789358401946e-01,5.604945050393e-01,2.514286408
42.0,478.0,1.413216191905e-02,5.935508006001e-01,5.523624694772e-01,2.577758374
42.0,480.0,1.446105836676e-02,6.073644514039e-01,5.447847854428e-01,2.637750297
42.0,482.0,1.482085164323e-02,6.224757690157e-01,5.366142587112e-01,2.703377916
42.0,484.0,1.518151813511e-02,6.376237616746e-01,5.285468863702e-01,2.769164812
42.0,486.0,1.556303495983e-02,6.536474683129e-01,5.201450997692e-01,2.838754886
42.0,488.0,1.607537993942e-02,6.751659574556e-01,5.090719293146e-01,2.932208497
42.0,490.0,1.672853157561e-02,7.025983261756e-01,4.952966880451e-01,3.051345761
42.0,492.0,1.754246902578e-02,7.367836990828e-01,4.786509278673e-01,3.199810949
42.0,494.0,1.853717207993e-02,7.785612273571e-01,4.590660280268e-01,3.381248449
42.0,496.0,1.976262113856e-02,8.300300878195e-01,4.360361667467e-01,3.604774870
42.0,498.0,2.124879719143e-02,8.924494820401e-01,4.096510898156e-01,3.875858854
42.0,500.0,2.268568179718e-02,9.527986354816e-01,3.856601894398e-01,4.137951898
42.0,502.0,2.434325706370e-02,1.022416796675e+00,3.597245077732e-01,4.440299730
42.0,504.0,2.613150562929e-02,1.097523236430e+00,3.336965484902e-01,4.766482853
42.0,506.0,2.854041064458e-02,1.198697247072e+00,3.015868492528e-01,5.205875999
42.0,508.0,3.153995575512e-02,1.324678141715e+00,2.658885237426e-01,5.753004072
42.0,510.0,3.480012508463e-02,1.461605253554e+00,2.318637756820e-01,6.347670963
42.0,512.0,3.746090321893e-02,1.573357935195e+00,2.073477517358e-01,6.833006693
42.0,514.0,3.912227519045e-02,1.643135557999e+00,1.933727592009e-01,7.136047059
42.0,516.0,3.992422646334e-02,1.676817511460e+00,1.869680539038e-01,7.282325924
42.0,518.0,4.046674291916e-02,1.699603202605e+00,1.827560267827e-01,7.381282923
42.0,520.0,4.082981084306e-02,1.714852055409e+00,1.799903473418e-01,7.447507849
42.0,522.0,4.125341691052e-02,1.732643510242e+00,1.768163757156e-01,7.524775156
42.0,524.0,4.177754817459e-02,1.754657023333e+00,1.729665556124e-01,7.620378629
42.0,526.0,4.246219205357e-02,1.783412066250e+00,1.680637232815e-01,7.745260193
42.0,528.0,4.317733631914e-02,1.813448125404e+00,1.630908085875e-01,7.875705141
42.0,530.0,4.395296908500e-02,1.846024701570e+00,1.578634750312e-01,8.017183413
42.0,532.0,4.480907879581e-02,1.881981309424e+00,1.522880768475e-01,8.173340977
42.0,534.0,4.584565421664e-02,1.925517477099e+00,1.458002890209e-01,8.362416151
42.0,536.0,4.687268442274e-02,1.968652745755e+00,1.396448666771e-01,8.549750243
42.0,538.0,4.789015878967e-02,2.011386669166e+00,1.338030054657e-01,8.735341314
42.0,540.0,4.895806698389e-02,2.056238813323e+00,1.279342507150e-01,8.930131701
42.0,542.0,5.021639895350e-02,2.109088756047e+00,1.213484941484e-01,9.159656086
42.0,544.0,5.177514491951e-02,2.174556086619e+00,1.136585970457e-01,9.443977090
42.0,546.0,5.359429536727e-02,2.250960405425e+00,1.052980471682e-01,9.775796831
42.0,548.0,5.558384103828e-02,2.334521323608e+00,9.685683451188e-02,10.138697287
42.0,550.0,5.760377292229e-02,2.419358462736e+00,8.897868229320e-02,10.507140301
44.0,350.0,9.889596205244e-03,4.351422330307e-01,6.471726112096e-01,1.889798706
44.0,352.0,9.716301458359e-03,4.275172641678e-01,6.521261434838e-01,1.856683887
44.0,354.0,9.530050616577e-03,4.193222271294e-01,6.574922992741e-01,1.821093294
44.0,356.0,9.330572014292e-03,4.105451686288e-01,6.632885474429e-01,1.782975013
44.0,358.0,9.137606428434e-03,4.020546828511e-01,6.689441649160e-01,1.746101302
44.0,360.0,9.010906417364e-03,3.964798823640e-01,6.726838093731e-01,1.721890251
44.0,362.0,8.910235699738e-03,3.920503707885e-01,6.756700790688e-01,1.702653127
44.0,364.0,8.775368570623e-03,3.861162171074e-01,6.796915293066e-01,1.676881425
44.0,366.0,8.606089352376e-03,3.786679315045e-01,6.847729664444e-01,1.644533931
44.0,368.0,8.442191877956e-03,3.714564426301e-01,6.897290479581e-01,1.613214833
44.0,370.0,8.293479004540e-03,3.649130761998e-01,6.942569957117e-01,1.584797354
44.0,372.0,8.159762155435e-03,3.590295348391e-01,6.983537252820e-01,1.559245458
44.0,374.0,8.020860888458e-03,3.529178790922e-01,7.026348920233e-01,1.532702875
44.0,376.0,7.906602489062e-03,3.478905095187e-01,7.061761915527e-01,1.510869286
44.0,378.0,7.796821586622e-03,3.430601498114e-01,7.095955282394e-01,1.489891300
44.0,380.0,7.711359792400e-03,3.392998308656e-01,7.122688568821e-01,1.473560443
44.0,382.0,7.610065357832e-03,3.348428757446e-01,7.154504921473e-01,1.454204132
44.0,384.0,7.512792851830e-03,3.305628854805e-01,7.185191755713e-01,1.435616371
44.0,386.0,7.419402855952e-03,3.264537256619e-01,7.214777601820e-01,1.417770517
44.0,388.0,7.359761676293e-03,3.238295137569e-01,7.233735571079e-01,1.406373709
44.0,390.0,7.313741071094e-03,3.218046071281e-01,7.248398050253e-01,1.397579651
44.0,392.0,7.241217993107e-03,3.186135916967e-01,7.271564743264e-01,1.383721247
44.0,394.0,7.222074345802e-03,3.177712712153e-01,7.277692311505e-01,1.380063096
44.0,396.0,7.216196752604e-03,3.175126571146e-01,7.279574668749e-01,1.378939949
44.0,398.0,7.223476338366e-03,3.178329588881e-01,7.277243381450e-01,1.380331002
44.0,400.0,7.253808522356e-03,3.191675749837e-01,7.267537533533e-01,1.386127166
44.0,402.0,7.297092822081e-03,3.210720841716e-01,7.253709613407e-01,1.394398344
44.0,404.0,7.303232667298e-03,3.213422373611e-01,7.251750265293e-01,1.395571605
44.0,406.0,7.292135223641e-03,3.208539498402e-01,7.255292069091e-01,1.393450999
44.0,408.0,7.213711225286e-03,3.174032939126e-01,7.280370829879e-01,1.378464991
44.0,410.0,7.187874816150e-03,3.162664919106e-01,7.288651876077e-01,1.373527922
44.0,412.0,7.144543399123e-03,3.143599095614e-01,7.302561546846e-01,1.365247741
44.0,414.0,7.143637492892e-03,3.143200496872e-01,7.302852631831e-01,1.365074631
44.0,416.0,7.135080595916e-03,3.139435462203e-01,7.305602698838e-01,1.363439498
44.0,418.0,7.168799057154e-03,3.154271585148e-01,7.294772053082e-01,1.369882744
44.0,420.0,7.204721953181e-03,3.170077659400e-01,7.283250989747e-01,1.376747235
44.0,422.0,7.222780971318e-03,3.178023627380e-01,7.277466040487e-01,1.380198125
44.0,424.0,7.232910298468e-03,3.182480531326e-01,7.274223266466e-01,1.382133734
44.0,426.0,7.285046515327e-03,3.205420466744e-01,7.257555370604e-01,1.392096421
44.0,428.0,7.349128495696e-03,3.233616538106e-01,7.237120738045e-01,1.404341819
44.0,430.0,7.455097310597e-03,3.280242816663e-01,7.203455283032e-01,1.424591355
44.0,432.0,7.572896136960e-03,3.332074300262e-01,7.166215299148e-01,1.447101482
44.0,434.0,7.722470170618e-03,3.397886875072e-01,7.119207446163e-01,1.475683520
44.0,436.0,7.903766543389e-03,3.477657279091e-01,7.062643148526e-01,1.510327366
44.0,438.0,8.216734244034e-03,3.615363067375e-01,6.966053041504e-01,1.570132230
44.0,440.0,8.571324042880e-03,3.771382578867e-01,6.858212471446e-01,1.637890643
44.0,442.0,9.027488419921e-03,3.972094904765e-01,6.721931928093e-01,1.725058899
44.0,444.0,9.485181496220e-03,4.173479858337e-01,6.587916298970e-01,1.812519273
44.0,446.0,1.007435896844e-02,4.432717946114e-01,6.419327095238e-01,1.925104944
44.0,448.0,1.061497804633e-02,4.670590340385e-01,6.268430842413e-01,2.028411612
44.0,450.0,1.112699739305e-02,4.895878852942e-01,6.128789185616e-01,2.126253170
44.0,452.0,1.141037706817e-02,5.020565909995e-01,6.052845560190e-01,2.180404071
44.0,454.0,1.156507847319e-02,5.088634528204e-01,6.011784583577e-01,2.209965896
44.0,456.0,1.165106429946e-02,5.126468291762e-01,5.989082711868e-01,2.226396891
44.0,458.0,1.175829847849e-02,5.173651330536e-01,5.960890960613e-01,2.246888224
44.0,460.0,1.186674613428e-02,5.221368299083e-01,5.932515150188e-01,2.267611440
44.0,462.0,1.205637353789e-02,5.304804356672e-01,5.883222507766e-01,2.303847260
44.0,464.0,1.222714806386e-02,5.379945148098e-01,5.839181180458e-01,2.336480491
44.0,466.0,1.241903814858e-02,5.464376785375e-01,5.790087562089e-01,2.373148685
44.0,468.0,1.257201325038e-02,5.531685830167e-01,5.751245902177e-01,2.402380632
44.0,470.0,1.283604381141e-02,5.647859277020e-01,5.684818299443e-01,2.452834119
44.0,472.0,1.314110122105e-02,5.782084537262e-01,5.609023494701e-01,2.511127408
44.0,474.0,1.344715778091e-02,5.916749423600e-01,5.533995956138e-01,2.569611625
44.0,476.0,1.378418667130e-02,6.065042135372e-01,5.452536315751e-01,2.634014332
44.0,478.0,1.413216191905e-02,6.218151244382e-01,5.369688871402e-01,2.700508773
44.0,480.0,1.446105836676e-02,6.362865681374e-01,5.292541286052e-01,2.763357455
44.0,482.0,1.482085164323e-02,6.521174723021e-01,5.209415288081e-01,2.832110198
44.0,484.0,1.518151813511e-02,6.679867979448e-01,5.127397882162e-01,2.901029803
44.0,486.0,1.556303495983e-02,6.847735382325e-01,5.042043996663e-01,2.973933690
44.0,488.0,1.607537993942e-02,7.073167173345e-01,4.929651893183e-01,3.071837473
44.0,490.0,1.672853157561e-02,7.360553893268e-01,4.789996609852e-01,3.196647940
44.0,492.0,1.754246902578e-02,7.718686371343e-01,4.621486727704e-01,3.352182899
44.0,494.0,1.853717207993e-02,8.156355715169e-01,4.423580877960e-01,3.542260280
44.0,496.0,1.976262113856e-02,8.695553300966e-01,4.191378858186e-01,3.776430816
44.0,498.0,2.124879719143e-02,9.349470764229e-01,3.926066431296e-01,4.060423562
44.0,500.0,2.268568179718e-02,9.981699990759e-01,3.685532772610e-01,4.334997226
44.0,502.0,2.434325706370e-02,1.071103310803e+00,3.426302811105e-01,4.651742574
44.0,504.0,2.613150562929e-02,1.149786247689e+00,3.167044584544e-01,4.993458227
44.0,506.0,2.854041064458e-02,1.255778068362e+00,2.848541259950e-01,5.453774856
44.0,508.0,3.153995575512e-02,1.387758053225e+00,2.496343446424e-01,6.026956647
44.0,510.0,3.480012508463e-02,1.531205503724e+00,2.162747900386e-01,6.649941009
44.0,512.0,3.746090321893e-02,1.648279741633e+00,1.923805684115e-01,7.158387964
44.0,514.0,3.912227519045e-02,1.721380108380e+00,1.788191876754e-01,7.475858823
44.0,516.0,3.992422646334e-02,1.756665964387e+00,1.726194247972e-01,7.629103349
44.0,518.0,4.046674291916e-02,1.780536688443e+00,1.685476654064e-01,7.732772586
44.0,520.0,4.082981084306e-02,1.796511677095e+00,1.658765110013e-01,7.802151080
44.0,522.0,4.125341691052e-02,1.815150344063e+00,1.628134285177e-01,7.883097783
44.0,524.0,4.177754817459e-02,1.838212119682e+00,1.591016266398e-01,7.983253801
44.0,526.0,4.246219205357e-02,1.868336450357e+00,1.543802675567e-01,8.114082107
44.0,528.0,4.317733631914e-02,1.899802798042e+00,1.495981173556e-01,8.250738719
44.0,530.0,4.395296908500e-02,1.933930639740e+00,1.445787930035e-01,8.398954052
44.0,532.0,4.480907879581e-02,1.971599467016e+00,1.392339778642e-01,8.562547690
44.0,534.0,4.584565421664e-02,2.017208785532e+00,1.330262521659e-01,8.760626444
44.0,536.0,4.687268442274e-02,2.062398114601e+00,1.271486868669e-01,8.956881207
44.0,538.0,4.789015878967e-02,2.107166986745e+00,1.215819221848e-01,9.151309948
44.0,540.0,4.895806698389e-02,2.154154947291e+00,1.160011763138e-01,9.355376068
44.0,542.0,5.021639895350e-02,2.209521553954e+00,1.097531469149e-01,9.595830185
44.0,544.0,5.177514491951e-02,2.278106376458e+00,1.024780779990e-01,9.893690285
44.0,546.0,5.359429536727e-02,2.358148996160e+00,9.459515724387e-02,10.241310965
44.0,548.0,5.558384103828e-02,2.445689005684e+00,8.666640068278e-02,10.621492396
44.0,550.0,5.760377292229e-02,2.534566008581e+00,7.929612563626e-02,11.007480315
46.0,350.0,9.889596205244e-03,4.549214254412e-01,6.344978213760e-01,1.975698648
46.0,352.0,9.716301458359e-03,4.469498670845e-01,6.395759712792e-01,1.941078610
46.0,354.0,9.530050616577e-03,4.383823283625e-01,6.450791036667e-01,1.903870262
46.0,356.0,9.330572014292e-03,4.292063126574e-01,6.510256005030e-01,1.864019332
46.0,358.0,9.137606428434e-03,4.203298957080e-01,6.568300986389e-01,1.825469543
46.0,360.0,9.010906417364e-03,4.145016951987e-01,6.606694134347e-01,1.800157990
46.0,362.0,8.910235699738e-03,4.098708421879e-01,6.637359712863e-01,1.780046451
46.0,364.0,8.775368570623e-03,4.036669542487e-01,6.678665143384e-01,1.753103308
46.0,366.0,8.606089352376e-03,3.958801102093e-01,6.730873874062e-01,1.719285474
46.0,368.0,8.442191877956e-03,3.883408263860e-01,6.781811618356e-01,1.686542780
46.0,370.0,8.293479004540e-03,3.815000342088e-01,6.828363626991e-01,1.656833597
46.0,372.0,8.159762155435e-03,3.753490591500e-01,6.870494160451e-01,1.630120252
46.0,374.0,8.020860888458e-03,3.689596008691e-01,6.914533440002e-01,1.602371187
46.0,376.0,7.906602489062e-03,3.637037144969e-01,6.950971114337e-01,1.579545163
46.0,378.0,7.796821586622e-03,3.586537929846e-01,6.986161753095e-01,1.557613632
46.0,380.0,7.711359792400e-03,3.547225504504e-01,7.013680104546e-01,1.540540463
46.0,382.0,7.610065357832e-03,3.500630064603e-01,7.046436912153e-01,1.520304320
46.0,384.0,7.512792851830e-03,3.455884711842e-01,7.078037088014e-01,1.500871660
46.0,386.0,7.419402855952e-03,3.412925313738e-01,7.108509315885e-01,1.482214631
46.0,388.0,7.359761676293e-03,3.385490371095e-01,7.128038246927e-01,1.470299787
46.0,390.0,7.313741071094e-03,3.364320892703e-01,7.143143915406e-01,1.461105999
46.0,392.0,7.241217993107e-03,3.330960276829e-01,7.167013676794e-01,1.446617668
46.0,394.0,7.222074345802e-03,3.322154199069e-01,7.173327784487e-01,1.442793237
46.0,396.0,7.216196752604e-03,3.319450506198e-01,7.175267494214e-01,1.441619038
46.0,398.0,7.223476338366e-03,3.322799115648e-01,7.172865179603e-01,1.443073320
46.0,400.0,7.253808522356e-03,3.336751920284e-01,7.162863999798e-01,1.449132946
46.0,402.0,7.297092822081e-03,3.356662698157e-01,7.148616369171e-01,1.457780087
46.0,404.0,7.303232667298e-03,3.359487026957e-01,7.146597649952e-01,1.459006678
46.0,406.0,7.292135223641e-03,3.354382202875e-01,7.150246793664e-01,1.456789681
46.0,408.0,7.213711225286e-03,3.318307163632e-01,7.176087919989e-01,1.441122490
46.0,410.0,7.187874816150e-03,3.306422415429e-01,7.184621589811e-01,1.435961010
46.0,412.0,7.144543399123e-03,3.286489963597e-01,7.198956584022e-01,1.427304456
46.0,414.0,7.143637492892e-03,3.286073246730e-01,7.199256582935e-01,1.427123478
46.0,416.0,7.135080595916e-03,3.282137074121e-01,7.202090892372e-01,1.425414020
46.0,418.0,7.168799057154e-03,3.297647566291e-01,7.190928753684e-01,1.432150141
46.0,420.0,7.204721953181e-03,3.314172098463e-01,7.179055892705e-01,1.439326654
46.0,422.0,7.222780971318e-03,3.322479246806e-01,7.173094620880e-01,1.442934403
46.0,424.0,7.232910298468e-03,3.327138737295e-01,7.169753102813e-01,1.444957994
46.0,426.0,7.285046515327e-03,3.351121397050e-01,7.152578730482e-01,1.455373531
46.0,428.0,7.349128495696e-03,3.380599108020e-01,7.131525610765e-01,1.468175538
46.0,430.0,7.455097310597e-03,3.429344762875e-01,7.096847112138e-01,1.489345507
46.0,432.0,7.572896136960e-03,3.483532223002e-01,7.058495103886e-01,1.512878822
46.0,434.0,7.722470170618e-03,3.552336278484e-01,7.010096486999e-01,1.542760044
46.0,436.0,7.903766543389e-03,3.635732609959e-01,6.951877952003e-01,1.578978610
46.0,438.0,8.216734244034e-03,3.779697752256e-01,6.852512119162e-01,1.641501877
46.0,440.0,8.571324042880e-03,3.942809059725e-01,6.741646527620e-01,1.712340218
46.0,442.0,9.027488419921e-03,4.152644673164e-01,6.601656653741e-01,1.803470667
46.0,444.0,9.485181496220e-03,4.363183488261e-01,6.464119087040e-01,1.894906512
46.0,446.0,1.007435896844e-02,4.634205125482e-01,6.291280206486e-01,2.012609714
46.0,448.0,1.061497804633e-02,4.882889901312e-01,6.136755012511e-01,2.120612140
46.0,450.0,1.112699739305e-02,5.118418800803e-01,5.993905559396e-01,2.222901041
46.0,452.0,1.141037706817e-02,5.248773451358e-01,5.916279259596e-01,2.279513347
46.0,454.0,1.156507847319e-02,5.319936097667e-01,5.874326899844e-01,2.310418891
46.0,456.0,1.165106429946e-02,5.359489577752e-01,5.851137783385e-01,2.327596749
46.0,458.0,1.175829847849e-02,5.408817300105e-01,5.822346522129e-01,2.349019507
46.0,460.0,1.186674613428e-02,5.458703221769e-01,5.793373537167e-01,2.370684688
46.0,462.0,1.205637353789e-02,5.545931827429e-01,5.743058512101e-01,2.408567590
46.0,464.0,1.222714806386e-02,5.624488109376e-01,5.698119921260e-01,2.442684149
46.0,466.0,1.241903814858e-02,5.712757548347e-01,5.648044269019e-01,2.481019080
46.0,468.0,1.257201325038e-02,5.783126095175e-01,5.608439312844e-01,2.511579751
46.0,470.0,1.283604381141e-02,5.904580153249e-01,5.540734524771e-01,2.564326579
46.0,472.0,1.314110122105e-02,6.044906561683e-01,5.463526371270e-01,2.625269563
46.0,474.0,1.344715778091e-02,6.185692579219e-01,5.387146481922e-01,2.686412154
46.0,476.0,1.378418667130e-02,6.340725868798e-01,5.304271854102e-01,2.753742256
46.0,478.0,1.413216191905e-02,6.500794482763e-01,5.220043027714e-01,2.823259172
46.0,480.0,1.446105836676e-02,6.652086848710e-01,5.141662177992e-01,2.888964612
46.0,482.0,1.482085164323e-02,6.817591755886e-01,5.057265475739e-01,2.960842479
46.0,484.0,1.518151813511e-02,6.983498342151e-01,4.974054283537e-01,3.032894794
46.0,486.0,1.556303495983e-02,7.158996081522e-01,4.887522284756e-01,3.109112494
46.0,488.0,1.607537993942e-02,7.394674772133e-01,4.773680572150e-01,3.211466449
46.0,490.0,1.672853157561e-02,7.695124524781e-01,4.632388642240e-01,3.341950119
46.0,492.0,1.754246902578e-02,8.069535751859e-01,4.462153592705e-01,3.504554849
46.0,494.0,1.853717207993e-02,8.527099156768e-01,4.262582414988e-01,3.703272110
46.0,496.0,1.976262113856e-02,9.090805723738e-01,4.028944861140e-01,3.948086762
46.0,498.0,2.124879719143e-02,9.774446708058e-01,3.762713686394e-01,4.244988269
46.0,500.0,2.268568179718e-02,1.043541362670e+00,3.522051845101e-01,4.532042554
46.0,502.0,2.434325706370e-02,1.119789824930e+00,3.263483777086e-01,4.863185419
46.0,504.0,2.613150562929e-02,1.202049258947e+00,3.005776189736e-01,5.220433601
46.0,506.0,2.854041064458e-02,1.312858889651e+00,2.690497722213e-01,5.701673713
46.0,508.0,3.153995575512e-02,1.450837964736e+00,2.343738087972e-01,6.300909222
46.0,510.0,3.480012508463e-02,1.600805753893e+00,2.017339046113e-01,6.952211055
46.0,512.0,3.746090321893e-02,1.723201548071e+00,1.784937757585e-01,7.483769235
46.0,514.0,3.912227519045e-02,1.799624658761e+00,1.653609433563e-01,7.815670588
46.0,516.0,3.992422646334e-02,1.836514417314e+00,1.593719632588e-01,7.975880774
46.0,518.0,4.046674291916e-02,1.861470174281e+00,1.554439326245e-01,8.084262249
46.0,520.0,4.082981084306e-02,1.878171298781e+00,1.528694027669e-01,8.156794311
46.0,522.0,4.125341691052e-02,1.897657177884e+00,1.499194426896e-01,8.241420409
46.0,524.0,4.177754817459e-02,1.921767216031e+00,1.463481047524e-01,8.346128974
46.0,526.0,4.246219205357e-02,1.953260834464e+00,1.418108949721e-01,8.482904021
46.0,528.0,4.317733631914e-02,1.986157470680e+00,1.372216920756e-01,8.625772297
46.0,530.0,4.395296908500e-02,2.021836577910e+00,1.324120565711e-01,8.780724691
46.0,532.0,4.480907879581e-02,2.061217624607e+00,1.272988732487e-01,8.951754404
46.0,534.0,4.584565421664e-02,2.108900093965e+00,1.213713901676e-01,9.158836737
46.0,536.0,4.687268442274e-02,2.156143483446e+00,1.157707329791e-01,9.364012171
46.0,538.0,4.789015878967e-02,2.202947304325e+00,1.104770685136e-01,9.567278582
46.0,540.0,4.895806698389e-02,2.252071081259e+00,1.051811600957e-01,9.780620434
46.0,542.0,5.021639895350e-02,2.309954351861e+00,9.926578275447e-02,10.032004285
46.0,544.0,5.177514491951e-02,2.381656666297e+00,9.239737902220e-02,10.343403480
46.0,546.0,5.359429536727e-02,2.465337586894e+00,8.498014934407e-02,10.706825100
46.0,548.0,5.558384103828e-02,2.556856687761e+00,7.754811568187e-02,11.104287505
46.0,550.0,5.760377292229e-02,2.649773554425e+00,7.066721352652e-02,11.507820330
48.0,350.0,9.889596205244e-03,4.747006178517e-01,6.220712656217e-01,2.061598589
48.0,352.0,9.716301458359e-03,4.663824700012e-01,6.272673272267e-01,2.025473332
48.0,354.0,9.530050616577e-03,4.574424295957e-01,6.329002643024e-01,1.986647230
48.0,356.0,9.330572014292e-03,4.478674566860e-01,6.389893721884e-01,1.945063651
48.0,358.0,9.137606428434e-03,4.386051085648e-01,6.449354088202e-01,1.904837784
48.0,360.0,9.010906417364e-03,4.325235080335e-01,6.488695993069e-01,1.878425728
48.0,362.0,8.910235699738e-03,4.276913135874e-01,6.520126511839e-01,1.857439774
48.0,364.0,8.775368570623e-03,4.212176913899e-01,6.562472264876e-01,1.829325191
48.0,366.0,8.606089352376e-03,4.130922889140e-01,6.616012215520e-01,1.794037016
48.0,368.0,8.442191877956e-03,4.052252101419e-01,6.668266178294e-01,1.759870727
48.0,370.0,8.293479004540e-03,3.980869922179e-01,6.716036008339e-01,1.728869840
48.0,372.0,8.159762155435e-03,3.916685834609e-01,6.759280905923e-01,1.700995045
48.0,374.0,8.020860888458e-03,3.850013226460e-01,6.804497362099e-01,1.672039500
48.0,376.0,7.906602489062e-03,3.795169194750e-01,6.841918491491e-01,1.648221039
48.0,378.0,7.796821586622e-03,3.742474361579e-01,6.878067025241e-01,1.625335964
48.0,380.0,7.711359792400e-03,3.701452700352e-01,6.906339949249e-01,1.607520483
48.0,382.0,7.610065357832e-03,3.652831371759e-01,6.940001258218e-01,1.586404508
48.0,384.0,7.512792851830e-03,3.606140568878e-01,6.972480446256e-01,1.566126950
48.0,386.0,7.419402855952e-03,3.561313370857e-01,7.003806282438e-01,1.546658745
48.0,388.0,7.359761676293e-03,3.532685604621e-01,7.023885342559e-01,1.534225864
48.0,390.0,7.313741071094e-03,3.510595714125e-01,7.039418177981e-01,1.524632347
48.0,392.0,7.241217993107e-03,3.475784636691e-01,7.063965852871e-01,1.509514088
48.0,394.0,7.222074345802e-03,3.466595685985e-01,7.070459879480e-01,1.505523377
48.0,396.0,7.216196752604e-03,3.463774441250e-01,7.072454910661e-01,1.504298126
48.0,398.0,7.223476338366e-03,3.467268642416e-01,7.069984084345e-01,1.505815639
48.0,400.0,7.253808522356e-03,3.481828090731e-01,7.059698067312e-01,1.512138727
48.0,402.0,7.297092822081e-03,3.502604554599e-01,7.045045737581e-01,1.521161830
48.0,404.0,7.303232667298e-03,3.505551680303e-01,7.042969779964e-01,1.522441751
48.0,406.0,7.292135223641e-03,3.500224907348e-01,7.046722409440e-01,1.520128363
48.0,408.0,7.213711225286e-03,3.462581388137e-01,7.073298742431e-01,1.503779990
48.0,410.0,7.187874816150e-03,3.450179911752e-01,7.082076118660e-01,1.498394097
48.0,412.0,7.144543399123e-03,3.429380831579e-01,7.096821514776e-01,1.489361171
48.0,414.0,7.143637492892e-03,3.428945996588e-01,7.097130116117e-01,1.489172325
48.0,416.0,7.135080595916e-03,3.424838686040e-01,7.100045726581e-01,1.487388543
48.0,418.0,7.168799057154e-03,3.441023547434e-01,7.088563695244e-01,1.494417539
48.0,420.0,7.204721953181e-03,3.458266537527e-01,7.076351423717e-01,1.501906074
48.0,422.0,7.222780971318e-03,3.466934866233e-01,7.070220067513e-01,1.505670682
48.0,424.0,7.232910298468e-03,3.471796943265e-01,7.066783307611e-01,1.507782255
48.0,426.0,7.285046515327e-03,3.496822327357e-01,7.049120521072e-01,1.518650641
48.0,428.0,7.349128495696e-03,3.527581677934e-01,7.027471197162e-01,1.532009257
48.0,430.0,7.455097310597e-03,3.578446709087e-01,6.991816698258e-01,1.554099660
48.0,432.0,7.572896136960e-03,3.634990145741e-01,6.952394123228e-01,1.578656162
48.0,434.0,7.722470170618e-03,3.706785681897e-01,6.902657792831e-01,1.609836567
48.0,436.0,7.903766543389e-03,3.793807940827e-01,6.842849913723e-01,1.647629854
48.0,438.0,8.216734244034e-03,3.944032437136e-01,6.740821820260e-01,1.712871524
48.0,440.0,8.571324042880e-03,4.114235540582e-01,6.627061802562e-01,1.786789793
48.0,442.0,9.027488419921e-03,4.333194441562e-01,6.483533460334e-01,1.881882435
48.0,444.0,9.485181496220e-03,4.552887118186e-01,6.342648217611e-01,1.977293752
48.0,446.0,1.007435896844e-02,4.835692304851e-01,6.165787480418e-01,2.100114484
48.0,448.0,1.061497804633e-02,5.095189462238e-01,6.007845189703e-01,2.212812668
48.0,450.0,1.112699739305e-02,5.340958748664e-01,5.861990479176e-01,2.319548913
48.0,452.0,1.141037706817e-02,5.476980992722e-01,5.782794212980e-01,2.378622623
48.0,454.0,1.156507847319e-02,5.551237667131e-01,5.740012145563e-01,2.410871887
48.0,456.0,1.165106429946e-02,5.592510863741e-01,5.716370103275e-01,2.428796608
48.0,458.0,1.175829847849e-02,5.643983269675e-01,5.687022166274e-01,2.451150790
48.0,460.0,1.186674613428e-02,5.696038144454e-01,5.657495360982e-01,2.473757935
48.0,462.0,1.205637353789e-02,5.787059298187e-01,5.606233833562e-01,2.513287920
48.0,464.0,1.222714806386e-02,5.869031070653e-01,5.560466379384e-01,2.548887808
48.0,466.0,1.241903814858e-02,5.961138311318e-01,5.509485603235e-01,2.588889474
48.0,468.0,1.257201325038e-02,6.034566360182e-01,5.469178689430e-01,2.620778871
48.0,470.0,1.283604381141e-02,6.161301029477e-01,5.400302605450e-01,2.675819038
48.0,472.0,1.314110122105e-02,6.307728586104e-01,5.321803418680e-01,2.739411718
48.0,474.0,1.344715778091e-02,6.454635734837e-01,5.244193788306e-01,2.803212682
48.0,476.0,1.378418667130e-02,6.616409602224e-01,5.160038975063e-01,2.873470180
48.0,478.0,1.413216191905e-02,6.783437721144e-01,5.074567607876e-01,2.946009571
48.0,480.0,1.446105836676e-02,6.941308016045e-01,4.995084312760e-01,3.014571769
48.0,482.0,1.482085164323e-02,7.114008788750e-01,4.909559456820e-01,3.089574761
48.0,484.0,1.518151813511e-02,7.287128704853e-01,4.825296687360e-01,3.164759785
48.0,486.0,1.556303495983e-02,7.470256780718e-01,4.737736144269e-01,3.244291298
48.0,488.0,1.607537993942e-02,7.716182370922e-01,4.622644093072e-01,3.351095425
48.0,490.0,1.672853157561e-02,8.029695156293e-01,4.479966538727e-01,3.487252298
48.0,492.0,1.754246902578e-02,8.420385132374e-01,4.308313721975e-01,3.656926798
48.0,494.0,1.853717207993e-02,8.897842598366e-01,4.107443572490e-01,3.864283941
48.0,496.0,1.976262113856e-02,9.486058146509e-01,3.872805881625e-01,4.119742708
48.0,498.0,2.124879719143e-02,1.019942265189e+00,3.606157596549e-01,4.429552976
48.0,500.0,2.268568179718e-02,1.088912726265e+00,3.365822518733e-01,4.729087883
48.0,502.0,2.434325706370e-02,1.168476339058e+00,3.108401956998e-01,5.074628263
48.0,504.0,2.613150562929e-02,1.254312270206e+00,2.852719708108e-01,5.447408975
48.0,506.0,2.854041064458e-02,1.369939710940e+00,2.541222798844e-01,5.949572570
48.0,508.0,3.153995575512e-02,1.513917876246e+00,2.200461732492e-01,6.574861797
48.0,510.0,3.480012508463e-02,1.670406004062e+00,1.881706520786e-01,7.254481101
48.0,512.0,3.746090321893e-02,1.798123354509e+00,1.656093868917e-01,7.809150506
48.0,514.0,3.912227519045e-02,1.877869209142e+00,1.529155900056e-01,8.155482353
48.0,516.0,3.992422646334e-02,1.916362870240e+00,1.471411615627e-01,8.322658199
48.0,518.0,4.046674291916e-02,1.942403660120e+00,1.433589491228e-01,8.435751912
48.0,520.0,4.082981084306e-02,1.959830920467e+00,1.408822392106e-01,8.511437542
48.0,522.0,4.125341691052e-02,1.980164011705e+00,1.380465941968e-01,8.599743035
48.0,524.0,4.177754817459e-02,2.005322312380e+00,1.346169000089e-01,8.709004147
48.0,526.0,4.246219205357e-02,2.038185218571e+00,1.302648988180e-01,8.851725935
48.0,528.0,4.317733631914e-02,2.072512143319e+00,1.258691827741e-01,9.000805875
48.0,530.0,4.395296908500e-02,2.109742516080e+00,1.212691872795e-01,9.162495330
48.0,532.0,4.480907879581e-02,2.150835782199e+00,1.163868430606e-01,9.340961117
48.0,534.0,4.584565421664e-02,2.200591402399e+00,1.107376484820e-01,9.557047030
48.0,536.0,4.687268442274e-02,2.249888852292e+00,1.054109400952e-01,9.771143134
48.0,538.0,4.789015878967e-02,2.298727621904e+00,1.003864920707e-01,9.983247216
48.0,540.0,4.895806698389e-02,2.349987215227e+00,9.537038149646e-02,10.205864801
48.0,542.0,5.021639895350e-02,2.410387149768e+00,8.978052933190e-02,10.468178384
48.0,544.0,5.177514491951e-02,2.485206956136e+00,8.330831156158e-02,10.793116674
48.0,546.0,5.359429536727e-02,2.572526177629e+00,7.634244704433e-02,11.172339235
48.0,548.0,5.558384103828e-02,2.668024369837e+00,6.938917733322e-02,11.587082614
48.0,550.0,5.760377292229e-02,2.764981100270e+00,6.297728959054e-02,12.008160344
50.0,350.0,9.889596205244e-03,4.944798102622e-01,6.098880823152e-01,2.147498530
50.0,352.0,9.716301458359e-03,4.858150729180e-01,6.151955631153e-01,2.109868054
50.0,354.0,9.530050616577e-03,4.765025308288e-01,6.209513566277e-01,2.069424198
50.0,356.0,9.330572014292e-03,4.665286007146e-01,6.271756709018e-01,2.026107969
50.0,358.0,9.137606428434e-03,4.568803214217e-01,6.332561227204e-01,1.984206025
50.0,360.0,9.010906417364e-03,4.505453208682e-01,6.372805344746e-01,1.956693467
50.0,362.0,8.910235699738e-03,4.455117849869e-01,6.404963956979e-01,1.934833098
50.0,364.0,8.775368570623e-03,4.387684285312e-01,6.448300865918e-01,1.905547073
50.0,366.0,8.606089352376e-03,4.303044676188e-01,6.503110659164e-01,1.868788558
50.0,368.0,8.442191877956e-03,4.221095938978e-01,6.556621788820e-01,1.833198674
50.0,370.0,8.293479004540e-03,4.146739502270e-01,6.605556196073e-01,1.800906084
50.0,372.0,8.159762155435e-03,4.079881077717e-01,6.649867869500e-01,1.771869839
50.0,374.0,8.020860888458e-03,4.010430444229e-01,6.696212369579e-01,1.741707812
50.0,376.0,7.906602489062e-03,3.953301244531e-01,6.734576776999e-01,1.716896916
50.0,378.0,7.796821586622e-03,3.898410793311e-01,6.771644813798e-01,1.693058296
50.0,380.0,7.711359792400e-03,3.855679896200e-01,6.800642570464e-01,1.674500503
50.0,382.0,7.610065357832e-03,3.805032678916e-01,6.835173303120e-01,1.652504696
50.0,384.0,7.512792851830e-03,3.756396425915e-01,6.868497998653e-01,1.631382240
50.0,386.0,7.419402855952e-03,3.709701427976e-01,6.900645446480e-01,1.611102860
50.0,388.0,7.359761676293e-03,3.679880838146e-01,6.921254291345e-01,1.598151942
50.0,390.0,7.313741071094e-03,3.656870535547e-01,6.937198644090e-01,1.588158695
50.0,392.0,7.241217993107e-03,3.620608996553e-01,6.962399657767e-01,1.572410508
50.0,394.0,7.222074345802e-03,3.611037172901e-01,6.969067134426e-01,1.568253518
50.0,396.0,7.216196752604e-03,3.608098376302e-01,6.971115502477e-01,1.566977215
50.0,398.0,7.223476338366e-03,3.611738169183e-01,6.968578622533e-01,1.568557957
50.0,400.0,7.253808522356e-03,3.626904261178e-01,6.958018022263e-01,1.575144507
50.0,402.0,7.297092822081e-03,3.648546411041e-01,6.942975658710e-01,1.584543573
50.0,404.0,7.303232667298e-03,3.651616333649e-01,6.940844546050e-01,1.585876824
50.0,406.0,7.292135223641e-03,3.646067611820e-01,6.944696896296e-01,1.583467044
50.0,408.0,7.213711225286e-03,3.606855612643e-01,6.971981901213e-01,1.566437490
50.0,410.0,7.187874816150e-03,3.593937408075e-01,6.980994269986e-01,1.560827185
50.0,412.0,7.144543399123e-03,3.572271699562e-01,6.996135485019e-01,1.551417887
50.0,414.0,7.143637492892e-03,3.571818746446e-01,6.996452384333e-01,1.551221172
50.0,416.0,7.135080595916e-03,3.567540297958e-01,6.999446420891e-01,1.549363065
50.0,418.0,7.168799057154e-03,3.584399528577e-01,6.987655834553e-01,1.556684936
50.0,420.0,7.204721953181e-03,3.602360976591e-01,6.975116257671e-01,1.564485494
50.0,422.0,7.222780971318e-03,3.611390485659e-01,6.968820912742e-01,1.568406960
50.0,424.0,7.232910298468e-03,3.616455149234e-01,6.965292333027e-01,1.570606515
50.0,426.0,7.285046515327e-03,3.642523257663e-01,6.947158779091e-01,1.581927751
50.0,428.0,7.349128495696e-03,3.674564247848e-01,6.924935017046e-01,1.595842976
50.0,430.0,7.455097310597e-03,3.727548655299e-01,6.888340691239e-01,1.618853812
50.0,432.0,7.572896136960e-03,3.786448068480e-01,6.847888017671e-01,1.644433502
50.0,434.0,7.722470170618e-03,3.861235085309e-01,6.796865734059e-01,1.676913091
50.0,436.0,7.903766543389e-03,3.951883271695e-01,6.735531789400e-01,1.716281098
50.0,438.0,8.216734244034e-03,4.108367122017e-01,6.630951981162e-01,1.784241171
50.0,440.0,8.571324042880e-03,4.285662021440e-01,6.514424622389e-01,1.861239367
50.0,442.0,9.027488419921e-03,4.513744209960e-01,6.367523840770e-01,1.960294203
50.0,444.0,9.485181496220e-03,4.742590748110e-01,6.223459975083e-01,2.059680992
50.0,446.0,1.007435896844e-02,5.037179484220e-01,6.042797968922e-01,2.187619254
50.0,448.0,1.061497804633e-02,5.307489023165e-01,5.881643270728e-01,2.305013196
50.0,450.0,1.112699739305e-02,5.563498696525e-01,5.732978612598e-01,2.416196784
50.0,452.0,1.141037706817e-02,5.705188534085e-01,5.652320900071e-01,2.477731899
50.0,454.0,1.156507847319e-02,5.782539236595e-01,5.608768458575e-01,2.511324882
50.0,456.0,1.165106429946e-02,5.825532149730e-01,5.584706490830e-01,2.529996467
50.0,458.0,1.175829847849e-02,5.879149239245e-01,5.554843051125e-01,2.553282073
50.0,460.0,1.186674613428e-02,5.933373067140e-01,5.524804080765e-01,2.576831182
50.0,462.0,1.205637353789e-02,6.028186768945e-01,5.472668915066e-01,2.618008250
50.0,464.0,1.222714806386e-02,6.113574031930e-01,5.426138232173e-01,2.655091467
50.0,466.0,1.241903814858e-02,6.209519074290e-01,5.374326079340e-01,2.696759869
50.0,468.0,1.257201325038e-02,6.286006625190e-01,5.333375983655e-01,2.729977991
50.0,470.0,1.283604381141e-02,6.418021905705e-01,5.263429983885e-01,2.787311498
50.0,472.0,1.314110122105e-02,6.570550610525e-01,5.183756735578e-01,2.853553873
50.0,474.0,1.344715778091e-02,6.723578890455e-01,5.105034470771e-01,2.920013211
50.0,476.0,1.378418667130e-02,6.892093335650e-01,5.019728052508e-01,2.993198104
50.0,478.0,1.413216191905e-02,7.066080959525e-01,4.933146387911e-01,3.068759969
50.0,480.0,1.446105836676e-02,7.230529183380e-01,4.852685071061e-01,3.140178926
50.0,482.0,1.482085164323e-02,7.410425821615e-01,4.766167442797e-01,3.218307043
50.0,484.0,1.518151813511e-02,7.590759067555e-01,4.680987941388e-01,3.296624776
50.0,486.0,1.556303495983e-02,7.781517479915e-01,4.592540445845e-01,3.379470102
50.0,488.0,1.607537993942e-02,8.037689969710e-01,4.476386320417e-01,3.490724401
50.0,490.0,1.672853157561e-02,8.364265787805e-01,4.332559665894e-01,3.632554477
50.0,492.0,1.754246902578e-02,8.771234512890e-01,4.159777726455e-01,3.809298748
50.0,494.0,1.853717207993e-02,9.268586039965e-01,3.957951086615e-01,4.025295772
50.0,496.0,1.976262113856e-02,9.881310569280e-01,3.722717960580e-01,4.291398654
50.0,498.0,2.124879719143e-02,1.062439859572e+00,3.456115371779e-01,4.614117684
50.0,500.0,2.268568179718e-02,1.134284089859e+00,3.216523130791e-01,4.926133211
50.0,502.0,2.434325706370e-02,1.217162853185e+00,2.960689675895e-01,5.286071107
50.0,504.0,2.613150562929e-02,1.306575281464e+00,2.707456982598e-01,5.674384349
50.0,506.0,2.854041064458e-02,1.427020532229e+00,2.400229987206e-01,6.197471427
50.0,508.0,3.153995575512e-02,1.576997787756e+00,2.065944083518e-01,6.848814372
50.0,510.0,3.480012508463e-02,1.740006254232e+00,1.755193028752e-01,7.556751147
50.0,512.0,3.746090321893e-02,1.873045160947e+00,1.536550443292e-01,8.134531778
50.0,514.0,3.912227519045e-02,1.956113759522e+00,1.414068956801e-01,8.495294117
50.0,516.0,3.992422646334e-02,1.996211323167e+00,1.358489974229e-01,8.669435624
50.0,518.0,4.046674291916e-02,2.023337145958e+00,1.322135122717e-01,8.787241575
50.0,520.0,4.082981084306e-02,2.041490542153e+00,1.298350419754e-01,8.866080773
50.0,522.0,4.125341691052e-02,2.062670845526e+00,1.271140142162e-01,8.958065662
50.0,524.0,4.177754817459e-02,2.088877408730e+00,1.238260638815e-01,9.071879320
50.0,526.0,4.246219205357e-02,2.123109602678e+00,1.196589575675e-01,9.220547849
50.0,528.0,4.317733631914e-02,2.158866815957e+00,1.154558796978e-01,9.375839453
50.0,530.0,4.395296908500e-02,2.197648454250e+00,1.110640236566e-01,9.544265968
50.0,532.0,4.480907879581e-02,2.240453939791e+00,1.064101895949e-01,9.730167830
50.0,534.0,4.584565421664e-02,2.292282710832e+00,1.010355634419e-01,9.955257323
50.0,536.0,4.687268442274e-02,2.343634221137e+00,9.597819764834e-02,10.178274098
50.0,538.0,4.789015878967e-02,2.394507939483e+00,9.121755243742e-02,10.399215850
50.0,540.0,4.895806698389e-02,2.447903349195e+00,8.647470382055e-02,10.631109168
50.0,542.0,5.021639895350e-02,2.510819947675e+00,8.120163084850e-02,10.904352483
50.0,544.0,5.177514491951e-02,2.588757245975e+00,7.511332949795e-02,11.242829869
50.0,546.0,5.359429536727e-02,2.679714768364e+00,6.858271332426e-02,11.637853370
50.0,548.0,5.558384103828e-02,2.779192051914e+00,6.208865152486e-02,12.069877723
50.0,550.0,5.760377292229e-02,2.880188646115e+00,5.612417422802e-02,12.508500358
52.0,350.0,9.889596205244e-03,5.142590026727e-01,5.979435050394e-01,2.233398471
52.0,352.0,9.716301458359e-03,5.052476758347e-01,6.033561201889e-01,2.194262776
52.0,354.0,9.530050616577e-03,4.955626320620e-01,6.092280396230e-01,2.152201165
52.0,356.0,9.330572014292e-03,4.851897447432e-01,6.155803825406e-01,2.107152288
52.0,358.0,9.137606428434e-03,4.751555342786e-01,6.217883395430e-01,2.063574266
52.0,360.0,9.010906417364e-03,4.685671337029e-01,6.258984548730e-01,2.034961206
52.0,362.0,8.910235699738e-03,4.633322563864e-01,6.291835475233e-01,2.012226422
52.0,364.0,8.775368570623e-03,4.563191656724e-01,6.336115777579e-01,1.981768956
52.0,366.0,8.606089352376e-03,4.475166463236e-01,6.392135756058e-01,1.943540101
52.0,368.0,8.442191877956e-03,4.389939776537e-01,6.446846621324e-01,1.906526621
52.0,370.0,8.293479004540e-03,4.312609082361e-01,6.496893793497e-01,1.872942327
52.0,372.0,8.159762155435e-03,4.243076320826e-01,6.542225910905e-01,1.842744632
52.0,374.0,8.020860888458e-03,4.170847661998e-01,6.589650596127e-01,1.811376124
52.0,376.0,7.906602489062e-03,4.111433294312e-01,6.628919128706e-01,1.785572792
52.0,378.0,7.796821586622e-03,4.054347225043e-01,6.666869240436e-01,1.760780628
52.0,380.0,7.711359792400e-03,4.009907092048e-01,6.696562826484e-01,1.741480523
52.0,382.0,7.610065357832e-03,3.957233986073e-01,6.731928762745e-01,1.718604884
52.0,384.0,7.512792851830e-03,3.906652282952e-01,6.766066268831e-01,1.696637529
52.0,386.0,7.419402855952e-03,3.858089485095e-01,6.799004092593e-01,1.675546974
52.0,388.0,7.359761676293e-03,3.827076071672e-01,6.820122856392e-01,1.662078020
52.0,390.0,7.313741071094e-03,3.803145356969e-01,6.836463442120e-01,1.651685042
52.0,392.0,7.241217993107e-03,3.765433356416e-01,6.862293788520e-01,1.635306929
52.0,394.0,7.222074345802e-03,3.755478659817e-01,6.869128395041e-01,1.630983659
52.0,396.0,7.216196752604e-03,3.752422311354e-01,6.871228160907e-01,1.629656304
52.0,398.0,7.223476338366e-03,3.756207695950e-01,6.868627629015e-01,1.631300275
52.0,400.0,7.253808522356e-03,3.771980431625e-01,6.857802463578e-01,1.638150287
52.0,402.0,7.297092822081e-03,3.794488267482e-01,6.842384392239e-01,1.647925316
52.0,404.0,7.303232667298e-03,3.797680986995e-01,6.840200159524e-01,1.649311897
52.0,406.0,7.292135223641e-03,3.791910316293e-01,6.844148552923e-01,1.646805726
52.0,408.0,7.213711225286e-03,3.751129837149e-01,6.872116306816e-01,1.629094989
52.0,410.0,7.187874816150e-03,3.737694904398e-01,6.881355153635e-01,1.623260272
52.0,412.0,7.144543399123e-03,3.715162567544e-01,6.896877936529e-01,1.613474602
52.0,414.0,7.143637492892e-03,3.714691496304e-01,6.897202836266e-01,1.613270019
52.0,416.0,7.135080595916e-03,3.710241909876e-01,6.900272489162e-01,1.611337588
52.0,418.0,7.168799057154e-03,3.727775509720e-01,6.888184427957e-01,1.618952334
52.0,420.0,7.204721953181e-03,3.746455415654e-01,6.875329374537e-01,1.627064914
52.0,422.0,7.222780971318e-03,3.755846105085e-01,6.868875996805e-01,1.631143238
52.0,424.0,7.232910298468e-03,3.761113355203e-01,6.865258940696e-01,1.633430776
52.0,426.0,7.285046515327e-03,3.788224187970e-01,6.846671858939e-01,1.645204861
52.0,428.0,7.349128495696e-03,3.821546817762e-01,6.823894918227e-01,1.659676695
52.0,430.0,7.455097310597e-03,3.876650601510e-01,6.786396086499e-01,1.683607965
52.0,432.0,7.572896136960e-03,3.937905991219e-01,6.744952813578e-01,1.710210842
52.0,434.0,7.722470170618e-03,4.015684488721e-01,6.692695073889e-01,1.743989615
52.0,436.0,7.903766543389e-03,4.109958602562e-01,6.629896762024e-01,1.784932342
52.0,438.0,8.216734244034e-03,4.272701806898e-01,6.522872929873e-01,1.855610818
52.0,440.0,8.571324042880e-03,4.457088502298e-01,6.403701885560e-01,1.935688942
52.0,442.0,9.027488419921e-03,4.694293978359e-01,6.253589976952e-01,2.038705971
52.0,444.0,9.485181496220e-03,4.932294378034e-01,6.106511465341e-01,2.142068232
52.0,446.0,1.007435896844e-02,5.238666663589e-01,5.922261740156e-01,2.275124025
52.0,448.0,1.061497804633e-02,5.519788584092e-01,5.758092372851e-01,2.397213723
52.0,450.0,1.112699739305e-02,5.786038644386e-01,5.606806065152e-01,2.512844655
52.0,452.0,1.141037706817e-02,5.933396075448e-01,5.524791369140e-01,2.576841175
52.0,454.0,1.156507847319e-02,6.013840806059e-01,5.480525619833e-01,2.611777877
52.0,456.0,1.165106429946e-02,6.058553435719e-01,5.456075450896e-01,2.631196325
52.0,458.0,1.175829847849e-02,6.114315208815e-01,5.425736074253e-01,2.655413356
52.0,460.0,1.186674613428e-02,6.170707989826e-01,5.395224950841e-01,2.679904429
52.0,462.0,1.205637353789e-02,6.269314239703e-01,5.342286094924e-01,2.722728580
52.0,464.0,1.222714806386e-02,6.358116993207e-01,5.295055145700e-01,2.761295125
52.0,466.0,1.241903814858e-02,6.457899837262e-01,5.242482309077e-01,2.804630264
52.0,468.0,1.257201325038e-02,6.537446890198e-01,5.200945333530e-01,2.839177110
52.0,470.0,1.283604381141e-02,6.674742781933e-01,5.130026448389e-01,2.898803958
52.0,472.0,1.314110122105e-02,6.833372634946e-01,5.049290960152e-01,2.967696028
52.0,474.0,1.344715778091e-02,6.992522046073e-01,4.969567868730e-01,3.036813739
52.0,476.0,1.378418667130e-02,7.167777069076e-01,4.883232441249e-01,3.112926029
52.0,478.0,1.413216191905e-02,7.348724197906e-01,4.795666382843e-01,3.191510368
52.0,480.0,1.446105836676e-02,7.519750350715e-01,4.714345329216e-01,3.265786083
52.0,482.0,1.482085164323e-02,7.706842854480e-01,4.626963435838e-01,3.347039325
52.0,484.0,1.518151813511e-02,7.894389430257e-01,4.540994995151e-01,3.428489768
52.0,486.0,1.556303495983e-02,8.092778179112e-01,4.451794507856e-01,3.514648906
52.0,488.0,1.607537993942e-02,8.359197568498e-01,4.334756058691e-01,3.630353377
52.0,490.0,1.672853157561e-02,8.698836419317e-01,4.190003004769e-01,3.777856656
52.0,492.0,1.754246902578e-02,9.122083893406e-01,4.016362746578e-01,3.961670698
52.0,494.0,1.853717207993e-02,9.639329481564e-01,3.813899455358e-01,4.186307603
52.0,496.0,1.976262113856e-02,1.027656299205e+00,3.578446593406e-01,4.463054600
52.0,498.0,2.124879719143e-02,1.104937453954e+00,3.312315988208e-01,4.798682391
52.0,500.0,2.268568179718e-02,1.179655453453e+00,3.073846286704e-01,5.123178540
52.0,502.0,2.434325706370e-02,1.265849367312e+00,2.819996730865e-01,5.497513951
52.0,504.0,2.613150562929e-02,1.358838292723e+00,2.569591149030e-01,5.901359723
52.0,506.0,2.854041064458e-02,1.484101353518e+00,2.267059776932e-01,6.445370284
52.0,508.0,3.153995575512e-02,1.640077699266e+00,1.939649707695e-01,7.122766947
52.0,510.0,3.480012508463e-02,1.809606504401e+00,1.637185466570e-01,7.859021193
52.0,512.0,3.746090321893e-02,1.947966967384e+00,1.425636136389e-01,8.459913049
52.0,514.0,3.912227519045e-02,2.034358309903e+00,1.307643657861e-01,8.835105882
52.0,516.0,3.992422646334e-02,2.076059776094e+00,1.254234362758e-01,9.016213049
52.0,518.0,4.046674291916e-02,2.104270631796e+00,1.219345770471e-01,9.138731238
52.0,520.0,4.082981084306e-02,2.123150163839e+00,1.196541041597e-01,9.220724004
52.0,522.0,4.125341691052e-02,2.145177679347e+00,1.170472383196e-01,9.316388288
52.0,524.0,4.177754817459e-02,2.172432505079e+00,1.139002168032e-01,9.434754493
52.0,526.0,4.246219205357e-02,2.208033986786e+00,1.099165335870e-01,9.589369763
52.0,528.0,4.317733631914e-02,2.245221488595e+00,1.059040812295e-01,9.750873031
52.0,530.0,4.395296908500e-02,2.285554392420e+00,1.017176549750e-01,9.926036607
52.0,532.0,4.480907879581e-02,2.330072097382e+00,9.728873257374e-02,10.119374543
52.0,534.0,4.584565421664e-02,2.383974019265e+00,9.218350958290e-02,10.353467616
52.0,536.0,4.687268442274e-02,2.437379589982e+00,8.738954813896e-02,10.585405062
52.0,538.0,4.789015878967e-02,2.490288257063e+00,8.288607063598e-02,10.815184484
52.0,540.0,4.895806698389e-02,2.545819483162e+00,7.840877097813e-02,11.056353535
52.0,542.0,5.021639895350e-02,2.611252745582e+00,7.344248136565e-02,11.340526583
52.0,544.0,5.177514491951e-02,2.692307535815e+00,6.772448225766e-02,11.692543064
52.0,546.0,5.359429536727e-02,2.786903359098e+00,6.161170815216e-02,12.103367505
52.0,548.0,5.558384103828e-02,2.890359733991e+00,5.555622355433e-02,12.552672832
52.0,550.0,5.760377292229e-02,2.995396191959e+00,5.001680690383e-02,13.008840373
54.0,350.0,9.889596205244e-03,5.340381950832e-01,5.862328607267e-01,2.319298413
54.0,352.0,9.716301458359e-03,5.246802787514e-01,5.917445274246e-01,2.278657498
54.0,354.0,9.530050616577e-03,5.146227332952e-01,5.977260542252e-01,2.234978133
54.0,356.0,9.330572014292e-03,5.038508887718e-01,6.041994690642e-01,2.188196607
54.0,358.0,9.137606428434e-03,4.934307471354e-01,6.105282291323e-01,2.142942507
54.0,360.0,9.010906417364e-03,4.865889465377e-01,6.147196636648e-01,2.113228944
54.0,362.0,8.910235699738e-03,4.811527277859e-01,6.180705139530e-01,2.089619746
54.0,364.0,8.775368570623e-03,4.738699028136e-01,6.225882442780e-01,2.057990839
54.0,366.0,8.606089352376e-03,4.647288250283e-01,6.283054628063e-01,2.018291643
54.0,368.0,8.442191877956e-03,4.558783614096e-01,6.338909380094e-01,1.979854568
54.0,370.0,8.293479004540e-03,4.478478662452e-01,6.390018903945e-01,1.944978570
54.0,372.0,8.159762155435e-03,4.406271563935e-01,6.436326361554e-01,1.913619426
54.0,374.0,8.020860888458e-03,4.331264879767e-01,6.484784618886e-01,1.881044437
54.0,376.0,7.906602489062e-03,4.269565344093e-01,6.524919125579e-01,1.854248669
54.0,378.0,7.796821586622e-03,4.210283656776e-01,6.563714827232e-01,1.828502959
54.0,380.0,7.711359792400e-03,4.164134287896e-01,6.594075960383e-01,1.808460543
54.0,382.0,7.610065357832e-03,4.109435293229e-01,6.630243719788e-01,1.784705072
54.0,384.0,7.512792851830e-03,4.056908139988e-01,6.665162130527e-01,1.761892819
54.0,386.0,7.419402855952e-03,4.006477542214e-01,6.698859839941e-01,1.739991088
54.0,388.0,7.359761676293e-03,3.974271305198e-01,6.720469125725e-01,1.726004097
54.0,390.0,7.313741071094e-03,3.949420178391e-01,6.737191018058e-01,1.715211390
54.0,392.0,7.241217993107e-03,3.910257716278e-01,6.763627248463e-01,1.698203349
54.0,394.0,7.222074345802e-03,3.899920146733e-01,6.770622810401e-01,1.693713800
54.0,396.0,7.216196752604e-03,3.896746246406e-01,6.772772079656e-01,1.692335392
54.0,398.0,7.223476338366e-03,3.900677222718e-01,6.770110242211e-01,1.694042594
54.0,400.0,7.253808522356e-03,3.917056602072e-01,6.759030298425e-01,1.701156068
54.0,402.0,7.297092822081e-03,3.940430123924e-01,6.743250512830e-01,1.711307059
54.0,404.0,7.303232667298e-03,3.943745640341e-01,6.741015147642e-01,1.712746970
54.0,406.0,7.292135223641e-03,3.937753020766e-01,6.745055992216e-01,1.710144408
54.0,408.0,7.213711225286e-03,3.895404061654e-01,6.773681171805e-01,1.691752489
54.0,410.0,7.187874816150e-03,3.881452400721e-01,6.783138177616e-01,1.685693359
54.0,412.0,7.144543399123e-03,3.858053435526e-01,6.799028602753e-01,1.675531318
54.0,414.0,7.143637492892e-03,3.857564246162e-01,6.799361212137e-01,1.675318866
54.0,416.0,7.135080595916e-03,3.852943521795e-01,6.802503735521e-01,1.673312111
54.0,418.0,7.168799057154e-03,3.871151490863e-01,6.790129027095e-01,1.681219731
54.0,420.0,7.204721953181e-03,3.890549854718e-01,6.776970054999e-01,1.689644333
54.0,422.0,7.222780971318e-03,3.900301724512e-01,6.770364463409e-01,1.693879517
54.0,424.0,7.232910298468e-03,3.905771561173e-01,6.766662197265e-01,1.696255037
54.0,426.0,7.285046515327e-03,3.933925118277e-01,6.747638428112e-01,1.708481971
54.0,428.0,7.349128495696e-03,3.968529387676e-01,6.724329071737e-01,1.723510414
54.0,430.0,7.455097310597e-03,4.025752547722e-01,6.685960219915e-01,1.748362117
54.0,432.0,7.572896136960e-03,4.089363913958e-01,6.643564897672e-01,1.775988182
54.0,434.0,7.722470170618e-03,4.170133892134e-01,6.590120962315e-01,1.811066138
54.0,436.0,7.903766543389e-03,4.268033933430e-01,6.525918435168e-01,1.853583586
54.0,438.0,8.216734244034e-03,4.437036491778e-01,6.416555478029e-01,1.926980464
54.0,440.0,8.571324042880e-03,4.628514983155e-01,6.294861053146e-01,2.010138517
54.0,442.0,9.027488419921e-03,4.874843746757e-01,6.141694727459e-01,2.117117739
54.0,444.0,9.485181496220e-03,5.121998007959e-01,5.991760600314e-01,2.224455471
54.0,446.0,1.007435896844e-02,5.440153842958e-01,5.804129858270e-01,2.362628795
54.0,448.0,1.061497804633e-02,5.732088145018e-01,5.637136808227e-01,2.489414251
54.0,450.0,1.112699739305e-02,6.008578592247e-01,5.483410348530e-01,2.609492527
54.0,452.0,1.141037706817e-02,6.161603616812e-01,5.400139201604e-01,2.675950450
54.0,454.0,1.156507847319e-02,6.245142375523e-01,5.355215015824e-01,2.712230872
54.0,456.0,1.165106429946e-02,6.291574721708e-01,5.330407135049e-01,2.732396184
54.0,458.0,1.175829847849e-02,6.349481178385e-01,5.299629832294e-01,2.757544639
54.0,460.0,1.186674613428e-02,6.408042912511e-01,5.268684978625e-01,2.782977677
54.0,462.0,1.205637353789e-02,6.510441710461e-01,5.215009561686e-01,2.827448910
54.0,464.0,1.222714806386e-02,6.602659954484e-01,5.167138726721e-01,2.867498784
54.0,466.0,1.241903814858e-02,6.706280600233e-01,5.113872949882e-01,2.912500659
54.0,468.0,1.257201325038e-02,6.788887155205e-01,5.071803009063e-01,2.948376230
54.0,470.0,1.283604381141e-02,6.931463658161e-01,5.000004073721e-01,3.010296418
54.0,472.0,1.314110122105e-02,7.096194659367e-01,4.918313204262e-01,3.081838183
54.0,474.0,1.344715778091e-02,7.261465201691e-01,4.837695992714e-01,3.153614268
54.0,476.0,1.378418667130e-02,7.443460802502e-01,4.750448395975e-01,3.232653953
54.0,478.0,1.413216191905e-02,7.631367436287e-01,4.662017756435e-01,3.314260767
54.0,480.0,1.446105836676e-02,7.808971518050e-01,4.579949359508e-01,3.391393240
54.0,482.0,1.482085164323e-02,8.003259887344e-01,4.491825118091e-01,3.475771606
54.0,484.0,1.518151813511e-02,8.198019792959e-01,4.405188777280e-01,3.560354759
54.0,486.0,1.556303495983e-02,8.404038878308e-01,4.315361960090e-01,3.649827711
54.0,488.0,1.607537993942e-02,8.680705167287e-01,4.197606896138e-01,3.769982353
54.0,490.0,1.672853157561e-02,9.033407050829e-01,4.052136966093e-01,3.923158835
54.0,492.0,1.754246902578e-02,9.472933273921e-01,3.877892227152e-01,4.114042648
54.0,494.0,1.853717207993e-02,1.001007292316e+00,3.675090656066e-01,4.347319434
54.0,496.0,1.976262113856e-02,1.067181541482e+00,3.439766363570e-01,4.634710547
54.0,498.0,2.124879719143e-02,1.147435048337e+00,3.174499698513e-01,4.983247098
54.0,500.0,2.268568179718e-02,1.225026817048e+00,2.937498227149e-01,5.320223868
54.0,502.0,2.434325706370e-02,1.314535881440e+00,2.685989560756e-01,5.708956796
54.0,504.0,2.613150562929e-02,1.411101303982e+00,2.438745551864e-01,6.128335097
54.0,506.0,2.854041064458e-02,1.541182174807e+00,2.141278152335e-01,6.693269141
54.0,508.0,3.153995575512e-02,1.703157610776e+00,1.821075903543e-01,7.396719522
54.0,510.0,3.480012508463e-02,1.879206754570e+00,1.527111951814e-01,8.161291239
54.0,512.0,3.746090321893e-02,2.022888773822e+00,1.322728064185e-01,8.785294320
54.0,514.0,3.912227519045e-02,2.112602860284e+00,1.209228112760e-01,9.174917647
54.0,516.0,3.992422646334e-02,2.155908229020e+00,1.157979717603e-01,9.362990474
54.0,518.0,4.046674291916e-02,2.185204117635e+00,1.124547773083e-01,9.490220901
54.0,520.0,4.082981084306e-02,2.204809785525e+00,1.102714985449e-01,9.575367235
54.0,522.0,4.125341691052e-02,2.227684513168e+00,1.077776992782e-01,9.674710915
54.0,524.0,4.177754817459e-02,2.255987601428e+00,1.047700216025e-01,9.797629665
54.0,526.0,4.246219205357e-02,2.292958370893e+00,1.009673208040e-01,9.958191677
54.0,528.0,4.317733631914e-02,2.331576161234e+00,9.714251409645e-02,10.125906610
54.0,530.0,4.395296908500e-02,2.373460330590e+00,9.315781108022e-02,10.307807246
54.0,532.0,4.480907879581e-02,2.419690254974e+00,8.894916475422e-02,10.508581257
54.0,534.0,4.584565421664e-02,2.475665327699e+00,8.410701291240e-02,10.751677909
54.0,536.0,4.687268442274e-02,2.531124958828e+00,7.956945755444e-02,10.992536026
54.0,538.0,4.789015878967e-02,2.586068574642e+00,7.531555629259e-02,11.231153118
54.0,540.0,4.895806698389e-02,2.643735617130e+00,7.109518847336e-02,11.481597901
54.0,542.0,5.021639895350e-02,2.711685543489e+00,6.642475049802e-02,11.776700682
54.0,544.0,5.177514491951e-02,2.795857825654e+00,6.106247090529e-02,12.142256259
54.0,546.0,5.359429536727e-02,2.894091949833e+00,5.534926218914e-02,12.568881639
54.0,548.0,5.558384103828e-02,3.001527416067e+00,4.971108084676e-02,13.035467941
54.0,550.0,5.760377292229e-02,3.110603737804e+00,4.457403618433e-02,13.509180387
56.0,350.0,9.889596205244e-03,5.538173874937e-01,5.747515678312e-01,2.405198354
56.0,352.0,9.716301458359e-03,5.441128816681e-01,5.803563998446e-01,2.363052220
56.0,354.0,9.530050616577e-03,5.336828345283e-01,5.864412217808e-01,2.317755101
56.0,356.0,9.330572014292e-03,5.225120328004e-01,5.930289670876e-01,2.269240926
56.0,358.0,9.137606428434e-03,5.117059599923e-01,5.994720306936e-01,2.222310748
56.0,360.0,9.010906417364e-03,5.046107593724e-01,6.037405300400e-01,2.191496683
56.0,362.0,8.910235699738e-03,4.989731991853e-01,6.071537657363e-01,2.167013070
56.0,364.0,8.775368570623e-03,4.914206399549e-01,6.117566905655e-01,2.134212722
56.0,366.0,8.606089352376e-03,4.819410037331e-01,6.175834958107e-01,2.093043185
56.0,368.0,8.442191877956e-03,4.727627451655e-01,6.232779293389e-01,2.053182515
56.0,370.0,8.293479004540e-03,4.644348242542e-01,6.284902122557e-01,2.017014814
56.0,372.0,8.159762155435e-03,4.569466807044e-01,6.332141016926e-01,1.984494220
56.0,374.0,8.020860888458e-03,4.491682097536e-01,6.381587451398e-01,1.950712749
56.0,376.0,7.906602489062e-03,4.427697393875e-01,6.422550761102e-01,1.922924546
56.0,378.0,7.796821586622e-03,4.366220088508e-01,6.462156490475e-01,1.896225291
56.0,380.0,7.711359792400e-03,4.318361483744e-01,6.493157594121e-01,1.875440563
56.0,382.0,7.610065357832e-03,4.261636600386e-01,6.530094618212e-01,1.850805259
56.0,384.0,7.512792851830e-03,4.207163997025e-01,6.565762802362e-01,1.827148108
56.0,386.0,7.419402855952e-03,4.154865599333e-01,6.600190637340e-01,1.804435203
56.0,388.0,7.359761676293e-03,4.121466538724e-01,6.622271507543e-01,1.789930175
56.0,390.0,7.313741071094e-03,4.095694999813e-01,6.639360130875e-01,1.778737738
56.0,392.0,7.241217993107e-03,4.055082076140e-01,6.666379342820e-01,1.761099769
56.0,394.0,7.222074345802e-03,4.044361633649e-01,6.673529828590e-01,1.756443940
56.0,396.0,7.216196752604e-03,4.041070181458e-01,6.675726750561e-01,1.755014481
56.0,398.0,7.223476338366e-03,4.045146749485e-01,6.673005899763e-01,1.756784912
56.0,400.0,7.253808522356e-03,4.062132772519e-01,6.661680737767e-01,1.764161848
56.0,402.0,7.297092822081e-03,4.086371980365e-01,6.645552905556e-01,1.774688802
56.0,404.0,7.303232667298e-03,4.089810293687e-01,6.643268349021e-01,1.776182043
56.0,406.0,7.292135223641e-03,4.083595725239e-01,6.647398136718e-01,1.773483090
56.0,408.0,7.213711225286e-03,4.039678286160e-01,6.676656006498e-01,1.754409988
56.0,410.0,7.187874816150e-03,4.025209897044e-01,6.686323043844e-01,1.748126447
56.0,412.0,7.144543399123e-03,4.000944303509e-01,6.702567504670e-01,1.737588033
56.0,414.0,7.143637492892e-03,4.000436996020e-01,6.702907539565e-01,1.737367713
56.0,416.0,7.135080595916e-03,3.995645133713e-01,6.706120250245e-01,1.735286633
56.0,418.0,7.168799057154e-03,4.014527472006e-01,6.693469474695e-01,1.743487129
56.0,420.0,7.204721953181e-03,4.034644293781e-01,6.680017876154e-01,1.752223753
56.0,422.0,7.222780971318e-03,4.044757343938e-01,6.673265755373e-01,1.756615795
56.0,424.0,7.232910298468e-03,4.050429767142e-01,6.669481470026e-01,1.759079297
56.0,426.0,7.285046515327e-03,4.079626048583e-01,6.650037462668e-01,1.771759081
56.0,428.0,7.349128495696e-03,4.115511957590e-01,6.626215967105e-01,1.787344133
56.0,430.0,7.455097310597e-03,4.174854493934e-01,6.587010762785e-01,1.813116269
56.0,432.0,7.572896136960e-03,4.240821836698e-01,6.543701011626e-01,1.841765522
56.0,434.0,7.722470170618e-03,4.324583295546e-01,6.489118930187e-01,1.878142662
56.0,436.0,7.903766543389e-03,4.426109264298e-01,6.423570826382e-01,1.922234830
56.0,438.0,8.216734244034e-03,4.601371176659e-01,6.311970913011e-01,1.998350111
56.0,440.0,8.571324042880e-03,4.799941464013e-01,6.187870139264e-01,2.084588091
56.0,442.0,9.027488419921e-03,5.055393515156e-01,6.031801615444e-01,2.195529507
56.0,444.0,9.485181496220e-03,5.311701637883e-01,5.879166082835e-01,2.306842711
56.0,446.0,1.007435896844e-02,5.641641022326e-01,5.688354363544e-01,2.450133565
56.0,448.0,1.061497804633e-02,5.944387705945e-01,5.518722058802e-01,2.581614779
56.0,450.0,1.112699739305e-02,6.231118540108e-01,5.362730349682e-01,2.706140398
56.0,452.0,1.141037706817e-02,6.389811158175e-01,5.278299477441e-01,2.775059726
56.0,454.0,1.156507847319e-02,6.476443944986e-01,5.232769601866e-01,2.812683868
56.0,456.0,1.165106429946e-02,6.524596007698e-01,5.207633303662e-01,2.833596043
56.0,458.0,1.175829847849e-02,6.584647147954e-01,5.176454581457e-01,2.859675922
56.0,460.0,1.186674613428e-02,6.645377835197e-01,5.145112883507e-01,2.886050924
56.0,462.0,1.205637353789e-02,6.751569181218e-01,5.090765310065e-01,2.932169240
56.0,464.0,1.222714806386e-02,6.847202915762e-01,5.042312475795e-01,2.973702443
56.0,466.0,1.241903814858e-02,6.954661363205e-01,4.988418654701e-01,3.020371054
56.0,468.0,1.257201325038e-02,7.040327420213e-01,4.945867359325e-01,3.057575349
56.0,470.0,1.283604381141e-02,7.188184534390e-01,4.873277163137e-01,3.121788878
56.0,472.0,1.314110122105e-02,7.359016683788e-01,4.790732989269e-01,3.195980338
56.0,474.0,1.344715778091e-02,7.530408357310e-01,4.709323453490e-01,3.270414796
56.0,476.0,1.378418667130e-02,7.719144535928e-01,4.621274992400e-01,3.352381877
56.0,478.0,1.413216191905e-02,7.914010674668e-01,4.532093733432e-01,3.437011166
56.0,480.0,1.446105836676e-02,8.098192685386e-01,4.449384733372e-01,3.517000397
56.0,482.0,1.482085164323e-02,8.299676920209e-01,4.360633744204e-01,3.604503888
56.0,484.0,1.518151813511e-02,8.501650155662e-01,4.273444076507e-01,3.692219750
56.0,486.0,1.556303495983e-02,8.715299577505e-01,4.183110611626e-01,3.785006515
56.0,488.0,1.607537993942e-02,9.002212766075e-01,4.064797053383e-01,3.909611329
56.0,490.0,1.672853157561e-02,9.367977682342e-01,3.918807211663e-01,4.068461014
56.0,492.0,1.754246902578e-02,9.823782654437e-01,3.744195700007e-01,4.266414598
56.0,494.0,1.853717207993e-02,1.038081636476e+00,3.541333873217e-01,4.508331265
56.0,496.0,1.976262113856e-02,1.106706783759e+00,3.306460590399e-01,4.806366493
56.0,498.0,2.124879719143e-02,1.189932642720e+00,3.042417562737e-01,5.167811806
56.0,500.0,2.268568179718e-02,1.270398180642e+00,2.807198223226e-01,5.517269197
56.0,502.0,2.434325706370e-02,1.363222395567e+00,2.558350455348e-01,5.920399640
56.0,504.0,2.613150562929e-02,1.463364315240e+00,2.314562715154e-01,6.355310471
56.0,506.0,2.854041064458e-02,1.598262996096e+00,2.022475177903e-01,6.941167998
56.0,508.0,3.153995575512e-02,1.766237522287e+00,1.709750700504e-01,7.670672097
56.0,510.0,3.480012508463e-02,1.948807004739e+00,1.424439051648e-01,8.463561285
56.0,512.0,3.746090321893e-02,2.097810580260e+00,1.227248304896e-01,9.110675591
56.0,514.0,3.912227519045e-02,2.190847410665e+00,1.118219493436e-01,9.514729411
56.0,516.0,3.992422646334e-02,2.235756681947e+00,1.069112014624e-01,9.709767898
56.0,518.0,4.046674291916e-02,2.266137603473e+00,1.037119842928e-01,9.841710564
56.0,520.0,4.082981084306e-02,2.286469407211e+00,1.016246243848e-01,9.930010466
56.0,522.0,4.125341691052e-02,2.310191346989e+00,9.924226003507e-02,10.033033541
56.0,524.0,4.177754817459e-02,2.339542697777e+00,9.637169914740e-02,10.160504838
56.0,526.0,4.246219205357e-02,2.377882755000e+00,9.274673734377e-02,10.327013591
56.0,528.0,4.317733631914e-02,2.417930833872e+00,8.910580154632e-02,10.500940188
56.0,530.0,4.395296908500e-02,2.461366268760e+00,8.531830356680e-02,10.689577885
56.0,532.0,4.480907879581e-02,2.509308412565e+00,8.132446277349e-02,10.897787970
56.0,534.0,4.584565421664e-02,2.567356636132e+00,7.673812434626e-02,11.149888201
56.0,536.0,4.687268442274e-02,2.624870327673e+00,7.244915107514e-02,11.399666990
56.0,538.0,4.789015878967e-02,2.681848892222e+00,6.843650538792e-02,11.647121752
56.0,540.0,4.895806698389e-02,2.741651751098e+00,6.446378078637e-02,11.906842268
56.0,542.0,5.021639895350e-02,2.812118341396e+00,6.007759265046e-02,12.212874781
56.0,544.0,5.177514491951e-02,2.899408115493e+00,5.505579708788e-02,12.591969453
56.0,546.0,5.359429536727e-02,3.001280540567e+00,4.972335480971e-02,13.034395774
56.0,548.0,5.558384103828e-02,3.112695098144e+00,4.448091322363e-02,13.518263050
56.0,550.0,5.760377292229e-02,3.225811283648e+00,3.972354144042e-02,14.009520401
58.0,350.0,9.889596205244e-03,5.735965799042e-01,5.634951345356e-01,2.491098295
58.0,352.0,9.716301458359e-03,5.635454845848e-01,5.691874368596e-01,2.447446943
58.0,354.0,9.530050616577e-03,5.527429357615e-01,5.753694425276e-01,2.400532069
58.0,356.0,9.330572014292e-03,5.411731768289e-01,5.820649865014e-01,2.350285245
58.0,358.0,9.137606428434e-03,5.299811728492e-01,5.886160515372e-01,2.301678989
58.0,360.0,9.010906417364e-03,5.226325722071e-01,5.929574880358e-01,2.269764422
58.0,362.0,8.910235699738e-03,5.167936705848e-01,5.964298359585e-01,2.244406394
58.0,364.0,8.775368570623e-03,5.089713770961e-01,6.011135801090e-01,2.210434605
58.0,366.0,8.606089352376e-03,4.991531824378e-01,6.070444980602e-01,2.167794728
58.0,368.0,8.442191877956e-03,4.896471289214e-01,6.128426104669e-01,2.126510462
58.0,370.0,8.293479004540e-03,4.810217822633e-01,6.181514528186e-01,2.089051057
58.0,372.0,8.159762155435e-03,4.732662050152e-01,6.229642129047e-01,2.055369013
58.0,374.0,8.020860888458e-03,4.652099315306e-01,6.280032536660e-01,2.020381062
58.0,376.0,7.906602489062e-03,4.585829443656e-01,6.321788436767e-01,1.991600422
58.0,378.0,7.796821586622e-03,4.522156520241e-01,6.362169534564e-01,1.963947623
58.0,380.0,7.711359792400e-03,4.472588679592e-01,6.393783722754e-01,1.942420583
58.0,382.0,7.610065357832e-03,4.413837907543e-01,6.431458257791e-01,1.916905447
58.0,384.0,7.512792851830e-03,4.357419854061e-01,6.467845842704e-01,1.892403398
58.0,386.0,7.419402855952e-03,4.303253656452e-01,6.502974758406e-01,1.868879317
58.0,388.0,7.359761676293e-03,4.268661772250e-01,6.525508725536e-01,1.853856253
58.0,390.0,7.313741071094e-03,4.241969821235e-01,6.542949847986e-01,1.842264086
58.0,392.0,7.241217993107e-03,4.199906436002e-01,6.570529674365e-01,1.823996190
58.0,394.0,7.222074345802e-03,4.188803120565e-01,6.577829192414e-01,1.819174081
58.0,396.0,7.216196752604e-03,4.185394116510e-01,6.580071959312e-01,1.817693569
58.0,398.0,7.223476338366e-03,4.189616276252e-01,6.577294334239e-01,1.819527230
58.0,400.0,7.253808522356e-03,4.207208942966e-01,6.565733291989e-01,1.827167628
58.0,402.0,7.297092822081e-03,4.232313836807e-01,6.549270761411e-01,1.838070545
58.0,404.0,7.303232667298e-03,4.235874947033e-01,6.546938909127e-01,1.839617116
58.0,406.0,7.292135223641e-03,4.229438429712e-01,6.551154214144e-01,1.836821772
58.0,408.0,7.213711225286e-03,4.183952510666e-01,6.581020614709e-01,1.817067488
58.0,410.0,7.187874816150e-03,4.168967393367e-01,6.590889743951e-01,1.810559534
58.0,412.0,7.144543399123e-03,4.143835171491e-01,6.607474946711e-01,1.799644749
58.0,414.0,7.143637492892e-03,4.143309745877e-01,6.607822129490e-01,1.799416559
58.0,416.0,7.135080595916e-03,4.138346745631e-01,6.611102405709e-01,1.797261156
58.0,418.0,7.168799057154e-03,4.157903453149e-01,6.598185900429e-01,1.805754526
58.0,420.0,7.204721953181e-03,4.178738732845e-01,6.584452707271e-01,1.814803173
58.0,422.0,7.222780971318e-03,4.189212963364e-01,6.577559610346e-01,1.819352074
58.0,424.0,7.232910298468e-03,4.195087973111e-01,6.573696422588e-01,1.821903558
58.0,426.0,7.285046515327e-03,4.225326978890e-01,6.553848242763e-01,1.835036191
58.0,428.0,7.349128495696e-03,4.262494527504e-01,6.529534407718e-01,1.851177852
58.0,430.0,7.455097310597e-03,4.323956440146e-01,6.489525716861e-01,1.877870422
58.0,432.0,7.572896136960e-03,4.392279759437e-01,6.445338246724e-01,1.907542862
58.0,434.0,7.722470170618e-03,4.479032698958e-01,6.389664883377e-01,1.945219185
58.0,436.0,7.903766543389e-03,4.584184595166e-01,6.322828360707e-01,1.990886074
58.0,438.0,8.216734244034e-03,4.765705861540e-01,6.209090990192e-01,2.069719758
58.0,440.0,8.571324042880e-03,4.971367944870e-01,6.082697701685e-01,2.159037666
58.0,442.0,9.027488419921e-03,5.235943283554e-01,5.923874816735e-01,2.273941276
58.0,444.0,9.485181496220e-03,5.501405267808e-01,5.768687391774e-01,2.389229951
58.0,446.0,1.007435896844e-02,5.843128201695e-01,5.574888252912e-01,2.537638335
58.0,448.0,1.061497804633e-02,6.156687266871e-01,5.402794751736e-01,2.673815307
58.0,450.0,1.112699739305e-02,6.453658487969e-01,5.244706300543e-01,2.802788269
58.0,452.0,1.141037706817e-02,6.618018699539e-01,5.159208741375e-01,2.874169002
58.0,454.0,1.156507847319e-02,6.707745514450e-01,5.113123866232e-01,2.913136863
58.0,456.0,1.165106429946e-02,6.757617293687e-01,5.087687288856e-01,2.934795901
58.0,458.0,1.175829847849e-02,6.819813117524e-01,5.056142198951e-01,2.961807205
58.0,460.0,1.186674613428e-02,6.882712757882e-01,5.024439056696e-01,2.989124171
58.0,462.0,1.205637353789e-02,6.992696651976e-01,4.969481097899e-01,3.036889570
58.0,464.0,1.222714806386e-02,7.091745877039e-01,4.920501741529e-01,3.079906101
58.0,466.0,1.241903814858e-02,7.203042126176e-01,4.866042023031e-01,3.128241448
58.0,468.0,1.257201325038e-02,7.291767685220e-01,4.823058760825e-01,3.166774469
58.0,470.0,1.283604381141e-02,7.444905410618e-01,4.749762191910e-01,3.233281338
58.0,472.0,1.314110122105e-02,7.621838708209e-01,4.666462183535e-01,3.310122493
58.0,474.0,1.344715778091e-02,7.799351512928e-01,4.584357393063e-01,3.387215324
58.0,476.0,1.378418667130e-02,7.994828269354e-01,4.495614050555e-01,3.472109801
58.0,478.0,1.413216191905e-02,8.196653913049e-01,4.405790514260e-01,3.559761565
58.0,480.0,1.446105836676e-02,8.387413852721e-01,4.322542227343e-01,3.642607554
58.0,482.0,1.482085164323e-02,8.596093953073e-01,4.233274036984e-01,3.733236170
58.0,484.0,1.518151813511e-02,8.805280518364e-01,4.145639426220e-01,3.824084741
58.0,486.0,1.556303495983e-02,9.026560276701e-01,4.054912322751e-01,3.920185319
58.0,488.0,1.607537993942e-02,9.323720364864e-01,3.936189236871e-01,4.049240305
58.0,490.0,1.672853157561e-02,9.702548313854e-01,3.789864481552e-01,4.213763193
58.0,492.0,1.754246902578e-02,1.017463203495e+00,3.615108574136e-01,4.418786548
58.0,494.0,1.853717207993e-02,1.075155980636e+00,3.412445236117e-01,4.669343096
58.0,496.0,1.976262113856e-02,1.146232026036e+00,3.178320990533e-01,4.978022439
58.0,498.0,2.124879719143e-02,1.232430237103e+00,2.915830998625e-01,5.352376513
58.0,500.0,2.268568179718e-02,1.315769544236e+00,2.682677998458e-01,5.714314525
58.0,502.0,2.434325706370e-02,1.411908909695e+00,2.436776802117e-01,6.131842484
58.0,504.0,2.613150562929e-02,1.515627326499e+00,2.196703365912e-01,6.582285845
58.0,506.0,2.854041064458e-02,1.655343817386e+00,1.910263662277e-01,7.189066855
58.0,508.0,3.153995575512e-02,1.829317433797e+00,1.605230980316e-01,7.944624671
58.0,510.0,3.480012508463e-02,2.018407254909e+00,1.328669197730e-01,8.765831330
58.0,512.0,3.746090321893e-02,2.172732386698e+00,1.138660653427e-01,9.436056862
58.0,514.0,3.912227519045e-02,2.269091961046e+00,1.034060341722e-01,9.854541176
58.0,516.0,3.992422646334e-02,2.315605134874e+00,9.870643521971e-02,10.056545323
58.0,518.0,4.046674291916e-02,2.347071089311e+00,9.564889943683e-02,10.193200227
58.0,520.0,4.082981084306e-02,2.368129028897e+00,9.365578973383e-02,10.284653697
58.0,522.0,4.125341691052e-02,2.392698180810e+00,9.138278366333e-02,10.391356168
58.0,524.0,4.177754817459e-02,2.423097794126e+00,8.864658281542e-02,10.523380011
58.0,526.0,4.246219205357e-02,2.462807139107e+00,8.519545947558e-02,10.695835505
58.0,528.0,4.317733631914e-02,2.504285506510e+00,8.173397552104e-02,10.875973766
58.0,530.0,4.395296908500e-02,2.549272206930e+00,7.813851398084e-02,11.071348523
58.0,532.0,4.480907879581e-02,2.598926570157e+00,7.435334849598e-02,11.286994683
58.0,534.0,4.584565421664e-02,2.659047944565e+00,7.001484804026e-02,11.548098494
58.0,536.0,4.687268442274e-02,2.718615696519e+00,6.596600822517e-02,11.806797954
58.0,538.0,4.789015878967e-02,2.777629209801e+00,6.218576214873e-02,12.063090386
58.0,540.0,4.895806698389e-02,2.839567885066e+00,5.845091802282e-02,12.332086635
58.0,542.0,5.021639895350e-02,2.912551139303e+00,5.433693181552e-02,12.649048881
58.0,544.0,5.177514491951e-02,3.002958405332e+00,4.963999569691e-02,13.041682648
58.0,546.0,5.359429536727e-02,3.108469131302e+00,4.466928583588e-02,13.499909909
58.0,548.0,5.558384103828e-02,3.223862780220e+00,3.980101835459e-02,14.001058159
58.0,550.0,5.760377292229e-02,3.341018829493e+00,3.540087188971e-02,14.509860416
60.0,350.0,9.889596205244e-03,5.933757723146e-01,5.524591569945e-01,2.576998236
60.0,352.0,9.716301458359e-03,5.829780875015e-01,5.582334206457e-01,2.531841665
60.0,354.0,9.530050616577e-03,5.718030369946e-01,5.645066941052e-01,2.483309037
60.0,356.0,9.330572014292e-03,5.598343208575e-01,5.713037091168e-01,2.431329563
60.0,358.0,9.137606428434e-03,5.482563857060e-01,5.779566658455e-01,2.381047230
60.0,360.0,9.010906417364e-03,5.406543850418e-01,5.823670353794e-01,2.348032160
60.0,362.0,8.910235699738e-03,5.346141419843e-01,5.858953189397e-01,2.321799718
60.0,364.0,8.775368570623e-03,5.265221142374e-01,5.906556344441e-01,2.286656488
60.0,366.0,8.606089352376e-03,5.163653611426e-01,5.966853472039e-01,2.242546270
60.0,368.0,8.442191877956e-03,5.065315126774e-01,6.025820063968e-01,2.199838409
60.0,370.0,8.293479004540e-03,4.976087402724e-01,6.079827675443e-01,2.161087300
60.0,372.0,8.159762155435e-03,4.895857293261e-01,6.128802399104e-01,2.126243807
60.0,374.0,8.020860888458e-03,4.812516533075e-01,6.180093740292e-01,2.090049374
60.0,376.0,7.906602489062e-03,4.743961493437e-01,6.222606955680e-01,2.060276299
60.0,378.0,7.796821586622e-03,4.678092951973e-01,6.263729646008e-01,2.031669955
60.0,380.0,7.711359792400e-03,4.626815875440e-01,6.295930708714e-01,2.009400603
60.0,382.0,7.610065357832e-03,4.566039214699e-01,6.334311788738e-01,1.983005635
60.0,384.0,7.512792851830e-03,4.507675711098e-01,6.371389144600e-01,1.957658688
60.0,386.0,7.419402855952e-03,4.451641713571e-01,6.407190796766e-01,1.933323432
60.0,388.0,7.359761676293e-03,4.415857005776e-01,6.430159814279e-01,1.917782330
60.0,390.0,7.313741071094e-03,4.388244642656e-01,6.447939540767e-01,1.905790434
60.0,392.0,7.241217993107e-03,4.344730795864e-01,6.476058139148e-01,1.886892610
60.0,394.0,7.222074345802e-03,4.333244607481e-01,6.483500935174e-01,1.881904222
60.0,396.0,7.216196752604e-03,4.329718051562e-01,6.485787781245e-01,1.880372658
60.0,398.0,7.223476338366e-03,4.334085803020e-01,6.482955568907e-01,1.882269548
60.0,400.0,7.253808522356e-03,4.352285113414e-01,6.471167766587e-01,1.890173408
60.0,402.0,7.297092822081e-03,4.378255693249e-01,6.454383572872e-01,1.901452288
60.0,404.0,7.303232667298e-03,4.381939600379e-01,6.452006275820e-01,1.903052188
60.0,406.0,7.292135223641e-03,4.375281134185e-01,6.456303752958e-01,1.900160453
60.0,408.0,7.213711225286e-03,4.328226735172e-01,6.486755089534e-01,1.879724988
60.0,410.0,7.187874816150e-03,4.312724889690e-01,6.496818555141e-01,1.872992622
60.0,412.0,7.144543399123e-03,4.286726039474e-01,6.513731512736e-01,1.861701464
60.0,414.0,7.143637492892e-03,4.286182495735e-01,6.514085572156e-01,1.861465406
60.0,416.0,7.135080595916e-03,4.281048357550e-01,6.517430852387e-01,1.859235678
60.0,418.0,7.168799057154e-03,4.301279434292e-01,6.504258716830e-01,1.868021923
60.0,420.0,7.204721953181e-03,4.322833171909e-01,6.490254705614e-01,1.877382593
60.0,422.0,7.222780971318e-03,4.333668582791e-01,6.483226056570e-01,1.882088352
60.0,424.0,7.232910298468e-03,4.339746179081e-01,6.479287010625e-01,1.884727818
60.0,426.0,7.285046515327e-03,4.371027909196e-01,6.459050348257e-01,1.898313301
60.0,428.0,7.349128495696e-03,4.409477097418e-01,6.434263506234e-01,1.915011571
60.0,430.0,7.455097310597e-03,4.473058386358e-01,6.393483409459e-01,1.942624574
60.0,432.0,7.572896136960e-03,4.543737682176e-01,6.348454038605e-01,1.973320203
60.0,434.0,7.722470170618e-03,4.633482102371e-01,6.291735097030e-01,2.012295709
60.0,436.0,7.903766543389e-03,4.742259926033e-01,6.223665864284e-01,2.059537318
60.0,438.0,8.216734244034e-03,4.930040546420e-01,6.107887925309e-01,2.141089405
60.0,440.0,8.571324042880e-03,5.142794425728e-01,5.979312832588e-01,2.233487241
60.0,442.0,9.027488419921e-03,5.416493051953e-01,5.817879148164e-01,2.352353044
60.0,444.0,9.485181496220e-03,5.691108897732e-01,5.660284767456e-01,2.471617190
60.0,446.0,1.007435896844e-02,6.044615381064e-01,5.463685460885e-01,2.625143105
60.0,448.0,1.061497804633e-02,6.368986827798e-01,5.289302635350e-01,2.766015835
60.0,450.0,1.112699739305e-02,6.676198435830e-01,5.129279748438e-01,2.899436141
60.0,452.0,1.141037706817e-02,6.846226240902e-01,5.042804969827e-01,2.973278278
60.0,454.0,1.156507847319e-02,6.939047083914e-01,4.996213795102e-01,3.013589858
60.0,456.0,1.165106429946e-02,6.990638579676e-01,4.970503958291e-01,3.035995760
60.0,458.0,1.175829847849e-02,7.054979087094e-01,4.938626145315e-01,3.063938487
60.0,460.0,1.186674613428e-02,7.120047680568e-01,4.906595522010e-01,3.092197419
60.0,462.0,1.205637353789e-02,7.233824122734e-01,4.851086404150e-01,3.141609900
60.0,464.0,1.222714806386e-02,7.336288838316e-01,4.801633675940e-01,3.186109760
60.0,466.0,1.241903814858e-02,7.451422889148e-01,4.746667553171e-01,3.236111843
60.0,468.0,1.257201325038e-02,7.543207950228e-01,4.703299567165e-01,3.275973589
60.0,470.0,1.283604381141e-02,7.701626286846e-01,4.629377752275e-01,3.344773798
60.0,472.0,1.314110122105e-02,7.884660732630e-01,4.545414941542e-01,3.424264648
60.0,474.0,1.344715778091e-02,8.068294668546e-01,4.462707417508e-01,3.504015853
60.0,476.0,1.378418667130e-02,8.270512002780e-01,4.373370060165e-01,3.591837725
60.0,478.0,1.413216191905e-02,8.479297151430e-01,4.283007192096e-01,3.682511963
60.0,480.0,1.446105836676e-02,8.676635020056e-01,4.199315731683e-01,3.768214711
60.0,482.0,1.482085164323e-02,8.892510985938e-01,4.109634086106e-01,3.861968451
60.0,484.0,1.518151813511e-02,9.108910881066e-01,4.021656992473e-01,3.955949732
60.0,486.0,1.556303495983e-02,9.337820975898e-01,3.930642880802e-01,4.055364123
60.0,488.0,1.607537993942e-02,9.645227963652e-01,3.811650496933e-01,4.188869281
60.0,490.0,1.672853157561e-02,1.003711894537e+00,3.665164427019e-01,4.359065372
60.0,492.0,1.754246902578e-02,1.052548141547e+00,3.490471933068e-01,4.571158498
60.0,494.0,1.853717207993e-02,1.112230324796e+00,3.288247566142e-01,4.830354927
60.0,496.0,1.976262113856e-02,1.185757268314e+00,3.055147352487e-01,5.149678385
60.0,498.0,2.124879719143e-02,1.274927831486e+00,2.794511350669e-01,5.536941220
60.0,500.0,2.268568179718e-02,1.361140907831e+00,2.563681176437e-01,5.911359854
60.0,502.0,2.434325706370e-02,1.460595423822e+00,2.320980368786e-01,6.343285329
60.0,504.0,2.613150562929e-02,1.567890337757e+00,2.084845507195e-01,6.809261219
60.0,506.0,2.854041064458e-02,1.712424638675e+00,1.804277896355e-01,7.436965713
60.0,508.0,3.153995575512e-02,1.892397345307e+00,1.507100713225e-01,8.218577246
60.0,510.0,3.480012508463e-02,2.088007505078e+00,1.239338274919e-01,9.068101376
60.0,512.0,3.746090321893e-02,2.247654193136e+00,1.056467610092e-01,9.761438133
60.0,514.0,3.912227519045e-02,2.347336511427e+00,9.562351547246e-02,10.194352941
60.0,516.0,3.992422646334e-02,2.395453587800e+00,9.113133348531e-02,10.403322748
60.0,518.0,4.046674291916e-02,2.428004575150e+00,8.821267885152e-02,10.544689890
60.0,520.0,4.082981084306e-02,2.449788650584e+00,8.631182652596e-02,10.639296928
60.0,522.0,4.125341691052e-02,2.475205014631e+00,8.414573738151e-02,10.749678794
60.0,524.0,4.177754817459e-02,2.506652890475e+00,8.154070867665e-02,10.886255184
60.0,526.0,4.246219205357e-02,2.547731523214e+00,7.825899350349e-02,11.064657419
60.0,528.0,4.317733631914e-02,2.590640179148e+00,7.497202918938e-02,11.251007344
60.0,530.0,4.395296908500e-02,2.637178145100e+00,7.156292509207e-02,11.453119162
60.0,532.0,4.480907879581e-02,2.688544727749e+00,6.797979653382e-02,11.676201396
60.0,534.0,4.584565421664e-02,2.750739252998e+00,6.388061980745e-02,11.946308787
60.0,536.0,4.687268442274e-02,2.812361065364e+00,6.006301214835e-02,12.213928918
60.0,538.0,4.789015878967e-02,2.873409527380e+00,5.650593922204e-02,12.479059020
60.0,540.0,4.895806698389e-02,2.937484019033e+00,5.299890537032e-02,12.757331001
60.0,542.0,5.021639895350e-02,3.012983937210e+00,4.914481471159e-02,13.085222980
60.0,544.0,5.177514491951e-02,3.106508695171e+00,4.475694301286e-02,13.491395843
60.0,546.0,5.359429536727e-02,3.215657722036e+00,4.012893145936e-02,13.965424044
60.0,548.0,5.558384103828e-02,3.335030462297e+00,3.561350132580e-02,14.483853268
60.0,550.0,5.760377292229e-02,3.456226375337e+00,3.154859020894e-02,15.010200430
62.0,350.0,9.889596205244e-03,6.131549647251e-01,5.416393176112e-01,2.662898177
62.0,352.0,9.716301458359e-03,6.024106904183e-01,5.474902145505e-01,2.616236387
62.0,354.0,9.530050616577e-03,5.908631382278e-01,5.538490300940e-01,2.566086005
62.0,356.0,9.330572014292e-03,5.784954648861e-01,5.607413873363e-01,2.512373882
62.0,358.0,9.137606428434e-03,5.665315985629e-01,5.674903134613e-01,2.460415471
62.0,360.0,9.010906417364e-03,5.586761978766e-01,5.719657323496e-01,2.426299899
62.0,362.0,8.910235699738e-03,5.524346133838e-01,5.755468691531e-01,2.399193042
62.0,364.0,8.775368570623e-03,5.440728513786e-01,5.803796321442e-01,2.362878371
62.0,366.0,8.606089352376e-03,5.335775398473e-01,5.865029741733e-01,2.317297812
62.0,368.0,8.442191877956e-03,5.234158964333e-01,5.924931919413e-01,2.273166356
62.0,370.0,8.293479004540e-03,5.141956982815e-01,5.979813586871e-01,2.233123544
62.0,372.0,8.159762155435e-03,5.059052536370e-01,6.029594970170e-01,2.197118600
62.0,374.0,8.020860888458e-03,4.972933750844e-01,6.081745343808e-01,2.159717687
62.0,376.0,7.906602489062e-03,4.902093543218e-01,6.124981516257e-01,2.128952176
62.0,378.0,7.796821586622e-03,4.834029383706e-01,6.166812887512e-01,2.099392287
62.0,380.0,7.711359792400e-03,4.781043071288e-01,6.199575276196e-01,2.076380624
62.0,382.0,7.610065357832e-03,4.718240521856e-01,6.238632706406e-01,2.049105823
62.0,384.0,7.512792851830e-03,4.657931568135e-01,6.276370930781e-01,2.022913977
62.0,386.0,7.419402855952e-03,4.600029770690e-01,6.312817661347e-01,1.997767546
62.0,388.0,7.359761676293e-03,4.563052239302e-01,6.336204114688e-01,1.981708408
62.0,390.0,7.313741071094e-03,4.534519464078e-01,6.354308880142e-01,1.969316781
62.0,392.0,7.241217993107e-03,4.489555155726e-01,6.382944922272e-01,1.949789030
62.0,394.0,7.222074345802e-03,4.477686094397e-01,6.390525376500e-01,1.944634362
62.0,396.0,7.216196752604e-03,4.474041986614e-01,6.392854577193e-01,1.943051747
62.0,398.0,7.223476338366e-03,4.478555329787e-01,6.389969913560e-01,1.945011867
62.0,400.0,7.253808522356e-03,4.497361283861e-01,6.377964257916e-01,1.953179189
62.0,402.0,7.297092822081e-03,4.524197549690e-01,6.360871129534e-01,1.964834031
62.0,404.0,7.303232667298e-03,4.528004253725e-01,6.358450194973e-01,1.966487261
62.0,406.0,7.292135223641e-03,4.521123838657e-01,6.362826578020e-01,1.963499135
62.0,408.0,7.213711225286e-03,4.472500959677e-01,6.393839809216e-01,1.942382487
62.0,410.0,7.187874816150e-03,4.456482386013e-01,6.404090036123e-01,1.935425709
62.0,412.0,7.144543399123e-03,4.429616907456e-01,6.421318062073e-01,1.923758180
62.0,414.0,7.143637492892e-03,4.429055245593e-01,6.421678733148e-01,1.923514253
62.0,416.0,7.135080595916e-03,4.423749969468e-01,6.425086514916e-01,1.921210201
62.0,418.0,7.168799057154e-03,4.444655415435e-01,6.411668615264e-01,1.930289321
62.0,420.0,7.204721953181e-03,4.466927610972e-01,6.397404312317e-01,1.939962013
62.0,422.0,7.222780971318e-03,4.478124202217e-01,6.390245408719e-01,1.944824630
62.0,424.0,7.232910298468e-03,4.484404385050e-01,6.386233477682e-01,1.947552079
62.0,426.0,7.285046515327e-03,4.516728839503e-01,6.365623654375e-01,1.961590411
62.0,428.0,7.349128495696e-03,4.556459667332e-01,6.340382680075e-01,1.978845291
62.0,430.0,7.455097310597e-03,4.622160332570e-01,6.298862488645e-01,2.007378727
62.0,432.0,7.572896136960e-03,4.695195604915e-01,6.253026162090e-01,2.039097543
62.0,434.0,7.722470170618e-03,4.787931505783e-01,6.195306209906e-01,2.079372233
62.0,436.0,7.903766543389e-03,4.900335256901e-01,6.126058558061e-01,2.128188562
62.0,438.0,8.216734244034e-03,5.094375231301e-01,6.008334386961e-01,2.212459052
62.0,440.0,8.571324042880e-03,5.314220906586e-01,5.877685149476e-01,2.307936815
62.0,442.0,9.027488419921e-03,5.597042820351e-01,5.713780056090e-01,2.430764812
62.0,444.0,9.485181496220e-03,5.880812527656e-01,5.553919197351e-01,2.554004430
62.0,446.0,1.007435896844e-02,6.246102560433e-01,5.354700840845e-01,2.712647875
62.0,448.0,1.061497804633e-02,6.581286388725e-01,5.178194555573e-01,2.858216362
62.0,450.0,1.112699739305e-02,6.898738383691e-01,5.016393527128e-01,2.996084012
62.0,452.0,1.141037706817e-02,7.074433782265e-01,4.929027538618e-01,3.072387554
62.0,454.0,1.156507847319e-02,7.170348653378e-01,4.881976838312e-01,3.114042853
62.0,456.0,1.165106429946e-02,7.223659865665e-01,4.856019679807e-01,3.137195619
62.0,458.0,1.175829847849e-02,7.290145056664e-01,4.823841427609e-01,3.166069770
62.0,460.0,1.186674613428e-02,7.357382603254e-01,4.791515897586e-01,3.195270666
62.0,462.0,1.205637353789e-02,7.474951593492e-01,4.735512387899e-01,3.246330230
62.0,464.0,1.222714806386e-02,7.580831799593e-01,4.685637190885e-01,3.292313419
62.0,466.0,1.241903814858e-02,7.699803652120e-01,4.630221595639e-01,3.343982238
62.0,468.0,1.257201325038e-02,7.794648215236e-01,4.586514059951e-01,3.385172708
62.0,470.0,1.283604381141e-02,7.958347163074e-01,4.512044499778e-01,3.456266258
62.0,472.0,1.314110122105e-02,8.147482757051e-01,4.427507644591e-01,3.538406803
62.0,474.0,1.344715778091e-02,8.337237824164e-01,4.344285531581e-01,3.620816381
62.0,476.0,1.378418667130e-02,8.546195736206e-01,4.254450108052e-01,3.711565649
62.0,478.0,1.413216191905e-02,8.761940389811e-01,4.163645672252e-01,3.805262362
62.0,480.0,1.446105836676e-02,8.965856187391e-01,4.079602161620e-01,3.893821868
62.0,482.0,1.482085164323e-02,9.188928018803e-01,3.989605249775e-01,3.990700733
62.0,484.0,1.518151813511e-02,9.412541243768e-01,3.901382465347e-01,4.087814723
62.0,486.0,1.556303495983e-02,9.649081675095e-01,3.810181879819e-01,4.190542927
62.0,488.0,1.607537993942e-02,9.966735562440e-01,3.691052090351e-01,4.328498257
62.0,490.0,1.672853157561e-02,1.037168957688e+00,3.544567448908e-01,4.504367551
62.0,492.0,1.754246902578e-02,1.087633079598e+00,3.370132339234e-01,4.723530448
62.0,494.0,1.853717207993e-02,1.149304668956e+00,3.168570133169e-01,4.991366758
62.0,496.0,1.976262113856e-02,1.225282510591e+00,2.936747223837e-01,5.321334331
62.0,498.0,2.124879719143e-02,1.317425425869e+00,2.678239477082e-01,5.721505928
62.0,500.0,2.268568179718e-02,1.406512271425e+00,2.449962752963e-01,6.108405182
62.0,502.0,2.434325706370e-02,1.509281937949e+00,2.210686619968e-01,6.554728173
62.0,504.0,2.613150562929e-02,1.620153349016e+00,1.978683538396e-01,7.036236593
62.0,506.0,2.854041064458e-02,1.769505459964e+00,1.704172461404e-01,7.684864570
62.0,508.0,3.153995575512e-02,1.955477256817e+00,1.414969302023e-01,8.492529821
62.0,510.0,3.480012508463e-02,2.157607755247e+00,1.156013372104e-01,9.370371422
62.0,512.0,3.746090321893e-02,2.322575999574e+00,9.802075867059e-02,10.086819404
62.0,514.0,3.912227519045e-02,2.425581061808e+00,8.842672271994e-02,10.534164706
62.0,516.0,3.992422646334e-02,2.475302040727e+00,8.413757344519e-02,10.750100173
62.0,518.0,4.046674291916e-02,2.508938060988e+00,8.135458699449e-02,10.896179553
62.0,520.0,4.082981084306e-02,2.531448272270e+00,7.954373583757e-02,10.993940159
62.0,522.0,4.125341691052e-02,2.557711848452e+00,7.748182792903e-02,11.108001421
62.0,524.0,4.177754817459e-02,2.590207986825e+00,7.500443852793e-02,11.249130357
62.0,526.0,4.246219205357e-02,2.632655907321e+00,7.188728251339e-02,11.433479333
62.0,528.0,4.317733631914e-02,2.676994851787e+00,6.876950649888e-02,11.626040922
62.0,530.0,4.395296908500e-02,2.725084083270e+00,6.554069161066e-02,11.834889801
62.0,532.0,4.480907879581e-02,2.778162885340e+00,6.215258398255e-02,12.065408109
62.0,534.0,4.584565421664e-02,2.842430561432e+00,5.828383123303e-02,12.344519080
62.0,536.0,4.687268442274e-02,2.906106434210e+00,5.468824816591e-02,12.621059882
62.0,538.0,4.789015878967e-02,2.969189844960e+00,5.134489080842e-02,12.895027654
62.0,540.0,4.895806698389e-02,3.035400153001e+00,4.805542950337e-02,13.182575368
62.0,542.0,5.021639895350e-02,3.113416735117e+00,4.444882573120e-02,13.521397079
62.0,544.0,5.177514491951e-02,3.210058985010e+00,4.035423290701e-02,13.941109038
62.0,546.0,5.359429536727e-02,3.322846312771e+00,3.605007579450e-02,14.430938178
62.0,548.0,5.558384103828e-02,3.446198144373e+00,3.186655842278e-02,14.966648376
62.0,550.0,5.760377292229e-02,3.571433921182e+00,2.811550933753e-02,15.510540445
64.0,350.0,9.889596205244e-03,6.329341571356e-01,5.310313833484e-01,2.748798119
64.0,352.0,9.716301458359e-03,6.218432933350e-01,5.369537615321e-01,2.700631109
64.0,354.0,9.530050616577e-03,6.099232394609e-01,5.433925785809e-01,2.648862973
64.0,356.0,9.330572014292e-03,5.971566089147e-01,5.503743428480e-01,2.593418201
64.0,358.0,9.137606428434e-03,5.848068114198e-01,5.572134986994e-01,2.539783712
64.0,360.0,9.010906417364e-03,5.766980107113e-01,5.617502006602e-01,2.504567638
64.0,362.0,8.910235699738e-03,5.702550847832e-01,5.653812001629e-01,2.476586366
64.0,364.0,8.775368570623e-03,5.616235885199e-01,5.702824078279e-01,2.439100254
64.0,366.0,8.606089352376e-03,5.507897185521e-01,5.764943622732e-01,2.392049355
64.0,368.0,8.442191877956e-03,5.403002801892e-01,5.825732908886e-01,2.346494303
64.0,370.0,8.293479004540e-03,5.307826562906e-01,5.881444745244e-01,2.305159787
64.0,372.0,8.159762155435e-03,5.222247779478e-01,5.931993420054e-01,2.267993394
64.0,374.0,8.020860888458e-03,5.133350968613e-01,5.984962038000e-01,2.229385999
64.0,376.0,7.906602489062e-03,5.060225593000e-01,6.028887706018e-01,2.197628052
64.0,378.0,7.796821586622e-03,4.989965815438e-01,6.071395692153e-01,2.167114619
64.0,380.0,7.711359792400e-03,4.935270267136e-01,6.104694505616e-01,2.143360644
64.0,382.0,7.610065357832e-03,4.870441829012e-01,6.144398846081e-01,2.115206011
64.0,384.0,7.512792851830e-03,4.808187425171e-01,6.182769748752e-01,2.088169267
64.0,386.0,7.419402855952e-03,4.748417827809e-01,6.219834571734e-01,2.062211660
64.0,388.0,7.359761676293e-03,4.710247472828e-01,6.243621269541e-01,2.045634486
64.0,390.0,7.313741071094e-03,4.680794285500e-01,6.262037832237e-01,2.032843129
64.0,392.0,7.241217993107e-03,4.634379515588e-01,6.291170493741e-01,2.012685451
64.0,394.0,7.222074345802e-03,4.622127581313e-01,6.298883118245e-01,2.007364503
64.0,396.0,7.216196752604e-03,4.618365921667e-01,6.301252989394e-01,2.005730835
64.0,398.0,7.223476338366e-03,4.623024856554e-01,6.298317960413e-01,2.007754185
64.0,400.0,7.253808522356e-03,4.642437454308e-01,6.286103149001e-01,2.016184969
64.0,402.0,7.297092822081e-03,4.670139406132e-01,6.268713513804e-01,2.028215774
64.0,404.0,7.303232667298e-03,4.674068907071e-01,6.266250706153e-01,2.029922334
64.0,406.0,7.292135223641e-03,4.666966543130e-01,6.270702806293e-01,2.026837817
64.0,408.0,7.213711225286e-03,4.616775184183e-01,6.302255433055e-01,2.005039987
64.0,410.0,7.187874816150e-03,4.600239882336e-01,6.312685023090e-01,1.997858796
64.0,412.0,7.144543399123e-03,4.572507775439e-01,6.330215725607e-01,1.985814895
64.0,414.0,7.143637492892e-03,4.571927995451e-01,6.330582749487e-01,1.985563100
64.0,416.0,7.135080595916e-03,4.566451581386e-01,6.334050588207e-01,1.983184724
64.0,418.0,7.168799057154e-03,4.588031396579e-01,6.320396561962e-01,1.992556718
64.0,420.0,7.204721953181e-03,4.611022050036e-01,6.305882248326e-01,2.002541432
64.0,422.0,7.222780971318e-03,4.622579821644e-01,6.298598263788e-01,2.007560909
64.0,424.0,7.232910298468e-03,4.629062591020e-01,6.294516351042e-01,2.010376340
64.0,426.0,7.285046515327e-03,4.662429769809e-01,6.273548327438e-01,2.024867521
64.0,428.0,7.349128495696e-03,4.703442237245e-01,6.247871646981e-01,2.042679010
64.0,430.0,7.455097310597e-03,4.771262278782e-01,6.205641918481e-01,2.072132879
64.0,432.0,7.572896136960e-03,4.846653527654e-01,6.159032726079e-01,2.104874883
64.0,434.0,7.722470170618e-03,4.942380909196e-01,6.100355218803e-01,2.146448756
64.0,436.0,7.903766543389e-03,5.058410587769e-01,6.029982051599e-01,2.196839805
64.0,438.0,8.216734244034e-03,5.258709916182e-01,5.910403489224e-01,2.283828699
64.0,440.0,8.571324042880e-03,5.485647387443e-01,5.777784786253e-01,2.382386390
64.0,442.0,9.027488419921e-03,5.777592588749e-01,5.611543605143e-01,2.509176580
64.0,444.0,9.485181496220e-03,6.070516157581e-01,5.449552402038e-01,2.636391670
64.0,446.0,1.007435896844e-02,6.447589739802e-01,5.247890146719e-01,2.800152646
64.0,448.0,1.061497804633e-02,6.793585949651e-01,5.069420432888e-01,2.950416890
64.0,450.0,1.112699739305e-02,7.121278331552e-01,4.905991728503e-01,3.092731883
64.0,452.0,1.141037706817e-02,7.302641323629e-01,4.817817191389e-01,3.171496830
64.0,454.0,1.156507847319e-02,7.401650222842e-01,4.770351875890e-01,3.214495849
64.0,456.0,1.165106429946e-02,7.456681151654e-01,4.744172286864e-01,3.238395477
64.0,458.0,1.175829847849e-02,7.525311026234e-01,4.711724563479e-01,3.268201053
64.0,460.0,1.186674613428e-02,7.594717525939e-01,4.679135358484e-01,3.298343913
64.0,462.0,1.205637353789e-02,7.716079064250e-01,4.622691848316e-01,3.351050560
64.0,464.0,1.222714806386e-02,7.825374760870e-01,4.572442915548e-01,3.398517077
64.0,466.0,1.241903814858e-02,7.948184415091e-01,4.516632307734e-01,3.451852633
64.0,468.0,1.257201325038e-02,8.046088480243e-01,4.472628400918e-01,3.494371828
64.0,470.0,1.283604381141e-02,8.215068039302e-01,4.397685100978e-01,3.567758718
64.0,472.0,1.314110122105e-02,8.410304781472e-01,4.312658843036e-01,3.652548958
64.0,474.0,1.344715778091e-02,8.606180979782e-01,4.229006075071e-01,3.737616910
64.0,476.0,1.378418667130e-02,8.821879469632e-01,4.138763807520e-01,3.831293574
64.0,478.0,1.413216191905e-02,9.044583628192e-01,4.047610593803e-01,3.928012761
64.0,480.0,1.446105836676e-02,9.255077354726e-01,3.963301371108e-01,4.019429025
64.0,482.0,1.482085164323e-02,9.485345051667e-01,3.873082059262e-01,4.119433015
64.0,484.0,1.518151813511e-02,9.716171606470e-01,3.784704953557e-01,4.219679714
64.0,486.0,1.556303495983e-02,9.960342374291e-01,3.693412603879e-01,4.325721731
64.0,488.0,1.607537993942e-02,1.028824316123e+00,3.574269347268e-01,4.468127233
64.0,490.0,1.672853157561e-02,1.070626020839e+00,3.427938541377e-01,4.649669730
64.0,492.0,1.754246902578e-02,1.122718017650e+00,3.253941645068e-01,4.875902398
64.0,494.0,1.853717207993e-02,1.186379013116e+00,3.053248420888e-01,5.152378588
64.0,496.0,1.976262113856e-02,1.264807752868e+00,2.822935610518e-01,5.492990277
64.0,498.0,2.124879719143e-02,1.359923020252e+00,2.566805353961e-01,5.906070635
64.0,500.0,2.268568179718e-02,1.451883635020e+00,2.341288591606e-01,6.305450511
64.0,502.0,2.434325706370e-02,1.557968452077e+00,2.105634066290e-01,6.766171017
64.0,504.0,2.613150562929e-02,1.672416360275e+00,1.877927420333e-01,7.263211967
64.0,506.0,2.854041064458e-02,1.826586281253e+00,1.609621103310e-01,7.932763427
64.0,508.0,3.153995575512e-02,2.018557168328e+00,1.328470027317e-01,8.766482396
64.0,510.0,3.480012508463e-02,2.227208005416e+00,1.078290684253e-01,9.672641468
64.0,512.0,3.746090321893e-02,2.397497806012e+00,9.094523143520e-02,10.412200675
64.0,514.0,3.912227519045e-02,2.503825612189e+00,8.177157315705e-02,10.873976470
64.0,516.0,3.992422646334e-02,2.555150493654e+00,7.768054075919e-02,11.096877598
64.0,518.0,4.046674291916e-02,2.589871546826e+00,7.502967726652e-02,11.247669216
64.0,520.0,4.082981084306e-02,2.613107893956e+00,7.330636096659e-02,11.348583390
64.0,522.0,4.125341691052e-02,2.640218682273e+00,7.134566581793e-02,11.466324047
64.0,524.0,4.177754817459e-02,2.673763083174e+00,6.899211314434e-02,11.612005529
64.0,526.0,4.246219205357e-02,2.717580291428e+00,6.603434513797e-02,11.802301247
64.0,528.0,4.317733631914e-02,2.763349524425e+00,6.308012568465e-02,12.001074500
64.0,530.0,4.395296908500e-02,2.812990021440e+00,6.002524702948e-02,12.216660440
64.0,532.0,4.480907879581e-02,2.867781042932e+00,5.682487875329e-02,12.454614823
64.0,534.0,4.584565421664e-02,2.934121869865e+00,5.317739548300e-02,12.742729373
64.0,536.0,4.687268442274e-02,2.999851803055e+00,4.979444720603e-02,13.028190846
64.0,538.0,4.789015878967e-02,3.064970162539e+00,4.665523391743e-02,13.310996288
64.0,540.0,4.895806698389e-02,3.133316286969e+00,4.357305662479e-02,13.607819735
64.0,542.0,5.021639895350e-02,3.213849533024e+00,4.020155779358e-02,13.957571179
64.0,544.0,5.177514491951e-02,3.313609274849e+00,3.638461440598e-02,14.390822233
64.0,546.0,5.359429536727e-02,3.430034903505e+00,3.238581037488e-02,14.896452313
64.0,548.0,5.558384103828e-02,3.557365826450e+00,2.851383626739e-02,15.449443485
64.0,550.0,5.760377292229e-02,3.686641467027e+00,2.505601233124e-02,16.010880459
66.0,350.0,9.889596205244e-03,6.527133495461e-01,5.206312040725e-01,2.834698060
66.0,352.0,9.716301458359e-03,6.412758962517e-01,5.266200826258e-01,2.785025831
66.0,354.0,9.530050616577e-03,6.289833406941e-01,5.331335407534e-01,2.731639941
66.0,356.0,9.330572014292e-03,6.158177529433e-01,5.401989653453e-01,2.674462520
66.0,358.0,9.137606428434e-03,6.030820242766e-01,5.471227891787e-01,2.619151953
66.0,360.0,9.010906417364e-03,5.947198235460e-01,5.517171223622e-01,2.582835376
66.0,362.0,8.910235699738e-03,5.880755561827e-01,5.553950835803e-01,2.553979690
66.0,364.0,8.775368570623e-03,5.791743256611e-01,5.603608511836e-01,2.515322137
66.0,366.0,8.606089352376e-03,5.680018972568e-01,5.666565462882e-01,2.466800897
66.0,368.0,8.442191877956e-03,5.571846639451e-01,5.728194751820e-01,2.419822250
66.0,370.0,8.293479004540e-03,5.473696142996e-01,5.784694086001e-01,2.377196031
66.0,372.0,8.159762155435e-03,5.385443022587e-01,5.835971754265e-01,2.338868187
66.0,374.0,8.020860888458e-03,5.293768186382e-01,5.889718916425e-01,2.299054312
66.0,376.0,7.906602489062e-03,5.218357642781e-01,5.934301495491e-01,2.266303929
66.0,378.0,7.796821586622e-03,5.145902247171e-01,5.977454857652e-01,2.234836950
66.0,380.0,7.711359792400e-03,5.089497462984e-01,6.011265828159e-01,2.210340664
66.0,382.0,7.610065357832e-03,5.022643136169e-01,6.051588377844e-01,2.181306199
66.0,384.0,7.512792851830e-03,4.958443282208e-01,6.090564465941e-01,2.153424556
66.0,386.0,7.419402855952e-03,4.896805884928e-01,6.128221053589e-01,2.126655775
66.0,388.0,7.359761676293e-03,4.857442706353e-01,6.152391219075e-01,2.109560564
66.0,390.0,7.313741071094e-03,4.827069106922e-01,6.171106654086e-01,2.096369477
66.0,392.0,7.241217993107e-03,4.779203875451e-01,6.200715604362e-01,2.075581871
66.0,394.0,7.222074345802e-03,4.766569068229e-01,6.208555040436e-01,2.070094644
66.0,396.0,7.216196752604e-03,4.762689856719e-01,6.210963937455e-01,2.068409924
66.0,398.0,7.223476338366e-03,4.767494383322e-01,6.207980580047e-01,2.070496503
66.0,400.0,7.253808522356e-03,4.787513624755e-01,6.195565105408e-01,2.079190749
66.0,402.0,7.297092822081e-03,4.816081262573e-01,6.177891096660e-01,2.091597517
66.0,404.0,7.303232667298e-03,4.820133560417e-01,6.175388138355e-01,2.093357407
66.0,406.0,7.292135223641e-03,4.812809247603e-01,6.179912842617e-01,2.090176499
66.0,408.0,7.213711225286e-03,4.761049408689e-01,6.211982897386e-01,2.067697486
66.0,410.0,7.187874816150e-03,4.743997378659e-01,6.222584625757e-01,2.060291884
66.0,412.0,7.144543399123e-03,4.715398643421e-01,6.240405901930e-01,2.047871611
66.0,414.0,7.143637492892e-03,4.714800745309e-01,6.240779025775e-01,2.047611947
66.0,416.0,7.135080595916e-03,4.709153193305e-01,6.244304533615e-01,2.045159246
66.0,418.0,7.168799057154e-03,4.731407377722e-01,6.230423794106e-01,2.054824116
66.0,420.0,7.204721953181e-03,4.755116489099e-01,6.215669510399e-01,2.065120852
66.0,422.0,7.222780971318e-03,4.767035441070e-01,6.208265497043e-01,2.070297187
66.0,424.0,7.232910298468e-03,4.773720796989e-01,6.204116437646e-01,2.073200600
66.0,426.0,7.285046515327e-03,4.808130700116e-01,6.182804820647e-01,2.088144631
66.0,428.0,7.349128495696e-03,4.850424807159e-01,6.156710420621e-01,2.106512729
66.0,430.0,7.455097310597e-03,4.920364224994e-01,6.113800974356e-01,2.136887032
66.0,432.0,7.572896136960e-03,4.998111450394e-01,6.066452168535e-01,2.170652223
66.0,434.0,7.722470170618e-03,5.096830312608e-01,6.006859473076e-01,2.213525280
66.0,436.0,7.903766543389e-03,5.216485918637e-01,5.935412336986e-01,2.265491049
66.0,438.0,8.216734244034e-03,5.423044601062e-01,5.814068784394e-01,2.355198345
66.0,440.0,8.571324042880e-03,5.657073868301e-01,5.679582384441e-01,2.456835965
66.0,442.0,9.027488419921e-03,5.958142357148e-01,5.511136467156e-01,2.587588348
66.0,444.0,9.485181496220e-03,6.260219787505e-01,5.347146821422e-01,2.718778909
66.0,446.0,1.007435896844e-02,6.649076919170e-01,5.143210015012e-01,2.887657416
66.0,448.0,1.061497804633e-02,7.005885510578e-01,4.962931239754e-01,3.042617418
66.0,450.0,1.112699739305e-02,7.343818279413e-01,4.798019674888e-01,3.189379755
66.0,452.0,1.141037706817e-02,7.530848864992e-01,4.709116008743e-01,3.270606106
66.0,454.0,1.156507847319e-02,7.632951792305e-01,4.661279185355e-01,3.314948844
66.0,456.0,1.165106429946e-02,7.689702437644e-01,4.634901044788e-01,3.339595336
66.0,458.0,1.175829847849e-02,7.760476995803e-01,4.602213546040e-01,3.370332336
66.0,460.0,1.186674613428e-02,7.832052448625e-01,4.569390600175e-01,3.401417160
66.0,462.0,1.205637353789e-02,7.957206535007e-01,4.512559185590e-01,3.455770890
66.0,464.0,1.222714806386e-02,8.069917722148e-01,4.461983154951e-01,3.504720736
66.0,466.0,1.241903814858e-02,8.196565178063e-01,4.405829609209e-01,3.559723027
66.0,468.0,1.257201325038e-02,8.297528745251e-01,4.361570585246e-01,3.603570947
66.0,470.0,1.283604381141e-02,8.471788915531e-01,4.286224182477e-01,3.679251178
66.0,472.0,1.314110122105e-02,8.673126805893e-01,4.200789200023e-01,3.766691113
66.0,474.0,1.344715778091e-02,8.875124135401e-01,4.116785660834e-01,3.854417438
66.0,476.0,1.378418667130e-02,9.097563203058e-01,4.026223229653e-01,3.951021498
66.0,478.0,1.413216191905e-02,9.327226866573e-01,3.934809253402e-01,4.050763160
66.0,480.0,1.446105836676e-02,9.544298522062e-01,3.850316069053e-01,4.145036182
66.0,482.0,1.482085164323e-02,9.781762084532e-01,3.759962126234e-01,4.248165297
66.0,484.0,1.518151813511e-02,1.001980196917e+00,3.671516882210e-01,4.351544705
66.0,486.0,1.556303495983e-02,1.027160307349e+00,3.580221914011e-01,4.460900535
66.0,488.0,1.607537993942e-02,1.060975076002e+00,3.461181542307e-01,4.607756209
66.0,490.0,1.672853157561e-02,1.104083083990e+00,3.315147140754e-01,4.794971909
66.0,492.0,1.754246902578e-02,1.157802955701e+00,3.141756810628e-01,5.028274348
66.0,494.0,1.853717207993e-02,1.223453357275e+00,2.942123900642e-01,5.313390419
66.0,496.0,1.976262113856e-02,1.304332995145e+00,2.713534687782e-01,5.664646224
66.0,498.0,2.124879719143e-02,1.402420614634e+00,2.460007695914e-01,6.090635342
66.0,500.0,2.268568179718e-02,1.497254998614e+00,2.237434941636e-01,6.502495839
66.0,502.0,2.434325706370e-02,1.606654966204e+00,2.005573644439e-01,6.977613861
66.0,504.0,2.613150562929e-02,1.724679371533e+00,1.782301882846e-01,7.490187341
66.0,506.0,2.854041064458e-02,1.883667102542e+00,1.520315669276e-01,8.180662284
66.0,508.0,3.153995575512e-02,2.081637079838e+00,1.247258587841e-01,9.040434971
66.0,510.0,3.480012508463e-02,2.296808255586e+00,1.005793555511e-01,9.974911514
66.0,512.0,3.746090321893e-02,2.472419612449e+00,8.438044382618e-02,10.737581946
66.0,514.0,3.912227519045e-02,2.582070162570e+00,7.561730177149e-02,11.213788235
66.0,516.0,3.992422646334e-02,2.634998946580e+00,7.171904495880e-02,11.443655023
66.0,518.0,4.046674291916e-02,2.670805032665e+00,6.919649744027e-02,11.599158879
66.0,520.0,4.082981084306e-02,2.694767515642e+00,6.755808614693e-02,11.703226621
66.0,522.0,4.125341691052e-02,2.722725516094e+00,6.569545617413e-02,11.824646674
66.0,524.0,4.177754817459e-02,2.757318179523e+00,6.346173332595e-02,11.974880702
66.0,526.0,4.246219205357e-02,2.802504675536e+00,6.065794373280e-02,12.171123161
66.0,528.0,4.317733631914e-02,2.849704197063e+00,5.786143392575e-02,12.376108078
66.0,530.0,4.395296908500e-02,2.900895959610e+00,5.497394355180e-02,12.598431078
66.0,532.0,4.480907879581e-02,2.957399200523e+00,5.195386319309e-02,12.843821536
66.0,534.0,4.584565421664e-02,3.025813178298e+00,4.851835115384e-02,13.140939666
66.0,536.0,4.687268442274e-02,3.093597171901e+00,4.533857008972e-02,13.435321810
66.0,538.0,4.789015878967e-02,3.160750480118e+00,4.239391334986e-02,13.726964922
66.0,540.0,4.895806698389e-02,3.231232420937e+00,3.950877732753e-02,14.033064102
66.0,542.0,5.021639895350e-02,3.314282330931e+00,3.636013375930e-02,14.393745278
66.0,544.0,5.177514491951e-02,3.417159564688e+00,3.280548458256e-02,14.840535427
66.0,546.0,5.359429536727e-02,3.537223494240e+00,2.909399468718e-02,15.361966448
66.0,548.0,5.558384103828e-02,3.668533508526e+00,2.551385838084e-02,15.932238594
66.0,550.0,5.760377292229e-02,3.801849012871e+00,2.232944622865e-02,16.511220473
68.0,350.0,9.889596205244e-03,6.724925419566e-01,5.104347109297e-01,2.920598001
68.0,352.0,9.716301458359e-03,6.607084991684e-01,5.164852754426e-01,2.869420553
68.0,354.0,9.530050616577e-03,6.480434419272e-01,5.230681895187e-01,2.814416909
68.0,356.0,9.330572014292e-03,6.344788969719e-01,5.302117112693e-01,2.755506838
68.0,358.0,9.137606428434e-03,6.213572371335e-01,5.372148146759e-01,2.698520194
68.0,360.0,9.010906417364e-03,6.127416363808e-01,5.418632387668e-01,2.661103115
68.0,362.0,8.910235699738e-03,6.058960275822e-01,5.455853480382e-01,2.631373014
68.0,364.0,8.775368570623e-03,5.967250628024e-01,5.506119060120e-01,2.591544020
68.0,366.0,8.606089352376e-03,5.852140759616e-01,5.569866116039e-01,2.541552439
68.0,368.0,8.442191877956e-03,5.740690477010e-01,5.632289641142e-01,2.493150196
68.0,370.0,8.293479004540e-03,5.639565723087e-01,5.689534989795e-01,2.449232274
68.0,372.0,8.159762155435e-03,5.548638265696e-01,5.741504399084e-01,2.409742981
68.0,374.0,8.020860888458e-03,5.454185404151e-01,5.795991468992e-01,2.368722624
68.0,376.0,7.906602489062e-03,5.376489692562e-01,5.841199232196e-01,2.334979805
68.0,378.0,7.796821586622e-03,5.301838678903e-01,5.884967540734e-01,2.302559282
68.0,380.0,7.711359792400e-03,5.243724658832e-01,5.919267020413e-01,2.277320684
68.0,382.0,7.610065357832e-03,5.174844443326e-01,5.960179801514e-01,2.247406386
68.0,384.0,7.512792851830e-03,5.108699139244e-01,5.999734264934e-01,2.218679846
68.0,386.0,7.419402855952e-03,5.045193942047e-01,6.037956934147e-01,2.191099889
68.0,388.0,7.359761676293e-03,5.004637939879e-01,6.062494196629e-01,2.173486641
68.0,390.0,7.313741071094e-03,4.973343928344e-01,6.081495889414e-01,2.159895825
68.0,392.0,7.241217993107e-03,4.924028235313e-01,6.111561281709e-01,2.138478291
68.0,394.0,7.222074345802e-03,4.911010555145e-01,6.119522297291e-01,2.132824785
68.0,396.0,7.216196752604e-03,4.907013791771e-01,6.121968614385e-01,2.131089012
68.0,398.0,7.223476338366e-03,4.911963910089e-01,6.118938917416e-01,2.133238821
68.0,400.0,7.253808522356e-03,4.932589795202e-01,6.106331071173e-01,2.142196530
68.0,402.0,7.297092822081e-03,4.962023119015e-01,6.088384533469e-01,2.154979260
68.0,404.0,7.303232667298e-03,4.966198213763e-01,6.085843105813e-01,2.156792480
68.0,406.0,7.292135223641e-03,4.958651952076e-01,6.090437375539e-01,2.153515180
68.0,408.0,7.213711225286e-03,4.905323633194e-01,6.123003411607e-01,2.130354986
68.0,410.0,7.187874816150e-03,4.887754874982e-01,6.133770223460e-01,2.122724971
68.0,412.0,7.144543399123e-03,4.858289511404e-01,6.151870253537e-01,2.109928326
68.0,414.0,7.143637492892e-03,4.857673495167e-01,6.152249230406e-01,2.109660794
68.0,416.0,7.135080595916e-03,4.851854805223e-01,6.155830075169e-01,2.107133769
68.0,418.0,7.168799057154e-03,4.874783358865e-01,6.141731815971e-01,2.117091513
68.0,420.0,7.204721953181e-03,4.899210928163e-01,6.126747367151e-01,2.127700272
68.0,422.0,7.222780971318e-03,4.911491060496e-01,6.119228258035e-01,2.133033465
68.0,424.0,7.232910298468e-03,4.918379002958e-01,6.115014820082e-01,2.136024861
68.0,426.0,7.285046515327e-03,4.953831630422e-01,6.093373869940e-01,2.151421741
68.0,428.0,7.349128495696e-03,4.997407377073e-01,6.066879306284e-01,2.170346448
68.0,430.0,7.455097310597e-03,5.069466171206e-01,6.023319238373e-01,2.201641184
68.0,432.0,7.572896136960e-03,5.149569373133e-01,5.975263251532e-01,2.236429563
68.0,434.0,7.722470170618e-03,5.251279716020e-01,5.914796669228e-01,2.280601804
68.0,436.0,7.903766543389e-03,5.374561249505e-01,5.842325782827e-01,2.334142293
68.0,438.0,8.216734244034e-03,5.587379285943e-01,5.719304255842e-01,2.426567992
68.0,440.0,8.571324042880e-03,5.828500349158e-01,5.583049084556e-01,2.531285539
68.0,442.0,9.027488419921e-03,6.138692125546e-01,5.412525910299e-01,2.666000116
68.0,444.0,9.485181496220e-03,6.449923417430e-01,5.246665601226e-01,2.801166149
68.0,446.0,1.007435896844e-02,6.850564098539e-01,5.040617947206e-01,2.975162186
68.0,448.0,1.061497804633e-02,7.218185071504e-01,4.858678978515e-01,3.134817946
68.0,450.0,1.112699739305e-02,7.566358227274e-01,4.692423891965e-01,3.286027626
68.0,452.0,1.141037706817e-02,7.759056406356e-01,4.602867378081e-01,3.369715382
68.0,454.0,1.156507847319e-02,7.864253361769e-01,4.554700409762e-01,3.415401839
68.0,456.0,1.165106429946e-02,7.922723723633e-01,4.528146617791e-01,3.440795195
68.0,458.0,1.175829847849e-02,7.995642965373e-01,4.495247809587e-01,3.472463619
68.0,460.0,1.186674613428e-02,8.069387371310e-01,4.462219802876e-01,3.504490408
68.0,462.0,1.205637353789e-02,8.198334005765e-01,4.405050362782e-01,3.560491220
68.0,464.0,1.222714806386e-02,8.314460683425e-01,4.354191849475e-01,3.610924395
68.0,466.0,1.241903814858e-02,8.444945941034e-01,4.297745139038e-01,3.667593422
68.0,468.0,1.257201325038e-02,8.548969010258e-01,4.253270396033e-01,3.712770067
68.0,470.0,1.283604381141e-02,8.728509791759e-01,4.177588281245e-01,3.790743638
68.0,472.0,1.314110122105e-02,8.935948830314e-01,4.091821436682e-01,3.880833268
68.0,474.0,1.344715778091e-02,9.144067291019e-01,4.007543114482e-01,3.971217967
68.0,476.0,1.378418667130e-02,9.373246936484e-01,3.916742836483e-01,4.070749422
68.0,478.0,1.413216191905e-02,9.609870104954e-01,3.825151531219e-01,4.173513558
68.0,480.0,1.446105836676e-02,9.833519689397e-01,3.740551737922e-01,4.270643339
68.0,482.0,1.482085164323e-02,1.007817911740e+00,3.650146052781e-01,4.376897578
68.0,484.0,1.518151813511e-02,1.032343233187e+00,3.561713893624e-01,4.483409696
68.0,486.0,1.556303495983e-02,1.058286377268e+00,3.470500138570e-01,4.596079339
68.0,488.0,1.607537993942e-02,1.093125835881e+00,3.351671769774e-01,4.747385185
68.0,490.0,1.672853157561e-02,1.137540147141e+00,3.206066979378e-01,4.940274088
68.0,492.0,1.754246902578e-02,1.192887893753e+00,3.033439727504e-01,5.180646298
68.0,494.0,1.853717207993e-02,1.260527701435e+00,2.835043813503e-01,5.474402250
68.0,496.0,1.976262113856e-02,1.343858237422e+00,2.608373522357e-01,5.836302170
68.0,498.0,2.124879719143e-02,1.444918209017e+00,2.357653592477e-01,6.275200050
68.0,500.0,2.268568179718e-02,1.542626362208e+00,2.138187977338e-01,6.699541167
68.0,502.0,2.434325706370e-02,1.655341480332e+00,1.910268126672e-01,7.189056706
68.0,504.0,2.613150562929e-02,1.776942382792e+00,1.691545672747e-01,7.717162715
68.0,506.0,2.854041064458e-02,1.940747923831e+00,1.435965103523e-01,8.428561141
68.0,508.0,3.153995575512e-02,2.144716991348e+00,1.171011730001e-01,9.314387546
68.0,510.0,3.480012508463e-02,2.366408505755e+00,9.381706538697e-02,10.277181560
68.0,512.0,3.746090321893e-02,2.547341418887e+00,7.828952863104e-02,11.062963217
68.0,514.0,3.912227519045e-02,2.660314712951e+00,6.992621159702e-02,11.553600000
68.0,516.0,3.992422646334e-02,2.714847399507e+00,6.621505668643e-02,11.790432448
68.0,518.0,4.046674291916e-02,2.751738518503e+00,6.381681799046e-02,11.950648542
68.0,520.0,4.082981084306e-02,2.776427137328e+00,6.226055888815e-02,12.057869851
68.0,522.0,4.125341691052e-02,2.805232349915e+00,6.049271406257e-02,12.182969300
68.0,524.0,4.177754817459e-02,2.840873275872e+00,5.837466651164e-02,12.337755875
68.0,526.0,4.246219205357e-02,2.887429059643e+00,5.571927956889e-02,12.539945075
68.0,528.0,4.317733631914e-02,2.936058869702e+00,5.307449057221e-02,12.751141657
68.0,530.0,4.395296908500e-02,2.988801897780e+00,5.034772232011e-02,12.980201717
68.0,532.0,4.480907879581e-02,3.047017358115e+00,4.750038996836e-02,13.233028249
68.0,534.0,4.584565421664e-02,3.117504486732e+00,4.426750083012e-02,13.539149959
68.0,536.0,4.687268442274e-02,3.187342540746e+00,4.128142901707e-02,13.842452774
68.0,538.0,4.789015878967e-02,3.256530797698e+00,3.852180641290e-02,14.142933556
68.0,540.0,4.895806698389e-02,3.329148554905e+00,3.582359390936e-02,14.458308468
68.0,542.0,5.021639895350e-02,3.414715128838e+00,3.288577357581e-02,14.829919377
68.0,544.0,5.177514491951e-02,3.520709854527e+00,2.957843133057e-02,15.290248622
68.0,546.0,5.359429536727e-02,3.644412084974e+00,2.613677153850e-02,15.827480583
68.0,548.0,5.558384103828e-02,3.779701190603e+00,2.282951207874e-02,16.415033703
68.0,550.0,5.760377292229e-02,3.917056558716e+00,1.989958187626e-02,17.011560488
70.0,350.0,9.889596205244e-03,6.922717343671e-01,5.004379147539e-01,3.006497942
70.0,352.0,9.716301458359e-03,6.801411020851e-01,5.065455126947e-01,2.953815276
70.0,354.0,9.530050616577e-03,6.671035431604e-01,5.131928681503e-01,2.897193877
70.0,356.0,9.330572014292e-03,6.531400410004e-01,5.204091025747e-01,2.836551157
70.0,358.0,9.137606428434e-03,6.396324499904e-01,5.274862659997e-01,2.777888435
70.0,360.0,9.010906417364e-03,6.307634492155e-01,5.321853493866e-01,2.739370854
70.0,362.0,8.910235699738e-03,6.237164989817e-01,5.359488781844e-01,2.708766338
70.0,364.0,8.775368570623e-03,6.142757999436e-01,5.410325692842e-01,2.667765903
70.0,366.0,8.606089352376e-03,6.024262546663e-01,5.474816933433e-01,2.616303982
70.0,368.0,8.442191877956e-03,5.909534314569e-01,5.537990235343e-01,2.566478143
70.0,370.0,8.293479004540e-03,5.805435303178e-01,5.595941275174e-01,2.521268517
70.0,372.0,8.159762155435e-03,5.711833508804e-01,5.648566194757e-01,2.480617774
70.0,374.0,8.020860888458e-03,5.614602621921e-01,5.703755575661e-01,2.438390937
70.0,376.0,7.906602489062e-03,5.534621742343e-01,5.749557634732e-01,2.403655682
70.0,378.0,7.796821586622e-03,5.457775110635e-01,5.793911251568e-01,2.370281614
70.0,380.0,7.711359792400e-03,5.397951854680e-01,5.828676199083e-01,2.344300704
70.0,382.0,7.610065357832e-03,5.327045750482e-01,5.870151941667e-01,2.313506574
70.0,384.0,7.512792851830e-03,5.258954996281e-01,5.910258638772e-01,2.283935135
70.0,386.0,7.419402855952e-03,5.193581999166e-01,5.949022337773e-01,2.255544004
70.0,388.0,7.359761676293e-03,5.151833173405e-01,5.973910724372e-01,2.237412719
70.0,390.0,7.313741071094e-03,5.119618749766e-01,5.993186364470e-01,2.223422172
70.0,392.0,7.241217993107e-03,5.068852595175e-01,6.023688826143e-01,2.201374712
70.0,394.0,7.222074345802e-03,5.055452042061e-01,6.031766313279e-01,2.195554925
70.0,396.0,7.216196752604e-03,5.051337726823e-01,6.034248482671e-01,2.193768101
70.0,398.0,7.223476338366e-03,5.056433436856e-01,6.031174387919e-01,2.195981140
70.0,400.0,7.253808522356e-03,5.077665965649e-01,6.018382264796e-01,2.205202310
70.0,402.0,7.297092822081e-03,5.107964975457e-01,6.000174759867e-01,2.218361003
70.0,404.0,7.303232667298e-03,5.112262867109e-01,5.997596503859e-01,2.220227553
70.0,406.0,7.292135223641e-03,5.104494656549e-01,6.002257373205e-01,2.216853862
70.0,408.0,7.213711225286e-03,5.049597857700e-01,6.035298454270e-01,2.193012485
70.0,410.0,7.187874816150e-03,5.031512371305e-01,6.046223461304e-01,2.185158058
70.0,412.0,7.144543399123e-03,5.001180379386e-01,6.064590703091e-01,2.171985042
70.0,414.0,7.143637492892e-03,5.000546245024e-01,6.064975291820e-01,2.171709641
70.0,416.0,7.135080595916e-03,4.994556417141e-01,6.068609195846e-01,2.169108292
70.0,418.0,7.168799057154e-03,5.018159340008e-01,6.054302395128e-01,2.179358911
70.0,420.0,7.204721953181e-03,5.043305367227e-01,6.039097355175e-01,2.190279692
70.0,422.0,7.222780971318e-03,5.055946679923e-01,6.031467966659e-01,2.195769744
70.0,424.0,7.232910298468e-03,5.063037208928e-01,6.027192852623e-01,2.198849122
70.0,426.0,7.285046515327e-03,5.099532560729e-01,6.005236489899e-01,2.214698851
70.0,428.0,7.349128495696e-03,5.144389946987e-01,5.978358896617e-01,2.234180167
70.0,430.0,7.455097310597e-03,5.218568117418e-01,5.934176594810e-01,2.266395337
70.0,432.0,7.572896136960e-03,5.301027295872e-01,5.885445056386e-01,2.302206903
70.0,434.0,7.722470170618e-03,5.405729119433e-01,5.824144845592e-01,2.347678327
70.0,436.0,7.903766543389e-03,5.532636580372e-01,5.750699128348e-01,2.402793537
70.0,438.0,8.216734244034e-03,5.751713970824e-01,5.626084310990e-01,2.497937639
70.0,440.0,8.571324042880e-03,5.999926830016e-01,5.488156517626e-01,2.605735114
70.0,442.0,9.027488419921e-03,6.319241893945e-01,5.315679788416e-01,2.744411884
70.0,444.0,9.485181496220e-03,6.639627047354e-01,5.148072579717e-01,2.883553389
70.0,446.0,1.007435896844e-02,7.052051277908e-01,4.940072292506e-01,3.062666956
70.0,448.0,1.061497804633e-02,7.430484632431e-01,4.756616659761e-01,3.227018474
70.0,450.0,1.112699739305e-02,7.788898175135e-01,4.589152082291e-01,3.382675498
70.0,452.0,1.141037706817e-02,7.987263947719e-01,4.499015964114e-01,3.468824658
70.0,454.0,1.156507847319e-02,8.095554931233e-01,4.450558526480e-01,3.515854835
70.0,456.0,1.165106429946e-02,8.155745009622e-01,4.423851036747e-01,3.541995053
70.0,458.0,1.175829847849e-02,8.230808934943e-01,4.390768196096e-01,3.574594902
70.0,460.0,1.186674613428e-02,8.306722293996e-01,4.357562596732e-01,3.607563655
70.0,462.0,1.205637353789e-02,8.439461476523e-01,4.300102868592e-01,3.665211549
70.0,464.0,1.222714806386e-02,8.559003644702e-01,4.249004535348e-01,3.717128053
70.0,466.0,1.241903814858e-02,8.693326704006e-01,4.192312213235e-01,3.775463817
70.0,468.0,1.257201325038e-02,8.800409275266e-01,4.147659359903e-01,3.821969187
70.0,470.0,1.283604381141e-02,8.985230667987e-01,4.071705796197e-01,3.902236098
70.0,472.0,1.314110122105e-02,9.198770854735e-01,3.985680278743e-01,3.994975423
70.0,474.0,1.344715778091e-02,9.413010446637e-01,3.901199415657e-01,4.088018495
70.0,476.0,1.378418667130e-02,9.648930669910e-01,3.810239415975e-01,4.190477346
70.0,478.0,1.413216191905e-02,9.892513343335e-01,3.718549818935e-01,4.296263957
70.0,480.0,1.446105836676e-02,1.012274085673e+00,3.633916554677e-01,4.396250496
70.0,482.0,1.482085164323e-02,1.037459615026e+00,3.543537344079e-01,4.505629860
70.0,484.0,1.518151813511e-02,1.062706269458e+00,3.455194751113e-01,4.615274687
70.0,486.0,1.556303495983e-02,1.089412447188e+00,3.364140966984e-01,4.731258143
70.0,488.0,1.607537993942e-02,1.125276595759e+00,3.245626822803e-01,4.887014162
70.0,490.0,1.672853157561e-02,1.170997210293e+00,3.100575944247e-01,5.085576268
70.0,492.0,1.754246902578e-02,1.227972831805e+00,2.928857048793e-01,5.333018248
70.0,494.0,1.853717207993e-02,1.297602045595e+00,2.731860960284e-01,5.635414081
70.0,496.0,1.976262113856e-02,1.383383479699e+00,2.507287805374e-01,6.007958116
70.0,498.0,2.124879719143e-02,1.487415803400e+00,2.259558159657e-01,6.459764757
70.0,500.0,2.268568179718e-02,1.587997725803e+00,2.043343357770e-01,6.896586496
70.0,502.0,2.434325706370e-02,1.704027994459e+00,1.819491558386e-01,7.400499550
70.0,504.0,2.613150562929e-02,1.829205394050e+00,1.605410840064e-01,7.944138089
70.0,506.0,2.854041064458e-02,1.997828745121e+00,1.356294498705e-01,8.676459998
70.0,508.0,3.153995575512e-02,2.207796902858e+00,1.099425961199e-01,9.588340121
70.0,510.0,3.480012508463e-02,2.436008755924e+00,8.750942685603e-02,10.579451606
70.0,512.0,3.746090321893e-02,2.622263225325e+00,7.263827985897e-02,11.388344489
70.0,514.0,3.912227519045e-02,2.738559263332e+00,6.466344280688e-02,11.893411764
70.0,516.0,3.992422646334e-02,2.794695852434e+00,6.113346509990e-02,12.137209873
70.0,518.0,4.046674291916e-02,2.832672004341e+00,5.885538154505e-02,12.302138205
70.0,520.0,4.082981084306e-02,2.858086759014e+00,5.737843408758e-02,12.412513082
70.0,522.0,4.125341691052e-02,2.887739183736e+00,5.570200235700e-02,12.541291927
70.0,524.0,4.177754817459e-02,2.924428372221e+00,5.369537691073e-02,12.700631048
70.0,526.0,4.246219205357e-02,2.972353443750e+00,5.118271284224e-02,12.908766989
70.0,528.0,4.317733631914e-02,3.022413542340e+00,4.868357657908e-02,13.126175235
70.0,530.0,4.395296908500e-02,3.076707835950e+00,4.611081139621e-02,13.361972356
70.0,532.0,4.480907879581e-02,3.136635515707e+00,4.342866744597e-02,13.622234962
70.0,534.0,4.584565421664e-02,3.209195795165e+00,4.038908130928e-02,13.937360252
70.0,536.0,4.687268442274e-02,3.281087909592e+00,3.758734292501e-02,14.249583738
70.0,538.0,4.789015878967e-02,3.352311115277e+00,3.500336373918e-02,14.558902190
70.0,540.0,4.895806698389e-02,3.427064688872e+00,3.248214618094e-02,14.883552835
70.0,542.0,5.021639895350e-02,3.515147926745e+00,2.974340278390e-02,15.266093477
70.0,544.0,5.177514491951e-02,3.624260144366e+00,2.666882111664e-02,15.739961817
70.0,546.0,5.359429536727e-02,3.751600675709e+00,2.348013168357e-02,16.292994718
70.0,548.0,5.558384103828e-02,3.890868872680e+00,2.042758935061e-02,16.897828812
70.0,550.0,5.760377292229e-02,4.032264104560e+00,1.773413253491e-02,17.511900502
72.0,350.0,9.889596205244e-03,7.120509267776e-01,4.906369045065e-01,3.092397883
72.0,352.0,9.716301458359e-03,6.995737050018e-01,4.967970407506e-01,3.038209998
72.0,354.0,9.530050616577e-03,6.861636443935e-01,5.035039889593e-01,2.979970844
72.0,356.0,9.330572014292e-03,6.718011850290e-01,5.107877255186e-01,2.917595476
72.0,358.0,9.137606428434e-03,6.579076628472e-01,5.179338938860e-01,2.857256676
72.0,360.0,9.010906417364e-03,6.487852620502e-01,5.226803108959e-01,2.817638592
72.0,362.0,8.910235699738e-03,6.415369703811e-01,5.264826136918e-01,2.786159662
72.0,364.0,8.775368570623e-03,6.318265370849e-01,5.316198902170e-01,2.743987786
72.0,366.0,8.606089352376e-03,6.196384333711e-01,5.381389755186e-01,2.691055524
72.0,368.0,8.442191877956e-03,6.078378152128e-01,5.445269650679e-01,2.639806090
72.0,370.0,8.293479004540e-03,5.971304883269e-01,5.503887191371e-01,2.593304761
72.0,372.0,8.159762155435e-03,5.875028751913e-01,5.557132388794e-01,2.551492568
72.0,374.0,8.020860888458e-03,5.775019839690e-01,5.612987500228e-01,2.508059249
72.0,376.0,7.906602489062e-03,5.692753792125e-01,5.659353786959e-01,2.472331559
72.0,378.0,7.796821586622e-03,5.613711542368e-01,5.704263848303e-01,2.438003946
72.0,380.0,7.711359792400e-03,5.552179050528e-01,5.739471815783e-01,2.411280724
72.0,382.0,7.610065357832e-03,5.479247057639e-01,5.781483942734e-01,2.379606762
72.0,384.0,7.512792851830e-03,5.409210853318e-01,5.822117386320e-01,2.349190425
72.0,386.0,7.419402855952e-03,5.341970056285e-01,5.861397681586e-01,2.319988118
72.0,388.0,7.359761676293e-03,5.299028406931e-01,5.886621609075e-01,2.301338797
72.0,390.0,7.313741071094e-03,5.265893571188e-01,5.906159183926e-01,2.286948520
72.0,392.0,7.241217993107e-03,5.213676955037e-01,5.937079806888e-01,2.264271132
72.0,394.0,7.222074345802e-03,5.199893528977e-01,5.945268779250e-01,2.258285066
72.0,396.0,7.216196752604e-03,5.195661661875e-01,5.947785270421e-01,2.256447190
72.0,398.0,7.223476338366e-03,5.200902963624e-01,5.944668673510e-01,2.258723458
72.0,400.0,7.253808522356e-03,5.222742136096e-01,5.931700175282e-01,2.268208090
72.0,402.0,7.297092822081e-03,5.253906831898e-01,5.913242987698e-01,2.281742746
72.0,404.0,7.303232667298e-03,5.258327520455e-01,5.910629504849e-01,2.283662626
72.0,406.0,7.292135223641e-03,5.250337361022e-01,5.915354079312e-01,2.280192544
72.0,408.0,7.213711225286e-03,5.193872082206e-01,5.948849769228e-01,2.255669985
72.0,410.0,7.187874816150e-03,5.175269867628e-01,5.959926246374e-01,2.247591146
72.0,412.0,7.144543399123e-03,5.144071247369e-01,5.978549429723e-01,2.234041757
72.0,414.0,7.143637492892e-03,5.143418994882e-01,5.978939394814e-01,2.233758488
72.0,416.0,7.135080595916e-03,5.137258029060e-01,5.982624133902e-01,2.231082814
72.0,418.0,7.168799057154e-03,5.161535321151e-01,5.968117558688e-01,2.241626308
72.0,420.0,7.204721953181e-03,5.187399806290e-01,5.952701275203e-01,2.252859111
72.0,422.0,7.222780971318e-03,5.200402299349e-01,5.944966309283e-01,2.258506022
72.0,424.0,7.232910298468e-03,5.207695414897e-01,5.940632157327e-01,2.261673382
72.0,426.0,7.285046515327e-03,5.245233491035e-01,5.918373969718e-01,2.277975961
72.0,428.0,7.349128495696e-03,5.291372516901e-01,5.891130067437e-01,2.298013886
72.0,430.0,7.455097310597e-03,5.367670063630e-01,5.846353225652e-01,2.331149489
72.0,432.0,7.572896136960e-03,5.452485218611e-01,5.796976978856e-01,2.367984243
72.0,434.0,7.722470170618e-03,5.560178522845e-01,5.734882377092e-01,2.414754851
72.0,436.0,7.903766543389e-03,5.690711911240e-01,5.660509477576e-01,2.471444781
72.0,438.0,8.216734244034e-03,5.916048655704e-01,5.534383774396e-01,2.569307286
72.0,440.0,8.571324042880e-03,6.171353310874e-01,5.394876796852e-01,2.680184689
72.0,442.0,9.027488419921e-03,6.499791662343e-01,5.220566530537e-01,2.822823652
72.0,444.0,9.485181496220e-03,6.829330677278e-01,5.051332274701e-01,2.965940628
72.0,446.0,1.007435896844e-02,7.253538457277e-01,4.841532230926e-01,3.150171726
72.0,448.0,1.061497804633e-02,7.642784193358e-01,4.656698281152e-01,3.319219002
72.0,450.0,1.112699739305e-02,8.011438122996e-01,4.488153099395e-01,3.479323369
72.0,452.0,1.141037706817e-02,8.215471489082e-01,4.397507680048e-01,3.567933934
72.0,454.0,1.156507847319e-02,8.326856500697e-01,4.348797816684e-01,3.616307830
72.0,456.0,1.165106429946e-02,8.388766295611e-01,4.321957667722e-01,3.643194912
72.0,458.0,1.175829847849e-02,8.465974904513e-01,4.288716922509e-01,3.676726185
72.0,460.0,1.186674613428e-02,8.544057216682e-01,4.255360027804e-01,3.710636902
72.0,462.0,1.205637353789e-02,8.680588947281e-01,4.197655681011e-01,3.769931879
72.0,464.0,1.222714806386e-02,8.803546605979e-01,4.146358306096e-01,3.823331712
72.0,466.0,1.241903814858e-02,8.941707466978e-01,4.089465783719e-01,3.883334212
72.0,468.0,1.257201325038e-02,9.051849540274e-01,4.044670703710e-01,3.931168306
72.0,470.0,1.283604381141e-02,9.241951544215e-01,3.968506941007e-01,4.013728558
72.0,472.0,1.314110122105e-02,9.461592879156e-01,3.882292404539e-01,4.109117577
72.0,474.0,1.344715778091e-02,9.681953602255e-01,3.797677640878e-01,4.204819024
72.0,476.0,1.378418667130e-02,9.924614403336e-01,3.706632018785e-01,4.310205270
72.0,478.0,1.413216191905e-02,1.017515658172e+00,3.614918949759e-01,4.419014356
72.0,480.0,1.446105836676e-02,1.041196202407e+00,3.530321313959e-01,4.521857653
72.0,482.0,1.482085164323e-02,1.067101318313e+00,3.440042323599e-01,4.634362142
72.0,484.0,1.518151813511e-02,1.093069305728e+00,3.351861245646e-01,4.747139678
72.0,486.0,1.556303495983e-02,1.120538517108e+00,3.261041346739e-01,4.866436947
72.0,488.0,1.607537993942e-02,1.157427355638e+00,3.142937076325e-01,5.026643138
72.0,490.0,1.672853157561e-02,1.204454273444e+00,2.998555940309e-01,5.230878447
72.0,492.0,1.754246902578e-02,1.263057769856e+00,2.827880024938e-01,5.485390198
72.0,494.0,1.853717207993e-02,1.334676389755e+00,2.632433499186e-01,5.796425912
72.0,496.0,1.976262113856e-02,1.422908721976e+00,2.410119595639e-01,6.179614062
72.0,498.0,2.124879719143e-02,1.529913397783e+00,2.165544205969e-01,6.644329464
72.0,500.0,2.268568179718e-02,1.633369089397e+00,1.952705806036e-01,7.093631824
72.0,502.0,2.434325706370e-02,1.752714508586e+00,1.733028722415e-01,7.611942394
72.0,504.0,2.613150562929e-02,1.881468405309e+00,1.523662060635e-01,8.171113463
72.0,506.0,2.854041064458e-02,2.054909566410e+00,1.281044199963e-01,8.924358855
72.0,508.0,3.153995575512e-02,2.270876814369e+00,1.032216341809e-01,9.862292696
72.0,510.0,3.480012508463e-02,2.505609006093e+00,8.162587219163e-02,10.881721652
72.0,512.0,3.746090321893e-02,2.697185031763e+00,6.739496064328e-02,11.713725760
72.0,514.0,3.912227519045e-02,2.816803813712e+00,5.979675918575e-02,12.233223529
72.0,516.0,3.992422646334e-02,2.874544305360e+00,5.644185389464e-02,12.483987298
72.0,518.0,4.046674291916e-02,2.913605490180e+00,5.427967181521e-02,12.653627868
72.0,520.0,4.082981084306e-02,2.939746380700e+00,5.287913820783e-02,12.767156313
72.0,522.0,4.125341691052e-02,2.970246017557e+00,5.129069036925e-02,12.899614553
72.0,524.0,4.177754817459e-02,3.007983468570e+00,4.939117726711e-02,13.063506221
72.0,526.0,4.246219205357e-02,3.057277827857e+00,4.701550547960e-02,13.277588903
72.0,528.0,4.317733631914e-02,3.108768214978e+00,4.465592797931e-02,13.501208813
72.0,530.0,4.395296908500e-02,3.164613774120e+00,4.223044915713e-02,13.743742995
72.0,532.0,4.480907879581e-02,3.226253673298e+00,3.970597204337e-02,14.011441675
72.0,534.0,4.584565421664e-02,3.300887103598e+00,3.685046271910e-02,14.335570545
72.0,536.0,4.687268442274e-02,3.374833278437e+00,3.422382368542e-02,14.656714702
72.0,538.0,4.789015878967e-02,3.448091432856e+00,3.180628291220e-02,14.974870824
72.0,540.0,4.895806698389e-02,3.524980822840e+00,2.945237217654e-02,15.308797202
72.0,542.0,5.021639895350e-02,3.615580724652e+00,2.690129843307e-02,15.702267576
72.0,544.0,5.177514491951e-02,3.727810434205e+00,2.404542728460e-02,16.189675012
72.0,546.0,5.359429536727e-02,3.858789266443e+00,2.109352270480e-02,16.758508852
72.0,548.0,5.558384103828e-02,4.002036554756e+00,1.827837604403e-02,17.380623921
72.0,550.0,5.760377292229e-02,4.147471650405e+00,1.580432487081e-02,18.012240516
74.0,350.0,9.889596205244e-03,7.318301191881e-01,4.810278457461e-01,3.178297825
74.0,352.0,9.716301458359e-03,7.190063079186e-01,4.872361782174e-01,3.122604720
74.0,354.0,9.530050616577e-03,7.052237456267e-01,4.939980319907e-01,3.062747812
74.0,356.0,9.330572014292e-03,6.904623290576e-01,5.013442294719e-01,2.998639795
74.0,358.0,9.137606428434e-03,6.761828757041e-01,5.085545079122e-01,2.936624917
74.0,360.0,9.010906417364e-03,6.668070748849e-01,5.133450361103e-01,2.895906331
74.0,362.0,8.910235699738e-03,6.593574417806e-01,5.171835482868e-01,2.863552986
74.0,364.0,8.775368570623e-03,6.493772742261e-01,5.223709693638e-01,2.820209669
74.0,366.0,8.606089352376e-03,6.368506120758e-01,5.289556901962e-01,2.765807066
74.0,368.0,8.442191877956e-03,6.247221989687e-01,5.354101453517e-01,2.713134037
74.0,370.0,8.293479004540e-03,6.137174463360e-01,5.413347411227e-01,2.665341004
74.0,372.0,8.159762155435e-03,6.038223995022e-01,5.467178629375e-01,2.622367362
74.0,374.0,8.020860888458e-03,5.935437057459e-01,5.523663884223e-01,2.577727562
74.0,376.0,7.906602489062e-03,5.850885841906e-01,5.570565132261e-01,2.541007435
74.0,378.0,7.796821586622e-03,5.769647974100e-01,5.616003531682e-01,2.505726278
74.0,380.0,7.711359792400e-03,5.706406246376e-01,5.651632651913e-01,2.478260744
74.0,382.0,7.610065357832e-03,5.631448364796e-01,5.694155264165e-01,2.445706950
74.0,384.0,7.512792851830e-03,5.559466710354e-01,5.735290607711e-01,2.414445715
74.0,386.0,7.419402855952e-03,5.490358113404e-01,5.775063671145e-01,2.384432232
74.0,388.0,7.359761676293e-03,5.446223640457e-01,5.800607937956e-01,2.365264874
74.0,390.0,7.313741071094e-03,5.412168392610e-01,5.820395726833e-01,2.350474868
74.0,392.0,7.241217993107e-03,5.358501314899e-01,5.851716058171e-01,2.327167552
74.0,394.0,7.222074345802e-03,5.344335015893e-01,5.860011648612e-01,2.321015207
74.0,396.0,7.216196752604e-03,5.339985596927e-01,5.862560967555e-01,2.319126278
74.0,398.0,7.223476338366e-03,5.345372490391e-01,5.859403718884e-01,2.321465776
74.0,400.0,7.253808522356e-03,5.367818306543e-01,5.846266558251e-01,2.331213870
74.0,402.0,7.297092822081e-03,5.399848688340e-01,5.827570701012e-01,2.345124488
74.0,404.0,7.303232667298e-03,5.404392173801e-01,5.824923554147e-01,2.347097699
74.0,406.0,7.292135223641e-03,5.396180065494e-01,5.829709009122e-01,2.343531226
74.0,408.0,7.213711225286e-03,5.338146306712e-01,5.863639361829e-01,2.318327485
74.0,410.0,7.187874816150e-03,5.319027363951e-01,5.874860743992e-01,2.310024233
74.0,412.0,7.144543399123e-03,5.286962115351e-01,5.893728865400e-01,2.296098473
74.0,414.0,7.143637492892e-03,5.286291744740e-01,5.894123976905e-01,2.295807334
74.0,416.0,7.135080595916e-03,5.279959640978e-01,5.897857379256e-01,2.293057337
74.0,418.0,7.168799057154e-03,5.304911302294e-01,5.883159589613e-01,2.303893706
74.0,420.0,7.204721953181e-03,5.331494245354e-01,5.867541188326e-01,2.315438531
74.0,422.0,7.222780971318e-03,5.344857918775e-01,5.859705234925e-01,2.321242301
74.0,424.0,7.232910298468e-03,5.352353620866e-01,5.855314620190e-01,2.324497643
74.0,426.0,7.285046515327e-03,5.390934421342e-01,5.832767869233e-01,2.341253071
74.0,428.0,7.349128495696e-03,5.438355086815e-01,5.805173973596e-01,2.361847605
74.0,430.0,7.455097310597e-03,5.516772009842e-01,5.759829606180e-01,2.395903642
74.0,432.0,7.572896136960e-03,5.603943141350e-01,5.709838724419e-01,2.433761583
74.0,434.0,7.722470170618e-03,5.714627926257e-01,5.646987970082e-01,2.481831375
74.0,436.0,7.903766543389e-03,5.848787242108e-01,5.571734293623e-01,2.540096025
74.0,438.0,8.216734244034e-03,6.080383340585e-01,5.444177880959e-01,2.640676933
74.0,440.0,8.571324042880e-03,6.342779791731e-01,5.303182509417e-01,2.754634263
74.0,442.0,9.027488419921e-03,6.680341430742e-01,5.127155130593e-01,2.901235421
74.0,444.0,9.485181496220e-03,7.019034307203e-01,4.956409870748e-01,3.048327868
74.0,446.0,1.007435896844e-02,7.455025636646e-01,4.744957756723e-01,3.237676496
74.0,448.0,1.061497804633e-02,7.855083754284e-01,4.558878806679e-01,3.411419529
74.0,450.0,1.112699739305e-02,8.233978070857e-01,4.389376922447e-01,3.575971240
74.0,452.0,1.141037706817e-02,8.443679030446e-01,4.298289659412e-01,3.667043210
74.0,454.0,1.156507847319e-02,8.558158070161e-01,4.249363835544e-01,3.716760825
74.0,456.0,1.165106429946e-02,8.621787581600e-01,4.222411181213e-01,3.744394771
74.0,458.0,1.175829847849e-02,8.701140874083e-01,4.189037548776e-01,3.778857468
74.0,460.0,1.186674613428e-02,8.781392139367e-01,4.155554524866e-01,3.813710150
74.0,462.0,1.205637353789e-02,8.921716418039e-01,4.097649231841e-01,3.874652209
74.0,464.0,1.222714806386e-02,9.048089567256e-01,4.046191774922e-01,3.929535371
74.0,466.0,1.241903814858e-02,9.190088229949e-01,3.989142398177e-01,3.991204606
74.0,468.0,1.257201325038e-02,9.303289805281e-01,3.944239312322e-01,4.040367426
74.0,470.0,1.283604381141e-02,9.498672420443e-01,3.867923698104e-01,4.125221018
74.0,472.0,1.314110122105e-02,9.724414903577e-01,3.781586394355e-01,4.223259732
74.0,474.0,1.344715778091e-02,9.950896757873e-01,3.696902907896e-01,4.321619552
74.0,476.0,1.378418667130e-02,1.020029813676e+00,3.605841896725e-01,4.429933195
74.0,478.0,1.413216191905e-02,1.045779982010e+00,3.514176130379e-01,4.541764755
74.0,480.0,1.446105836676e-02,1.070118319140e+00,3.429679353467e-01,4.647464810
74.0,482.0,1.482085164323e-02,1.096743021599e+00,3.339570050793e-01,4.763094423
74.0,484.0,1.518151813511e-02,1.123432341998e+00,3.251618105303e-01,4.879004669
74.0,486.0,1.556303495983e-02,1.151664587027e+00,3.161101383535e-01,5.001615751
74.0,488.0,1.607537993942e-02,1.189578115517e+00,3.043496373748e-01,5.166272114
74.0,490.0,1.672853157561e-02,1.237911336595e+00,2.899892758262e-01,5.376180626
74.0,492.0,1.754246902578e-02,1.298142707908e+00,2.730384345231e-01,5.637762148
74.0,494.0,1.853717207993e-02,1.371750733915e+00,2.536624750813e-01,5.957437743
74.0,496.0,1.976262113856e-02,1.462433964253e+00,2.316717072859e-01,6.351270008
74.0,498.0,2.124879719143e-02,1.572410992166e+00,2.075441912377e-01,6.828894172
74.0,500.0,2.268568179718e-02,1.678740452991e+00,1.866088707228e-01,7.290677153
74.0,502.0,2.434325706370e-02,1.801401022714e+00,1.650674628786e-01,7.823385239
74.0,504.0,2.613150562929e-02,1.933731416567e+00,1.446075993187e-01,8.398088837
74.0,506.0,2.854041064458e-02,2.111990387699e+00,1.209968958679e-01,9.172257712
74.0,508.0,3.153995575512e-02,2.333956725879e+00,9.691153510114e-02,10.136245271
74.0,510.0,3.480012508463e-02,2.575209256263e+00,7.613788880147e-02,11.183991697
74.0,512.0,3.746090321893e-02,2.772106838201e+00,6.253012501023e-02,12.039107031
74.0,514.0,3.912227519045e-02,2.895048364093e+00,5.529635067216e-02,12.573035294
74.0,516.0,3.992422646334e-02,2.954392758287e+00,5.211029451477e-02,12.830764723
74.0,518.0,4.046674291916e-02,2.994538976018e+00,5.005970048995e-02,13.005117531
74.0,520.0,4.082981084306e-02,3.021406002386e+00,4.873265194610e-02,13.121799544
74.0,522.0,4.125341691052e-02,3.052752851378e+00,4.722873159378e-02,13.257937180
74.0,524.0,4.177754817459e-02,3.091538564920e+00,4.543200052189e-02,13.426381393
74.0,526.0,4.246219205357e-02,3.142202211964e+00,4.318758488469e-02,13.646410817
74.0,528.0,4.317733631914e-02,3.195122887616e+00,4.096149140674e-02,13.876242391
74.0,530.0,4.395296908500e-02,3.252519712290e+00,3.867663096815e-02,14.125513633
74.0,532.0,4.480907879581e-02,3.315871830890e+00,3.630238523598e-02,14.400648389
74.0,534.0,4.584565421664e-02,3.392578412031e+00,3.362187399641e-02,14.733780838
74.0,536.0,4.687268442274e-02,3.468578647283e+00,3.116129038403e-02,15.063845666
74.0,538.0,4.789015878967e-02,3.543871750436e+00,2.890121190148e-02,15.390839458
74.0,540.0,4.895806698389e-02,3.622896956808e+00,2.670520051211e-02,15.734041568
74.0,542.0,5.021639895350e-02,3.716013522559e+00,2.433076883109e-02,16.138441675
74.0,544.0,5.177514491951e-02,3.831360724044e+00,2.168009492320e-02,16.639388206
74.0,546.0,5.359429536727e-02,3.965977857178e+00,1.894949764738e-02,17.224022987
74.0,548.0,5.558384103828e-02,4.113204236833e+00,1.635528427133e-02,17.863419030
74.0,550.0,5.760377292229e-02,4.262679196249e+00,1.408451663087e-02,18.512580531
76.0,350.0,9.889596205244e-03,7.516093115985e-01,4.716069791282e-01,3.264197766
76.0,352.0,9.716301458359e-03,7.384389108353e-01,4.778593145507e-01,3.206999442
76.0,354.0,9.530050616577e-03,7.242838468599e-01,4.846715437450e-01,3.145524780
76.0,356.0,9.330572014292e-03,7.091234730862e-01,4.920753257522e-01,3.079684113
76.0,358.0,9.137606428434e-03,6.944580885610e-01,4.993449754318e-01,3.015993158
76.0,360.0,9.010906417364e-03,6.848288877197e-01,5.041764929837e-01,2.974174070
76.0,362.0,8.910235699738e-03,6.771779131801e-01,5.080487287945e-01,2.940946310
76.0,364.0,8.775368570623e-03,6.669280113673e-01,5.132829577212e-01,2.896431552
76.0,366.0,8.606089352376e-03,6.540627907806e-01,5.199291166772e-01,2.840558609
76.0,368.0,8.442191877956e-03,6.416065827247e-01,5.264459652788e-01,2.786461984
76.0,370.0,8.293479004540e-03,6.303044043450e-01,5.324297024215e-01,2.737377247
76.0,372.0,8.159762155435e-03,6.201419238131e-01,5.378680958864e-01,2.693242155
76.0,374.0,8.020860888458e-03,6.095854275228e-01,5.435761740897e-01,2.647395874
76.0,376.0,7.906602489062e-03,6.009017891687e-01,5.483169467912e-01,2.609683312
76.0,378.0,7.796821586622e-03,5.925584405833e-01,5.529108839740e-01,2.573448610
76.0,380.0,7.711359792400e-03,5.860633442224e-01,5.565137813612e-01,2.545240764
76.0,382.0,7.610065357832e-03,5.783649671952e-01,5.608145675673e-01,2.511807138
76.0,384.0,7.512792851830e-03,5.709722567391e-01,5.649758699849e-01,2.479701004
76.0,386.0,7.419402855952e-03,5.638746170524e-01,5.690001296202e-01,2.448876347
76.0,388.0,7.359761676293e-03,5.593418873983e-01,5.715851074579e-01,2.429190952
76.0,390.0,7.313741071094e-03,5.558443214031e-01,5.735877642637e-01,2.414001216
76.0,392.0,7.241217993107e-03,5.503325674761e-01,5.767579675403e-01,2.390063973
76.0,394.0,7.222074345802e-03,5.488776502810e-01,5.775977133569e-01,2.383745348
76.0,396.0,7.216196752604e-03,5.484309531979e-01,5.778557822057e-01,2.381805367
76.0,398.0,7.223476338366e-03,5.489842017158e-01,5.775361727705e-01,2.384208095
76.0,400.0,7.253808522356e-03,5.512894476991e-01,5.762063432090e-01,2.394219651
76.0,402.0,7.297092822081e-03,5.545790544782e-01,5.743139652125e-01,2.408506231
76.0,404.0,7.303232667298e-03,5.550456827146e-01,5.740460366162e-01,2.410532772
76.0,406.0,7.292135223641e-03,5.542022769967e-01,5.745303945522e-01,2.406869908
76.0,408.0,7.213711225286e-03,5.482420531217e-01,5.779649495175e-01,2.380984984
76.0,410.0,7.187874816150e-03,5.462784860274e-01,5.791009374032e-01,2.372457321
76.0,412.0,7.144543399123e-03,5.429852983333e-01,5.810111691333e-01,2.358155188
76.0,414.0,7.143637492892e-03,5.429164494598e-01,5.810511724749e-01,2.357856181
76.0,416.0,7.135080595916e-03,5.422661252896e-01,5.814291669927e-01,2.355031859
76.0,418.0,7.168799057154e-03,5.448287283437e-01,5.799411023075e-01,2.366161103
76.0,420.0,7.204721953181e-03,5.475588684418e-01,5.783599412273e-01,2.378017951
76.0,422.0,7.222780971318e-03,5.489313538202e-01,5.775666951484e-01,2.383978579
76.0,424.0,7.232910298468e-03,5.497011826836e-01,5.771222387355e-01,2.387321903
76.0,426.0,7.285046515327e-03,5.536635351649e-01,5.748400015010e-01,2.404530182
76.0,428.0,7.349128495696e-03,5.585337656729e-01,5.720472044913e-01,2.425681324
76.0,430.0,7.455097310597e-03,5.665873956054e-01,5.674586500636e-01,2.460657794
76.0,432.0,7.572896136960e-03,5.755401064090e-01,5.624010303609e-01,2.499538923
76.0,434.0,7.722470170618e-03,5.869077329670e-01,5.560440657272e-01,2.548907898
76.0,436.0,7.903766543389e-03,6.006862572976e-01,5.484351393054e-01,2.608747269
76.0,438.0,8.216734244034e-03,6.244718025466e-01,5.355442269226e-01,2.712046580
76.0,440.0,8.571324042880e-03,6.514206272589e-01,5.213046708424e-01,2.829083838
76.0,442.0,9.027488419921e-03,6.860891199140e-01,5.035415137303e-01,2.979647189
76.0,444.0,9.485181496220e-03,7.208737937127e-01,4.863271206664e-01,3.130715108
76.0,446.0,1.007435896844e-02,7.656512816014e-01,4.650309662149e-01,3.325181267
76.0,448.0,1.061497804633e-02,8.067383315211e-01,4.463114146370e-01,3.503620057
76.0,450.0,1.112699739305e-02,8.456518018718e-01,4.292774631486e-01,3.672619112
76.0,452.0,1.141037706817e-02,8.671886571809e-01,4.201310228526e-01,3.766152486
76.0,454.0,1.156507847319e-02,8.789459639624e-01,4.152203383095e-01,3.817213820
76.0,456.0,1.165106429946e-02,8.854808867590e-01,4.125157522107e-01,3.845594630
76.0,458.0,1.175829847849e-02,8.936306843652e-01,4.091674946639e-01,3.880988751
76.0,460.0,1.186674613428e-02,9.018727062053e-01,4.058089866968e-01,3.916783397
76.0,462.0,1.205637353789e-02,9.162843888796e-01,4.000025372059e-01,3.979372539
76.0,464.0,1.222714806386e-02,9.292632528534e-01,3.948445037994e-01,4.035739029
76.0,466.0,1.241903814858e-02,9.438468992921e-01,3.891280160917e-01,4.099075001
76.0,468.0,1.257201325038e-02,9.554730070289e-01,3.846301687451e-01,4.149566546
76.0,470.0,1.283604381141e-02,9.755393296672e-01,3.769889773850e-01,4.236713478
76.0,472.0,1.314110122105e-02,9.987236927998e-01,3.683492681090e-01,4.337401887
76.0,474.0,1.344715778091e-02,1.021983991349e+00,3.598802321529e-01,4.438420080
76.0,476.0,1.378418667130e-02,1.047598187019e+00,3.507792442921e-01,4.549661119
76.0,478.0,1.413216191905e-02,1.074044305848e+00,3.416240874819e-01,4.664515153
76.0,480.0,1.446105836676e-02,1.099040435874e+00,3.331906481454e-01,4.773071967
76.0,482.0,1.482085164323e-02,1.126384724885e+00,3.242032241186e-01,4.891826705
76.0,484.0,1.518151813511e-02,1.153795378268e+00,3.154372907430e-01,5.010869660
76.0,486.0,1.556303495983e-02,1.182790656947e+00,3.064224244498e-01,5.136794556
76.0,488.0,1.607537993942e-02,1.221728875396e+00,2.947201917211e-01,5.305901090
76.0,490.0,1.672853157561e-02,1.271368399746e+00,2.804475946696e-01,5.521482805
76.0,492.0,1.754246902578e-02,1.333227645959e+00,2.636249984773e-01,5.790134098
76.0,494.0,1.853717207993e-02,1.408825078075e+00,2.444303010285e-01,6.118449574
76.0,496.0,1.976262113856e-02,1.501959206531e+00,2.226934300434e-01,6.522925954
76.0,498.0,2.124879719143e-02,1.614908586549e+00,1.989088525545e-01,7.013458879
76.0,500.0,2.268568179718e-02,1.724111816586e+00,1.783313724208e-01,7.487722481
76.0,502.0,2.434325706370e-02,1.850087536841e+00,1.572234028712e-01,8.034828083
76.0,504.0,2.613150562929e-02,1.985994427826e+00,1.372440669159e-01,8.625064211
76.0,506.0,2.854041064458e-02,2.169071208988e+00,1.142837133183e-01,9.420156569
76.0,508.0,3.153995575512e-02,2.397036637389e+00,9.098718219474e-02,10.410197845
76.0,510.0,3.480012508463e-02,2.644809506432e+00,7.101888109122e-02,11.486261743
76.0,512.0,3.746090321893e-02,2.847028644639e+00,5.801645251328e-02,12.364488302
76.0,514.0,3.912227519045e-02,2.973292914474e+00,5.113465076192e-02,12.912847058
76.0,516.0,3.992422646334e-02,3.034241211214e+00,4.811115523393e-02,13.177542148
76.0,518.0,4.046674291916e-02,3.075472461856e+00,4.616781069854e-02,13.356607194
76.0,520.0,4.082981084306e-02,3.103065624073e+00,4.491130994545e-02,13.476442775
76.0,522.0,4.125341691052e-02,3.135259685200e+00,4.348845905366e-02,13.616259806
76.0,524.0,4.177754817459e-02,3.175093661269e+00,4.179018977941e-02,13.789256566
76.0,526.0,4.246219205357e-02,3.227126596071e+00,3.967132691961e-02,14.015232731
76.0,528.0,4.317733631914e-02,3.281477560255e+00,3.757269984495e-02,14.251275969
76.0,530.0,4.395296908500e-02,3.340425650460e+00,3.542187717399e-02,14.507284272
76.0,532.0,4.480907879581e-02,3.405489988482e+00,3.319055310828e-02,14.789855102
76.0,534.0,4.584565421664e-02,3.484269720465e+00,3.067615241761e-02,15.131991131
76.0,536.0,4.687268442274e-02,3.562324016128e+00,2.837280916719e-02,15.470976630
76.0,538.0,4.789015878967e-02,3.639652068015e+00,2.626147958503e-02,15.806808092
76.0,540.0,4.895806698389e-02,3.720813090776e+00,2.421427143855e-02,16.159285935
76.0,542.0,5.021639895350e-02,3.816446320466e+00,2.200586389482e-02,16.574615775
76.0,544.0,5.177514491951e-02,3.934911013883e+00,1.954743870076e-02,17.089101401
76.0,546.0,5.359429536727e-02,4.073166447913e+00,1.702339936830e-02,17.689537122
76.0,548.0,5.558384103828e-02,4.224371918909e+00,1.463452349112e-02,18.346214139
76.0,550.0,5.760377292229e-02,4.377886742094e+00,1.255185592216e-02,19.012920545
78.0,350.0,9.889596205244e-03,7.713885040090e-01,4.623706189346e-01,3.350097707
78.0,352.0,9.716301458359e-03,7.578715137520e-01,4.686629086910e-01,3.291394164
78.0,354.0,9.530050616577e-03,7.433439480930e-01,4.755211359234e-01,3.228301748
78.0,356.0,9.330572014292e-03,7.277846171148e-01,4.829777864786e-01,3.160728432
78.0,358.0,9.137606428434e-03,7.127333014179e-01,4.903022205282e-01,3.095361399
78.0,360.0,9.010906417364e-03,7.028507005544e-01,4.951717036233e-01,3.052441809
78.0,362.0,8.910235699738e-03,6.949983845796e-01,4.990752542008e-01,3.018339634
78.0,364.0,8.775368570623e-03,6.844787485086e-01,5.043530558521e-01,2.972653435
78.0,366.0,8.606089352376e-03,6.712749694853e-01,5.110565806910e-01,2.915310151
78.0,368.0,8.442191877956e-03,6.584909664806e-01,5.176318692585e-01,2.859789931
78.0,370.0,8.293479004540e-03,6.468913623541e-01,5.236711529594e-01,2.809413491
78.0,372.0,8.159762155435e-03,6.364614481239e-01,5.291615807430e-01,2.764116949
78.0,374.0,8.020860888458e-03,6.256271492997e-01,5.349258449304e-01,2.717064187
78.0,376.0,7.906602489062e-03,6.167149941468e-01,5.397144939518e-01,2.678359189
78.0,378.0,7.796821586622e-03,6.081520837565e-01,5.443558642588e-01,2.641170941
78.0,380.0,7.711359792400e-03,6.014860638072e-01,5.479966726785e-01,2.612220785
78.0,382.0,7.610065357832e-03,5.935850979109e-01,5.523435252548e-01,2.577907326
78.0,384.0,7.512792851830e-03,5.859978424427e-01,5.565502351982e-01,2.544956294
78.0,386.0,7.419402855952e-03,5.787134227643e-01,5.606191826515e-01,2.513320461
78.0,388.0,7.359761676293e-03,5.740614107509e-01,5.632332654822e-01,2.493117030
78.0,390.0,7.313741071094e-03,5.704718035453e-01,5.652586847253e-01,2.477527564
78.0,392.0,7.241217993107e-03,5.648150034623e-01,5.684653011431e-01,2.452960393
78.0,394.0,7.222074345802e-03,5.633217989726e-01,5.693147701407e-01,2.446475488
78.0,396.0,7.216196752604e-03,5.628633467031e-01,5.695758336271e-01,2.444484455
78.0,398.0,7.223476338366e-03,5.634311543925e-01,5.692525158889e-01,2.446950413
78.0,400.0,7.253808522356e-03,5.657970647438e-01,5.679073074179e-01,2.457225431
78.0,402.0,7.297092822081e-03,5.691732401223e-01,5.659931857727e-01,2.471887974
78.0,404.0,7.303232667298e-03,5.696521480492e-01,5.657221920451e-01,2.473967845
78.0,406.0,7.292135223641e-03,5.687865474440e-01,5.662120935159e-01,2.470208589
78.0,408.0,7.213711225286e-03,5.626694755723e-01,5.696862686428e-01,2.443642484
78.0,410.0,7.187874816150e-03,5.606542356597e-01,5.708354807291e-01,2.434890408
78.0,412.0,7.144543399123e-03,5.572743851316e-01,5.727680834445e-01,2.420211904
78.0,414.0,7.143637492892e-03,5.572037244456e-01,5.728085570602e-01,2.419905028
78.0,416.0,7.135080595916e-03,5.565362864814e-01,5.731909988512e-01,2.417006382
78.0,418.0,7.168799057154e-03,5.591663264580e-01,5.716854642859e-01,2.428428500
78.0,420.0,7.204721953181e-03,5.619683123481e-01,5.700858517738e-01,2.440597371
78.0,422.0,7.222780971318e-03,5.633769157628e-01,5.692833922027e-01,2.446714857
78.0,424.0,7.232910298468e-03,5.641670032805e-01,5.688337861379e-01,2.450146164
78.0,426.0,7.285046515327e-03,5.682336281955e-01,5.665252496482e-01,2.467807292
78.0,428.0,7.349128495696e-03,5.732320226643e-01,5.637005982158e-01,2.489515043
78.0,430.0,7.455097310597e-03,5.814975902266e-01,5.590604957939e-01,2.525411947
78.0,432.0,7.572896136960e-03,5.906858986829e-01,5.539472027438e-01,2.565316263
78.0,434.0,7.722470170618e-03,6.023526733082e-01,5.475219792720e-01,2.615984422
78.0,436.0,7.903766543389e-03,6.164937903843e-01,5.398338940340e-01,2.677398513
78.0,438.0,8.216734244034e-03,6.409052710347e-01,5.268152974818e-01,2.783416226
78.0,440.0,8.571324042880e-03,6.685632753446e-01,5.124442904984e-01,2.903533413
78.0,442.0,9.027488419921e-03,7.041440967538e-01,4.945316644251e-01,3.058058957
78.0,444.0,9.485181496220e-03,7.398441567052e-01,4.771882763198e-01,3.213102347
78.0,446.0,1.007435896844e-02,7.857999995383e-01,4.557549521540e-01,3.412686037
78.0,448.0,1.061497804633e-02,8.279682876137e-01,4.369361136415e-01,3.595820585
78.0,450.0,1.112699739305e-02,8.679057966579e-01,4.198298383192e-01,3.769266983
78.0,452.0,1.141037706817e-02,8.900094113173e-01,4.106518879590e-01,3.865261762
78.0,454.0,1.156507847319e-02,9.020761209088e-01,4.057264475772e-01,3.917666816
78.0,456.0,1.165106429946e-02,9.087830153579e-01,4.030143880329e-01,3.946794488
78.0,458.0,1.175829847849e-02,9.171472813222e-01,3.996575269143e-01,3.983120034
78.0,460.0,1.186674613428e-02,9.256061984738e-01,3.962911151772e-01,4.019856644
78.0,462.0,1.205637353789e-02,9.403971359554e-01,3.904727338002e-01,4.084092869
78.0,464.0,1.222714806386e-02,9.537175489811e-01,3.853059638617e-01,4.141942688
78.0,466.0,1.241903814858e-02,9.686849755892e-01,3.795818694680e-01,4.206945396
78.0,468.0,1.257201325038e-02,9.806170335296e-01,3.750795907508e-01,4.258765665
78.0,470.0,1.283604381141e-02,1.001211417290e+00,3.674340554842e-01,4.348205937
78.0,472.0,1.314110122105e-02,1.025005895242e+00,3.587943502202e-01,4.451544042
78.0,474.0,1.344715778091e-02,1.048878306911e+00,3.503304920933e-01,4.555220609
78.0,476.0,1.378418667130e-02,1.075166560361e+00,3.412409133575e-01,4.669389043
78.0,478.0,1.413216191905e-02,1.102308629686e+00,3.321034940138e-01,4.787265552
78.0,480.0,1.446105836676e-02,1.127962552607e+00,3.236920906304e-01,4.898679124
78.0,482.0,1.482085164323e-02,1.156026428172e+00,3.147343188802e-01,5.020558987
78.0,484.0,1.518151813511e-02,1.184158414539e+00,3.060035993435e-01,5.142734651
78.0,486.0,1.556303495983e-02,1.213916726867e+00,2.970316064355e-01,5.271973360
78.0,488.0,1.607537993942e-02,1.253879635275e+00,2.853954161317e-01,5.445530066
78.0,490.0,1.672853157561e-02,1.304825462898e+00,2.712198688448e-01,5.666784984
78.0,492.0,1.754246902578e-02,1.368312584011e+00,2.545361056715e-01,5.942506048
78.0,494.0,1.853717207993e-02,1.445899422235e+00,2.355341366189e-01,6.279461405
78.0,496.0,1.976262113856e-02,1.541484448808e+00,2.140630997436e-01,6.694581901
78.0,498.0,2.124879719143e-02,1.657406180932e+00,1.906328063849e-01,7.198023587
78.0,500.0,2.268568179718e-02,1.769483180180e+00,1.704210430421e-01,7.684767810
78.0,502.0,2.434325706370e-02,1.898774050969e+00,1.497520951696e-01,8.246270927
78.0,504.0,2.613150562929e-02,2.038257439085e+00,1.302554913599e-01,8.852039585
78.0,506.0,2.854041064458e-02,2.226152030277e+00,1.079429933812e-01,9.668055426
78.0,508.0,3.153995575512e-02,2.460116548899e+00,8.542499419806e-02,10.684150420
78.0,510.0,3.480012508463e-02,2.714409756601e+00,6.624404157831e-02,11.788531789
78.0,512.0,3.746090321893e-02,2.921950451077e+00,5.382859480410e-02,12.689869573
78.0,514.0,3.912227519045e-02,3.051537464855e+00,4.728616765411e-02,13.252658823
78.0,516.0,3.992422646334e-02,3.114089664141e+00,4.441892488800e-02,13.524319573
78.0,518.0,4.046674291916e-02,3.156405947694e+00,4.257849575277e-02,13.708096857
78.0,520.0,4.082981084306e-02,3.184725245759e+00,4.138961621147e-02,13.831086006
78.0,522.0,4.125341691052e-02,3.217766519021e+00,4.004439685420e-02,13.974582433
78.0,524.0,4.177754817459e-02,3.258648757618e+00,3.844030510956e-02,14.152131739
78.0,526.0,4.246219205357e-02,3.312050980178e+00,3.644135655570e-02,14.384054645
78.0,528.0,4.317733631914e-02,3.367832232893e+00,3.446426692869e-02,14.626309547
78.0,530.0,4.395296908500e-02,3.428331588630e+00,3.244102061430e-02,14.889054911
78.0,532.0,4.480907879581e-02,3.495108146073e+00,3.034546651612e-02,15.179061815
78.0,534.0,4.584565421664e-02,3.575961028898e+00,2.798851507352e-02,15.530201424
78.0,536.0,4.687268442274e-02,3.656069384974e+00,2.583385636849e-02,15.878107593
78.0,538.0,4.789015878967e-02,3.735432385594e+00,2.386285088480e-02,16.222776726
78.0,540.0,4.895806698389e-02,3.818729224743e+00,2.195568391384e-02,16.584530302
78.0,542.0,5.021639895350e-02,3.916879118373e+00,1.990311317818e-02,17.010789874
78.0,544.0,5.177514491951e-02,4.038461303722e+00,1.762457042339e-02,17.538814596
78.0,546.0,5.359429536727e-02,4.180355038647e+00,1.529307696939e-02,18.155051257
78.0,548.0,5.558384103828e-02,4.335539600986e+00,1.309480619591e-02,18.829009248
78.0,550.0,5.760377292229e-02,4.493094287939e+00,1.118597756811e-02,19.513260559
80.0,350.0,9.889596205244e-03,7.911676964195e-01,4.533151516316e-01,3.435997648
80.0,352.0,9.716301458359e-03,7.773041166687e-01,4.596434877266e-01,3.375788886
80.0,354.0,9.530050616577e-03,7.624040493262e-01,4.665434841970e-01,3.311078716
80.0,356.0,9.330572014292e-03,7.464457611434e-01,4.740484434474e-01,3.241772751
80.0,358.0,9.137606428434e-03,7.310085142747e-01,4.814232229873e-01,3.174729640
80.0,360.0,9.010906417364e-03,7.208725133891e-01,4.863277433229e-01,3.130709547
80.0,362.0,8.910235699738e-03,7.128188559790e-01,4.902602747312e-01,3.095732957
80.0,364.0,8.775368570623e-03,7.020294856498e-01,4.955785130227e-01,3.048875318
80.0,366.0,8.606089352376e-03,6.884871481901e-01,5.023354536033e-01,2.990061693
80.0,368.0,8.442191877956e-03,6.753753502365e-01,5.089653444871e-01,2.933117878
80.0,370.0,8.293479004540e-03,6.634783203632e-01,5.150566829661e-01,2.881449734
80.0,372.0,8.159762155435e-03,6.527809724348e-01,5.205959986769e-01,2.834991742
80.0,374.0,8.020860888458e-03,6.416688710766e-01,5.264131748485e-01,2.786732499
80.0,376.0,7.906602489062e-03,6.325281991250e-01,5.312470035558e-01,2.747035065
80.0,378.0,7.796821586622e-03,6.237457269298e-01,5.359332137273e-01,2.708893273
80.0,380.0,7.711359792400e-03,6.169087833920e-01,5.396099132211e-01,2.679200805
80.0,382.0,7.610065357832e-03,6.088052286266e-01,5.440004371040e-01,2.644007513
80.0,384.0,7.512792851830e-03,6.010234281464e-01,5.482502541346e-01,2.610211583
80.0,386.0,7.419402855952e-03,5.935522284762e-01,5.523616807726e-01,2.577764575
80.0,388.0,7.359761676293e-03,5.887809341034e-01,5.550034582892e-01,2.557043107
80.0,390.0,7.313741071094e-03,5.850992856875e-01,5.570505519194e-01,2.541053911
80.0,392.0,7.241217993107e-03,5.792974394486e-01,5.602918672834e-01,2.515856813
80.0,394.0,7.222074345802e-03,5.777659476642e-01,5.611506070837e-01,2.509205629
80.0,396.0,7.216196752604e-03,5.772957402083e-01,5.614145263265e-01,2.507163544
80.0,398.0,7.223476338366e-03,5.778781070693e-01,5.610876722948e-01,2.509692731
80.0,400.0,7.253808522356e-03,5.803046817885e-01,5.597278017150e-01,2.520231211
80.0,402.0,7.297092822081e-03,5.837674257665e-01,5.577929595053e-01,2.535269717
80.0,404.0,7.303232667298e-03,5.842586133838e-01,5.575190457875e-01,2.537402918
80.0,406.0,7.292135223641e-03,5.833708178913e-01,5.580142284613e-01,2.533547271
80.0,408.0,7.213711225286e-03,5.770968980229e-01,5.615261703172e-01,2.506299983
80.0,410.0,7.187874816150e-03,5.750299852920e-01,5.626879961901e-01,2.497323495
80.0,412.0,7.144543399123e-03,5.715634719298e-01,5.646419463882e-01,2.482268619
80.0,414.0,7.143637492892e-03,5.714909994314e-01,5.646828688837e-01,2.481953875
80.0,416.0,7.135080595916e-03,5.708064476733e-01,5.650695558728e-01,2.478980905
80.0,418.0,7.168799057154e-03,5.735039245723e-01,5.635473477831e-01,2.490695898
80.0,420.0,7.204721953181e-03,5.763777562545e-01,5.619301324760e-01,2.503176790
80.0,422.0,7.222780971318e-03,5.778224777054e-01,5.611188861133e-01,2.509451136
80.0,424.0,7.232910298468e-03,5.786328238774e-01,5.606643697545e-01,2.512970425
80.0,426.0,7.285046515327e-03,5.828037212262e-01,5.583307662146e-01,2.531084402
80.0,428.0,7.349128495696e-03,5.879302796557e-01,5.554757753103e-01,2.553348762
80.0,430.0,7.455097310597e-03,5.964077848478e-01,5.507866307480e-01,2.590166099
80.0,432.0,7.572896136960e-03,6.058316909568e-01,5.456204502875e-01,2.631093603
80.0,434.0,7.722470170618e-03,6.177976136494e-01,5.391305046910e-01,2.683060945
80.0,436.0,7.903766543389e-03,6.323013234711e-01,5.313675442404e-01,2.746049757
80.0,438.0,8.216734244034e-03,6.573387395227e-01,5.182286423955e-01,2.854785873
80.0,440.0,8.571324042880e-03,6.857059234304e-01,5.037345060423e-01,2.977982988
80.0,442.0,9.027488419921e-03,7.221990735937e-01,4.856830280136e-01,3.136470725
80.0,444.0,9.485181496220e-03,7.588145196976e-01,4.682211650978e-01,3.295489587
80.0,446.0,1.007435896844e-02,8.059487174752e-01,4.466639675709e-01,3.500190807
80.0,448.0,1.061497804633e-02,8.491982437064e-01,4.277577519711e-01,3.688021113
80.0,450.0,1.112699739305e-02,8.901597914440e-01,4.105901387190e-01,3.865914854
80.0,452.0,1.141037706817e-02,9.128301654536e-01,4.013866244374e-01,3.964371038
80.0,454.0,1.156507847319e-02,9.252062778552e-01,3.964496318601e-01,4.018119811
80.0,456.0,1.165106429946e-02,9.320851439568e-01,3.937318662162e-01,4.047994347
80.0,458.0,1.175829847849e-02,9.406638782792e-01,3.903685920859e-01,4.085251317
80.0,460.0,1.186674613428e-02,9.493396907424e-01,3.869964764623e-01,4.122929891
80.0,462.0,1.205637353789e-02,9.645098830312e-01,3.811699718367e-01,4.188813199
80.0,464.0,1.222714806386e-02,9.781718451088e-01,3.759978532279e-01,4.248146347
80.0,466.0,1.241903814858e-02,9.935230518864e-01,3.702699103395e-01,4.314815791
80.0,468.0,1.257201325038e-02,1.005761060030e+00,3.657661588450e-01,4.367964785
80.0,470.0,1.283604381141e-02,1.026883504913e+00,3.581213065328e-01,4.459698397
80.0,472.0,1.314110122105e-02,1.051288097684e+00,3.494872852900e-01,4.565686197
80.0,474.0,1.344715778091e-02,1.075772622473e+00,3.410341628272e-01,4.672021137
80.0,476.0,1.378418667130e-02,1.102734933704e+00,3.319619471330e-01,4.789116967
80.0,478.0,1.413216191905e-02,1.130572953524e+00,3.228482263915e-01,4.910015951
80.0,480.0,1.446105836676e-02,1.156884669341e+00,3.144643168105e-01,5.024286281
80.0,482.0,1.482085164323e-02,1.185668131458e+00,3.055419690852e-01,5.149291269
80.0,484.0,1.518151813511e-02,1.214521450809e+00,2.968520386115e-01,5.274599642
80.0,486.0,1.556303495983e-02,1.245042796786e+00,2.879285854489e-01,5.407152164
80.0,488.0,1.607537993942e-02,1.286030395154e+00,2.763656710229e-01,5.585159042
80.0,490.0,1.672853157561e-02,1.338282526049e+00,2.622957681018e-01,5.812087163
80.0,492.0,1.754246902578e-02,1.403397522062e+00,2.457605669592e-01,6.094877997
80.0,494.0,1.853717207993e-02,1.482973766394e+00,2.269617526117e-01,6.440473236
80.0,496.0,1.976262113856e-02,1.581009691085e+00,2.057672319426e-01,6.866237847
80.0,498.0,2.124879719143e-02,1.699903775314e+00,1.827011035632e-01,7.382588294
80.0,500.0,2.268568179718e-02,1.814854543774e+00,1.628615959004e-01,7.881813138
80.0,502.0,2.434325706370e-02,1.947460565096e+00,1.426358264619e-01,8.457713771
80.0,504.0,2.613150562929e-02,2.090520450343e+00,1.236227795537e-01,9.079014959
80.0,506.0,2.854041064458e-02,2.283232851566e+00,1.019540709851e-01,9.915954283
80.0,508.0,3.153995575512e-02,2.523196460410e+00,8.020283140672e-02,10.958102995
80.0,510.0,3.480012508463e-02,2.784010006770e+00,6.179023067108e-02,12.090801835
80.0,512.0,3.746090321893e-02,2.996872257514e+00,4.994303327872e-02,13.015250844
80.0,514.0,3.912227519045e-02,3.129782015236e+00,4.372732810522e-02,13.592470588
80.0,516.0,3.992422646334e-02,3.193938117067e+00,4.101005013521e-02,13.871096998
80.0,518.0,4.046674291916e-02,3.237339433533e+00,3.926823198107e-02,14.059586520
80.0,520.0,4.082981084306e-02,3.266384867445e+00,3.814407400303e-02,14.185729237
80.0,522.0,4.125341691052e-02,3.300273352842e+00,3.687308666049e-02,14.332905059
80.0,524.0,4.177754817459e-02,3.342203853967e+00,3.535894583671e-02,14.515006912
80.0,526.0,4.246219205357e-02,3.396975364286e+00,3.347436475495e-02,14.752876559
80.0,528.0,4.317733631914e-02,3.454186905531e+00,3.161299826292e-02,15.001343125
80.0,530.0,4.395296908500e-02,3.516237526800e+00,2.971101202028e-02,15.270825550
80.0,532.0,4.480907879581e-02,3.584726303665e+00,2.774426009343e-02,15.568268528
80.0,534.0,4.584565421664e-02,3.667652337331e+00,2.553635036612e-02,15.928411716
80.0,536.0,4.687268442274e-02,3.749814753819e+00,2.352210283215e-02,16.285238557
80.0,538.0,4.789015878967e-02,3.831212703174e+00,2.168330426724e-02,16.638745360
80.0,540.0,4.895806698389e-02,3.916645358711e+00,1.990776626701e-02,17.009774669
80.0,542.0,5.021639895350e-02,4.017311916280e+00,1.800128893265e-02,17.446963973
80.0,544.0,5.177514491951e-02,4.142011593561e+00,1.589085339334e-02,17.988527791
80.0,546.0,5.359429536727e-02,4.287543629382e+00,1.373863105316e-02,18.620565392
80.0,548.0,5.558384103828e-02,4.446707283062e+00,1.171708456463e-02,19.311804357
80.0,550.0,5.760377292229e-02,4.608301833783e+00,9.968732506991e-03,20.013600574
82.0,350.0,9.889596205244e-03,8.109468888300e-01,4.444370344557e-01,3.521897589
82.0,352.0,9.716301458359e-03,7.967367195854e-01,4.507976455819e-01,3.460183608
82.0,354.0,9.530050616577e-03,7.814641505593e-01,4.577353269986e-01,3.393855684
82.0,356.0,9.330572014292e-03,7.651069051719e-01,4.652841870294e-01,3.322817070
82.0,358.0,9.137606428434e-03,7.492837271316e-01,4.727050172887e-01,3.254097881
82.0,360.0,9.010906417364e-03,7.388943262238e-01,4.776417396125e-01,3.208977286
82.0,362.0,8.910235699738e-03,7.306393273785e-01,4.816009909455e-01,3.173126281
82.0,364.0,8.775368570623e-03,7.195802227911e-01,4.869566263554e-01,3.125097200
82.0,366.0,8.606089352376e-03,7.056993268948e-01,4.937631516369e-01,3.064813236
82.0,368.0,8.442191877956e-03,6.922597339924e-01,5.004439202324e-01,3.006445825
82.0,370.0,8.293479004540e-03,6.800652783723e-01,5.065839223123e-01,2.953485977
82.0,372.0,8.159762155435e-03,6.691004967457e-01,5.121690683929e-01,2.905866536
82.0,374.0,8.020860888458e-03,6.577105928536e-01,5.180359731732e-01,2.856400812
82.0,376.0,7.906602489062e-03,6.483414041031e-01,5.229123581999e-01,2.815710942
82.0,378.0,7.796821586622e-03,6.393393701030e-01,5.276408842718e-01,2.776615605
82.0,380.0,7.711359792400e-03,6.323315029768e-01,5.313515080726e-01,2.746180825
82.0,382.0,7.610065357832e-03,6.240253593422e-01,5.357833703813e-01,2.710107701
82.0,384.0,7.512792851830e-03,6.160490138501e-01,5.400740528870e-01,2.675466873
82.0,386.0,7.419402855952e-03,6.083910341881e-01,5.442258057296e-01,2.642208690
82.0,388.0,7.359761676293e-03,6.035004574560e-01,5.468939027407e-01,2.620969185
82.0,390.0,7.313741071094e-03,5.997267678297e-01,5.489616095763e-01,2.604580259
82.0,392.0,7.241217993107e-03,5.937798754348e-01,5.522359516274e-01,2.578753234
82.0,394.0,7.222074345802e-03,5.922100963558e-01,5.531035208388e-01,2.571935770
82.0,396.0,7.216196752604e-03,5.917281337135e-01,5.533701603231e-01,2.569842633
82.0,398.0,7.223476338366e-03,5.923250597460e-01,5.530399378378e-01,2.572435049
82.0,400.0,7.253808522356e-03,5.948122988332e-01,5.516661045219e-01,2.583236992
82.0,402.0,7.297092822081e-03,5.983616114106e-01,5.497115398110e-01,2.598651460
82.0,404.0,7.303232667298e-03,5.988650787184e-01,5.494348476806e-01,2.600837991
82.0,406.0,7.292135223641e-03,5.979550883386e-01,5.499350556640e-01,2.596885953
82.0,408.0,7.213711225286e-03,5.915243204735e-01,5.534829559827e-01,2.568957483
82.0,410.0,7.187874816150e-03,5.894057349243e-01,5.546567999803e-01,2.559756583
82.0,412.0,7.144543399123e-03,5.858525587281e-01,5.566310987577e-01,2.544325335
82.0,414.0,7.143637492892e-03,5.857782744171e-01,5.566724492511e-01,2.544002722
82.0,416.0,7.135080595916e-03,5.850766088651e-01,5.570631841991e-01,2.540955427
82.0,418.0,7.168799057154e-03,5.878415226866e-01,5.555250798445e-01,2.552963295
82.0,420.0,7.204721953181e-03,5.907872001608e-01,5.538910899156e-01,2.565756210
82.0,422.0,7.222780971318e-03,5.922680396481e-01,5.530714731283e-01,2.572187414
82.0,424.0,7.232910298468e-03,5.930986444744e-01,5.526122800238e-01,2.575794685
82.0,426.0,7.285046515327e-03,5.973738142568e-01,5.502548115824e-01,2.594361512
82.0,428.0,7.349128495696e-03,6.026285366471e-01,5.473709588622e-01,2.617182481
82.0,430.0,7.455097310597e-03,6.113179794690e-01,5.426352154966e-01,2.654920252
82.0,432.0,7.572896136960e-03,6.209774832307e-01,5.374188628400e-01,2.696870944
82.0,434.0,7.722470170618e-03,6.332425539907e-01,5.308676401901e-01,2.750137469
82.0,436.0,7.903766543389e-03,6.481088565579e-01,5.230339743254e-01,2.814701001
82.0,438.0,8.216734244034e-03,6.737722080108e-01,5.097819427090e-01,2.926155520
82.0,440.0,8.571324042880e-03,7.028485715162e-01,4.951727578639e-01,3.052432562
82.0,442.0,9.027488419921e-03,7.402540504335e-01,4.769927199195e-01,3.214882493
82.0,444.0,9.485181496220e-03,7.777848826900e-01,4.594225598674e-01,3.377876827
82.0,446.0,1.007435896844e-02,8.260974354121e-01,4.377543216662e-01,3.587695577
82.0,448.0,1.061497804633e-02,8.704281997991e-01,4.187721926814e-01,3.780221641
82.0,450.0,1.112699739305e-02,9.124137862301e-01,4.015537882878e-01,3.962562726
82.0,452.0,1.141037706817e-02,9.356509195899e-01,3.923304068515e-01,4.063480314
82.0,454.0,1.156507847319e-02,9.483364348016e-01,3.873849278019e-01,4.118572806
82.0,456.0,1.165106429946e-02,9.553872725557e-01,3.846631462236e-01,4.149194206
82.0,458.0,1.175829847849e-02,9.641804752362e-01,3.812955528792e-01,4.187382600
82.0,460.0,1.186674613428e-02,9.730731830110e-01,3.779198348347e-01,4.226003139
82.0,462.0,1.205637353789e-02,9.886226301070e-01,3.720888421990e-01,4.293533529
82.0,464.0,1.222714806386e-02,1.002626141237e+00,3.669146052531e-01,4.354350006
82.0,466.0,1.241903814858e-02,1.018361128184e+00,3.611863935835e-01,4.422686186
82.0,468.0,1.257201325038e-02,1.030905086531e+00,3.566839845603e-01,4.477163904
82.0,470.0,1.283604381141e-02,1.052555592536e+00,3.490445925698e-01,4.571190857
82.0,472.0,1.314110122105e-02,1.077570300126e+00,3.404216440543e-01,4.679828352
82.0,474.0,1.344715778091e-02,1.102666938035e+00,3.319845198752e-01,4.788821666
82.0,476.0,1.378418667130e-02,1.130303307047e+00,3.229352930165e-01,4.908844891
82.0,478.0,1.413216191905e-02,1.158837277362e+00,3.138508903487e-01,5.032766350
82.0,480.0,1.446105836676e-02,1.185806786074e+00,3.054996072177e-01,5.149893438
82.0,482.0,1.482085164323e-02,1.215309834745e+00,2.966180974627e-01,5.278023550
82.0,484.0,1.518151813511e-02,1.244884487079e+00,2.879741709472e-01,5.406464633
82.0,486.0,1.556303495983e-02,1.276168866706e+00,2.791045414779e-01,5.542330968
82.0,488.0,1.607537993942e-02,1.318181155032e+00,2.676216218016e-01,5.724788018
82.0,490.0,1.672853157561e-02,1.371739589200e+00,2.536653020930e-01,5.957389342
82.0,492.0,1.754246902578e-02,1.438482460114e+00,2.372875789578e-01,6.247249947
82.0,494.0,1.853717207993e-02,1.520048110554e+00,2.187013648552e-01,6.601485066
82.0,496.0,1.976262113856e-02,1.620534933362e+00,1.977928647769e-01,7.037893793
82.0,498.0,2.124879719143e-02,1.742401369697e+00,1.750994169168e-01,7.567153001
82.0,500.0,2.268568179718e-02,1.860225907369e+00,1.556374667457e-01,8.078858467
82.0,502.0,2.434325706370e-02,1.996147079223e+00,1.358577251786e-01,8.669156616
82.0,504.0,2.613150562929e-02,2.142783461602e+00,1.173278106362e-01,9.305990333
82.0,506.0,2.854041064458e-02,2.340313672856e+00,9.629742760351e-02,10.163853140
82.0,508.0,3.153995575512e-02,2.586276371920e+00,7.529990755097e-02,11.232055570
82.0,510.0,3.480012508463e-02,2.853610256940e+00,5.763586453088e-02,12.393071881
82.0,512.0,3.746090321893e-02,3.071794063952e+00,4.633794699931e-02,13.340632115
82.0,514.0,3.912227519045e-02,3.208026565617e+00,4.043633303524e-02,13.932282352
82.0,516.0,3.992422646334e-02,3.273786569994e+00,3.786278520546e-02,14.217874423
82.0,518.0,4.046674291916e-02,3.318272919371e+00,3.621532455897e-02,14.411076183
82.0,520.0,4.082981084306e-02,3.348044489131e+00,3.515302906206e-02,14.540372468
82.0,522.0,4.125341691052e-02,3.382780186663e+00,3.395292791703e-02,14.691227686
82.0,524.0,4.177754817459e-02,3.425758950316e+00,3.252458707391e-02,14.877882085
82.0,526.0,4.246219205357e-02,3.481899748393e+00,3.074894026062e-02,15.121698473
82.0,528.0,4.317733631914e-02,3.540541578169e+00,2.899761835176e-02,15.376376703
82.0,530.0,4.395296908500e-02,3.604143464970e+00,2.721074178783e-02,15.652596188
82.0,532.0,4.480907879581e-02,3.674344461256e+00,2.536602848808e-02,15.957475241
82.0,534.0,4.584565421664e-02,3.759343645764e+00,2.329902777294e-02,16.326622009
82.0,536.0,4.687268442274e-02,3.843560122665e+00,2.141721753634e-02,16.692369521
82.0,538.0,4.789015878967e-02,3.926993020753e+00,1.970282956615e-02,17.054713994
82.0,540.0,4.895806698389e-02,4.014561492679e+00,1.805086825340e-02,17.435019035
82.0,542.0,5.021639895350e-02,4.117744714187e+00,1.628119180834e-02,17.883138073
82.0,544.0,5.177514491951e-02,4.245561883400e+00,1.432768093080e-02,18.438240985
82.0,546.0,5.359429536727e-02,4.394732220116e+00,1.234218487180e-02,19.086079526
82.0,548.0,5.558384103828e-02,4.557874965139e+00,1.048431482228e-02,19.794599466
82.0,550.0,5.760377292229e-02,4.723509379628e+00,8.883946636834e-03,20.513940588
84.0,350.0,9.889596205244e-03,8.307260812405e-01,4.357327940283e-01,3.607797531
84.0,352.0,9.716301458359e-03,8.161693225022e-01,4.421220417313e-01,3.544578331
84.0,354.0,9.530050616577e-03,8.005242517925e-01,4.490934643384e-01,3.476632652
84.0,356.0,9.330572014292e-03,7.837680492005e-01,4.566819650862e-01,3.403861389
84.0,358.0,9.137606428434e-03,7.675589399885e-01,4.641446916154e-01,3.333466122
84.0,360.0,9.010906417364e-03,7.569161390586e-01,4.691108713257e-01,3.287245025
84.0,362.0,8.910235699738e-03,7.484597987780e-01,4.730946528492e-01,3.250519605
84.0,364.0,8.775368570623e-03,7.371309599323e-01,4.784847399964e-01,3.201319083
84.0,366.0,8.606089352376e-03,7.229115055996e-01,4.853371351069e-01,3.139564778
84.0,368.0,8.442191877956e-03,7.091441177483e-01,4.920651671283e-01,3.079773772
84.0,370.0,8.293479004540e-03,6.966522363814e-01,4.982505398581e-01,3.025522221
84.0,372.0,8.159762155435e-03,6.854200210565e-01,5.038785455230e-01,2.976741329
84.0,374.0,8.020860888458e-03,6.737523146305e-01,5.097920840959e-01,2.926069124
84.0,376.0,7.906602489062e-03,6.641546090812e-01,5.147084737005e-01,2.884386819
84.0,378.0,7.796821586622e-03,6.549330132762e-01,5.194768594745e-01,2.844337937
84.0,380.0,7.711359792400e-03,6.477542225616e-01,5.232194928475e-01,2.813160845
84.0,382.0,7.610065357832e-03,6.392454900579e-01,5.276904215470e-01,2.776207889
84.0,384.0,7.512792851830e-03,6.310745995537e-01,5.320197854941e-01,2.740722163
84.0,386.0,7.419402855952e-03,6.232298399000e-01,5.362097660498e-01,2.706652804
84.0,388.0,7.359761676293e-03,6.182199808086e-01,5.389028417533e-01,2.684895263
84.0,390.0,7.313741071094e-03,6.143542499719e-01,5.409901269287e-01,2.668106607
84.0,392.0,7.241217993107e-03,6.082623114210e-01,5.442958644902e-01,2.641649654
84.0,394.0,7.222074345802e-03,6.066542450474e-01,5.451718324857e-01,2.634665910
84.0,396.0,7.216196752604e-03,6.061605272187e-01,5.454410599948e-01,2.632521721
84.0,398.0,7.223476338366e-03,6.067720124227e-01,5.451076328103e-01,2.635177368
84.0,400.0,7.253808522356e-03,6.093199158779e-01,5.437205190556e-01,2.646242772
84.0,402.0,7.297092822081e-03,6.129557970548e-01,5.417472053957e-01,2.662033203
84.0,404.0,7.303232667298e-03,6.134715440530e-01,5.414678729394e-01,2.664273064
84.0,406.0,7.292135223641e-03,6.125393587858e-01,5.419728566458e-01,2.660224635
84.0,408.0,7.213711225286e-03,6.059517429240e-01,5.455549514108e-01,2.631614983
84.0,410.0,7.187874816150e-03,6.037814845566e-01,5.467402323267e-01,2.622189670
84.0,412.0,7.144543399123e-03,6.001416455263e-01,5.487339048862e-01,2.606382050
84.0,414.0,7.143637492892e-03,6.000655494029e-01,5.487756629980e-01,2.606051569
84.0,416.0,7.135080595916e-03,5.993467700569e-01,5.491702534049e-01,2.602929950
84.0,418.0,7.168799057154e-03,6.021791208009e-01,5.476170113306e-01,2.615230693
84.0,420.0,7.204721953181e-03,6.051966440672e-01,5.459670549008e-01,2.628335630
84.0,422.0,7.222780971318e-03,6.067136015907e-01,5.451394739306e-01,2.634923693
84.0,424.0,7.232910298468e-03,6.075644650713e-01,5.446758319364e-01,2.638618946
84.0,426.0,7.285046515327e-03,6.119439072875e-01,5.422956712961e-01,2.657638622
84.0,428.0,7.349128495696e-03,6.173267936385e-01,5.393843978854e-01,2.681016200
84.0,430.0,7.455097310597e-03,6.262281740901e-01,5.346044378331e-01,2.719674404
84.0,432.0,7.572896136960e-03,6.361232755046e-01,5.293405589618e-01,2.762648284
84.0,434.0,7.722470170618e-03,6.486874943319e-01,5.227314146554e-01,2.817213993
84.0,436.0,7.903766543389e-03,6.639163896447e-01,5.148311018687e-01,2.883352245
84.0,438.0,8.216734244034e-03,6.902056764989e-01,5.014729172646e-01,2.997525167
84.0,440.0,8.571324042880e-03,7.199912196019e-01,4.867565298573e-01,3.126882137
84.0,442.0,9.027488419921e-03,7.583090272734e-01,4.684579071802e-01,3.293294261
84.0,444.0,9.485181496220e-03,7.967552456825e-01,4.507892941383e-01,3.460264066
84.0,446.0,1.007435896844e-02,8.462461533490e-01,4.290223972612e-01,3.675200347
84.0,448.0,1.061497804633e-02,8.916581558917e-01,4.099753857296e-01,3.872422168
84.0,450.0,1.112699739305e-02,9.346677810162e-01,3.927163116760e-01,4.059210597
84.0,452.0,1.141037706817e-02,9.584716737263e-01,3.834785186377e-01,4.162589590
84.0,454.0,1.156507847319e-02,9.714665917480e-01,3.785274855319e-01,4.219025801
84.0,456.0,1.165106429946e-02,9.786894011546e-01,3.758033036152e-01,4.250394064
84.0,458.0,1.175829847849e-02,9.876970721932e-01,3.724333913971e-01,4.289513882
84.0,460.0,1.186674613428e-02,9.968066752795e-01,3.690560773760e-01,4.329076386
84.0,462.0,1.205637353789e-02,1.012735377183e+00,3.632240646394e-01,4.398253859
84.0,464.0,1.222714806386e-02,1.027080437364e+00,3.580507877699e-01,4.460553664
84.0,466.0,1.241903814858e-02,1.043199204481e+00,3.523257150175e-01,4.530556580
84.0,468.0,1.257201325038e-02,1.056049113032e+00,3.478273256430e-01,4.586363024
84.0,470.0,1.283604381141e-02,1.078227680158e+00,3.401979312031e-01,4.682683317
84.0,472.0,1.314110122105e-02,1.103852502568e+00,3.315911640232e-01,4.793970507
84.0,474.0,1.344715778091e-02,1.129561253596e+00,3.231750171980e-01,4.905622194
84.0,476.0,1.378418667130e-02,1.157871680389e+00,3.141540901792e-01,5.028572815
84.0,478.0,1.413216191905e-02,1.187101601200e+00,3.051042976870e-01,5.155516749
84.0,480.0,1.446105836676e-02,1.214728902808e+00,2.967904624499e-01,5.275500595
84.0,482.0,1.482085164323e-02,1.244951538031e+00,2.879548626522e-01,5.406755832
84.0,484.0,1.518151813511e-02,1.275247523349e+00,2.793618110916e-01,5.538329625
84.0,486.0,1.556303495983e-02,1.307294936626e+00,2.705509248139e-01,5.677509772
84.0,488.0,1.607537993942e-02,1.350331914911e+00,2.591542292161e-01,5.864416994
84.0,490.0,1.672853157561e-02,1.405196652351e+00,2.453188091885e-01,6.102691521
84.0,492.0,1.754246902578e-02,1.473567398166e+00,2.291067107482e-01,6.399621897
84.0,494.0,1.853717207993e-02,1.557122454714e+00,2.107416180883e-01,6.762496897
84.0,496.0,1.976262113856e-02,1.660060175639e+00,1.901275387111e-01,7.209549739
84.0,498.0,2.124879719143e-02,1.784898964080e+00,1.678140153871e-01,7.751717709
84.0,500.0,2.268568179718e-02,1.905597270963e+00,1.487337817187e-01,8.275903795
84.0,502.0,2.434325706370e-02,2.044833593351e+00,1.294017214927e-01,8.880599460
84.0,504.0,2.613150562929e-02,2.195046472860e+00,1.113533864743e-01,9.532965707
84.0,506.0,2.854041064458e-02,2.397394494145e+00,9.095462764220e-02,10.411751998
84.0,508.0,3.153995575512e-02,2.649356283430e+00,7.069670705801e-02,11.506008145
84.0,510.0,3.480012508463e-02,2.923210507109e+00,5.376081047350e-02,12.695341927
84.0,512.0,3.746090321893e-02,3.146715870390e+00,4.299309014988e-02,13.666013386
84.0,514.0,3.912227519045e-02,3.286271115998e+00,3.739302400096e-02,14.272094117
84.0,516.0,3.992422646334e-02,3.353635022921e+00,3.495705318059e-02,14.564651848
84.0,518.0,4.046674291916e-02,3.399206405209e+00,3.339976532541e-02,14.762565846
84.0,520.0,4.082981084306e-02,3.429704110817e+00,3.239652513624e-02,14.895015699
84.0,522.0,4.125341691052e-02,3.465287020484e+00,3.126403072121e-02,15.049550312
84.0,524.0,4.177754817459e-02,3.509314046666e+00,2.991742936041e-02,15.240757257
84.0,526.0,4.246219205357e-02,3.566824132500e+00,2.824541508324e-02,15.490520387
84.0,528.0,4.317733631914e-02,3.626896250808e+00,2.659861184571e-02,15.751410282
84.0,530.0,4.395296908500e-02,3.692049403140e+00,2.492087674894e-02,16.034366827
84.0,532.0,4.480907879581e-02,3.763962618848e+00,2.319165834991e-02,16.346681955
84.0,534.0,4.584565421664e-02,3.851034954198e+00,2.125772427858e-02,16.724832302
84.0,536.0,4.687268442274e-02,3.937305491510e+00,1.950068878926e-02,17.099500485
84.0,538.0,4.789015878967e-02,4.022773338332e+00,1.790324427164e-02,17.470682628
84.0,540.0,4.895806698389e-02,4.112477626647e+00,1.636717250601e-02,17.860263402
84.0,542.0,5.021639895350e-02,4.218177512094e+00,1.472545703208e-02,18.319312172
84.0,544.0,5.177514491951e-02,4.349112173239e+00,1.291827668241e-02,18.887954180
84.0,546.0,5.359429536727e-02,4.501920810851e+00,1.108767873744e-02,19.551593661
84.0,548.0,5.558384103828e-02,4.669042647216e+00,9.381246391662e-03,20.277394575
84.0,550.0,5.760377292229e-02,4.838716925472e+00,7.917205902634e-03,21.014280602
86.0,350.0,9.889596205244e-03,8.505052736510e-01,4.271990249962e-01,3.693697472
86.0,352.0,9.716301458359e-03,8.356019254189e-01,4.336133999377e-01,3.628973053
86.0,354.0,9.530050616577e-03,8.195843530256e-01,4.406147566409e-01,3.559409620
86.0,356.0,9.330572014292e-03,8.024291932291e-01,4.482387819077e-01,3.484905707
86.0,358.0,9.137606428434e-03,7.858341528453e-01,4.557393868810e-01,3.412834363
86.0,360.0,9.010906417364e-03,7.749379518933e-01,4.607323676832e-01,3.365512763
86.0,362.0,8.910235699738e-03,7.662802701775e-01,4.647385590197e-01,3.327912929
86.0,364.0,8.775368570623e-03,7.546816970736e-01,4.701602442972e-01,3.277540966
86.0,366.0,8.606089352376e-03,7.401236843043e-01,4.770549076676e-01,3.214316320
86.0,368.0,8.442191877956e-03,7.260285015042e-01,4.838266964828e-01,3.153101719
86.0,370.0,8.293479004540e-03,7.132391943904e-01,4.900542428107e-01,3.097558464
86.0,372.0,8.159762155435e-03,7.017395453674e-01,4.957222220293e-01,3.047616123
86.0,374.0,8.020860888458e-03,6.897940364074e-01,5.016793861146e-01,2.995737437
86.0,376.0,7.906602489062e-03,6.799678140593e-01,5.066332985725e-01,2.953062695
86.0,378.0,7.796821586622e-03,6.705266564495e-01,5.114391541169e-01,2.912060269
86.0,380.0,7.711359792400e-03,6.631769421464e-01,5.152119332241e-01,2.880140865
86.0,382.0,7.610065357832e-03,6.544656207736e-01,5.197197158141e-01,2.842308077
86.0,384.0,7.512792851830e-03,6.461001852574e-01,5.240856335240e-01,2.805977452
86.0,386.0,7.419402855952e-03,6.380686456119e-01,5.283117966481e-01,2.771096919
86.0,388.0,7.359761676293e-03,6.329395041612e-01,5.310285439176e-01,2.748821340
86.0,390.0,7.313741071094e-03,6.289817321141e-01,5.331343983420e-01,2.731632955
86.0,392.0,7.241217993107e-03,6.227447474072e-01,5.364699404811e-01,2.704546074
86.0,394.0,7.222074345802e-03,6.210983937390e-01,5.373538871803e-01,2.697396051
86.0,396.0,7.216196752604e-03,6.205929207239e-01,5.376255737291e-01,2.695200810
86.0,398.0,7.223476338366e-03,6.212189650995e-01,5.372891015968e-01,2.697919686
86.0,400.0,7.253808522356e-03,6.238275329226e-01,5.358893729719e-01,2.709248552
86.0,402.0,7.297092822081e-03,6.275499826990e-01,5.338982599037e-01,2.725414946
86.0,404.0,7.303232667298e-03,6.280780093876e-01,5.336164217890e-01,2.727708137
86.0,406.0,7.292135223641e-03,6.271236292331e-01,5.341259378094e-01,2.723563316
86.0,408.0,7.213711225286e-03,6.203791653746e-01,5.377405063548e-01,2.694272482
86.0,410.0,7.187874816150e-03,6.181572341889e-01,5.389366571459e-01,2.684622758
86.0,412.0,7.144543399123e-03,6.144307323246e-01,5.409487523132e-01,2.668438766
86.0,414.0,7.143637492892e-03,6.143528243887e-01,5.409908981557e-01,2.668100416
86.0,416.0,7.135080595916e-03,6.136169312488e-01,5.413891561661e-01,2.664904472
86.0,418.0,7.168799057154e-03,6.165167189152e-01,5.398215165777e-01,2.677498090
86.0,420.0,7.204721953181e-03,6.196060879736e-01,5.381563821192e-01,2.690915050
86.0,422.0,7.222780971318e-03,6.211591635333e-01,5.373212332873e-01,2.697659971
86.0,424.0,7.232910298468e-03,6.220302856682e-01,5.368533646823e-01,2.701443206
86.0,426.0,7.285046515327e-03,6.265140003181e-01,5.344516556988e-01,2.720915732
86.0,428.0,7.349128495696e-03,6.320250506299e-01,5.315143669423e-01,2.744849919
86.0,430.0,7.455097310597e-03,6.411383687113e-01,5.266925123709e-01,2.784428557
86.0,432.0,7.572896136960e-03,6.512690677786e-01,5.213836854950e-01,2.828425624
86.0,434.0,7.722470170618e-03,6.641324346731e-01,5.147198871828e-01,2.884290516
86.0,436.0,7.903766543389e-03,6.797239227315e-01,5.067568771097e-01,2.952003489
86.0,438.0,8.216734244034e-03,7.066391449869e-01,4.932993220857e-01,3.068894814
86.0,440.0,8.571324042880e-03,7.371338676877e-01,4.784833486818e-01,3.201331712
86.0,442.0,9.027488419921e-03,7.763640041132e-01,4.600758075233e-01,3.371706029
86.0,444.0,9.485181496220e-03,8.157256086749e-01,4.423182609239e-01,3.542651306
86.0,446.0,1.007435896844e-02,8.663948712858e-01,4.204646493291e-01,3.762705117
86.0,448.0,1.061497804633e-02,9.128881119844e-01,4.013633661489e-01,3.964622696
86.0,450.0,1.112699739305e-02,9.569217758023e-01,3.840733320285e-01,4.155858468
86.0,452.0,1.141037706817e-02,9.812924278626e-01,3.748263496493e-01,4.261698866
86.0,454.0,1.156507847319e-02,9.945967486943e-01,3.698725660705e-01,4.319478797
86.0,456.0,1.165106429946e-02,1.001991529754e+00,3.671475273746e-01,4.351593923
86.0,458.0,1.175829847849e-02,1.011213669150e+00,3.637772063696e-01,4.391645165
86.0,460.0,1.186674613428e-02,1.020540167548e+00,3.604002110863e-01,4.432149633
86.0,462.0,1.205637353789e-02,1.036848124259e+00,3.545704847086e-01,4.502974189
86.0,464.0,1.222714806386e-02,1.051534733492e+00,3.494010998396e-01,4.566757323
86.0,466.0,1.241903814858e-02,1.068037280778e+00,3.436824079418e-01,4.638426975
86.0,468.0,1.257201325038e-02,1.081193139533e+00,3.391905824231e-01,4.695562144
86.0,470.0,1.283604381141e-02,1.103899767781e+00,3.315754916666e-01,4.794175777
86.0,472.0,1.314110122105e-02,1.130134705010e+00,3.229897451548e-01,4.908112662
86.0,474.0,1.344715778091e-02,1.156455569158e+00,3.145992824610e-01,5.022422723
86.0,476.0,1.378418667130e-02,1.185440053732e+00,3.056116643506e-01,5.148300740
86.0,478.0,1.413216191905e-02,1.215365925038e+00,2.966014605332e-01,5.278267147
86.0,480.0,1.446105836676e-02,1.243651019541e+00,2.883295968969e-01,5.401107752
86.0,482.0,1.482085164323e-02,1.274593241318e+00,2.795446523132e-01,5.535488114
86.0,484.0,1.518151813511e-02,1.305610559619e+00,2.710070185798e-01,5.670194616
86.0,486.0,1.556303495983e-02,1.338421006545e+00,2.622594477685e-01,5.812688576
86.0,488.0,1.607537993942e-02,1.382482674790e+00,2.509547400112e-01,6.004045970
86.0,490.0,1.672853157561e-02,1.438653715502e+00,2.372469456607e-01,6.247993700
86.0,492.0,1.754246902578e-02,1.508652336217e+00,2.212078910342e-01,6.551993847
86.0,494.0,1.853717207993e-02,1.594196798874e+00,2.030715703300e-01,6.923508728
86.0,496.0,1.976262113856e-02,1.699585417916e+00,1.827592770707e-01,7.381205685
86.0,498.0,2.124879719143e-02,1.827396558463e+00,1.608317392269e-01,7.936282416
86.0,500.0,2.268568179718e-02,1.950968634557e+00,1.421363267271e-01,8.472949124
86.0,502.0,2.434325706370e-02,2.093520107478e+00,1.232525092207e-01,9.092042304
86.0,504.0,2.613150562929e-02,2.247309484119e+00,1.056831846777e-01,9.759941081
86.0,506.0,2.854041064458e-02,2.454475315434e+00,8.590825835549e-02,10.659650855
86.0,508.0,3.153995575512e-02,2.712436194940e+00,6.637490737241e-02,11.779960720
86.0,510.0,3.480012508463e-02,2.992810757278e+00,5.014628940318e-02,12.997611973
86.0,512.0,3.746090321893e-02,3.221637676828e+00,3.988967833778e-02,13.991394657
86.0,514.0,3.912227519045e-02,3.364515666379e+00,3.457875971885e-02,14.611905882
86.0,516.0,3.992422646334e-02,3.433483475847e+00,3.227431792034e-02,14.911429273
86.0,518.0,4.046674291916e-02,3.480139891048e+00,3.080310165317e-02,15.114055509
86.0,520.0,4.082981084306e-02,3.511363732503e+00,2.985617083097e-02,15.249658930
86.0,522.0,4.125341691052e-02,3.547793854305e+00,2.878808034834e-02,15.407872939
86.0,524.0,4.177754817459e-02,3.592869143015e+00,2.751926035221e-02,15.603632430
86.0,526.0,4.246219205357e-02,3.651748516607e+00,2.594572256678e-02,15.859342301
86.0,528.0,4.317733631914e-02,3.713250923446e+00,2.439807792269e-02,16.126443860
86.0,530.0,4.395296908500e-02,3.779955341310e+00,2.282371067935e-02,16.416137466
86.0,532.0,4.480907879581e-02,3.853580776440e+00,2.120367472077e-02,16.735888668
86.0,534.0,4.584565421664e-02,3.942726262631e+00,1.939526601315e-02,17.123042595
86.0,536.0,4.687268442274e-02,4.031050860356e+00,1.775566142569e-02,17.506631449
86.0,538.0,4.789015878967e-02,4.118553655912e+00,1.626802659862e-02,17.886651262
86.0,540.0,4.895806698389e-02,4.210393760615e+00,1.484052357376e-02,18.285507769
86.0,542.0,5.021639895350e-02,4.318610310001e+00,1.331837910616e-02,18.755486271
86.0,544.0,5.177514491951e-02,4.452662463078e+00,1.164751457331e-02,19.337667375
86.0,546.0,5.359429536727e-02,4.609109401585e+00,9.960685329349e-03,20.017107796
86.0,548.0,5.558384103828e-02,4.780210329292e+00,8.394233228672e-03,20.760189683
86.0,550.0,5.760377292229e-02,4.953924471317e+00,7.055664770070e-03,21.514620617
88.0,350.0,9.889596205244e-03,8.702844660615e-01,4.188323886998e-01,3.779597413
88.0,352.0,9.716301458359e-03,8.550345283356e-01,4.252685070150e-01,3.713367775
88.0,354.0,9.530050616577e-03,8.386444542588e-01,4.322961236048e-01,3.642186588
88.0,356.0,9.330572014292e-03,8.210903372577e-01,4.399516971689e-01,3.565950026
88.0,358.0,9.137606428434e-03,8.041093657022e-01,4.474862957752e-01,3.492202604
88.0,360.0,9.010906417364e-03,7.929597647280e-01,4.525035073927e-01,3.443780502
88.0,362.0,8.910235699738e-03,7.841007415769e-01,4.565300557489e-01,3.405306253
88.0,364.0,8.775368570623e-03,7.722324342148e-01,4.619805750111e-01,3.353762849
88.0,366.0,8.606089352376e-03,7.573358630091e-01,4.689140155730e-01,3.289067863
88.0,368.0,8.442191877956e-03,7.429128852601e-01,4.757261595972e-01,3.226429666
88.0,370.0,8.293479004540e-03,7.298261523995e-01,4.819927760946e-01,3.169594707
88.0,372.0,8.159762155435e-03,7.180590696783e-01,4.876979256153e-01,3.118490916
88.0,374.0,8.020860888458e-03,7.058357581843e-01,4.936957914886e-01,3.065405749
88.0,376.0,7.906602489062e-03,6.957810190375e-01,4.986848135159e-01,3.021738572
88.0,378.0,7.796821586622e-03,6.861202996227e-01,5.035258136973e-01,2.979782600
88.0,380.0,7.711359792400e-03,6.785996617312e-01,5.073269244842e-01,2.947120885
88.0,382.0,7.610065357832e-03,6.696857514892e-01,5.118694067139e-01,2.908408265
88.0,384.0,7.512792851830e-03,6.611257709610e-01,5.162698056637e-01,2.871232742
88.0,386.0,7.419402855952e-03,6.529074513238e-01,5.205301584372e-01,2.835541033
88.0,388.0,7.359761676293e-03,6.476590275138e-01,5.232693031230e-01,2.812747418
88.0,390.0,7.313741071094e-03,6.436092142563e-01,5.253927429492e-01,2.795159303
88.0,392.0,7.241217993107e-03,6.372271833934e-01,5.287565381549e-01,2.767442495
88.0,394.0,7.222074345802e-03,6.355425424306e-01,5.296480538094e-01,2.760126192
88.0,396.0,7.216196752604e-03,6.350253142292e-01,5.299220735790e-01,2.757879898
88.0,398.0,7.223476338366e-03,6.356659177762e-01,5.295827123286e-01,2.760662004
88.0,400.0,7.253808522356e-03,6.383351499673e-01,5.281710180131e-01,2.772254332
88.0,402.0,7.297092822081e-03,6.421441683431e-01,5.261630315563e-01,2.788796689
88.0,404.0,7.303232667298e-03,6.426844747222e-01,5.258788191018e-01,2.791143210
88.0,406.0,7.292135223641e-03,6.417078996804e-01,5.263926300782e-01,2.786901998
88.0,408.0,7.213711225286e-03,6.348065878252e-01,5.300379942055e-01,2.756929982
88.0,410.0,7.187874816150e-03,6.325329838212e-01,5.312444617063e-01,2.747055845
88.0,412.0,7.144543399123e-03,6.287198191228e-01,5.332740514547e-01,2.730495481
88.0,414.0,7.143637492892e-03,6.286400993745e-01,5.333165656225e-01,2.730149263
88.0,416.0,7.135080595916e-03,6.278870924406e-01,5.337183079327e-01,2.726878995
88.0,418.0,7.168799057154e-03,6.308543170296e-01,5.321369930642e-01,2.739765488
88.0,420.0,7.204721953181e-03,6.340155318799e-01,5.304574497966e-01,2.753494469
88.0,422.0,7.222780971318e-03,6.356047254760e-01,5.296151197044e-01,2.760396249
88.0,424.0,7.232910298468e-03,6.364961062652e-01,5.291432413040e-01,2.764267467
88.0,426.0,7.285046515327e-03,6.410840933488e-01,5.267210995738e-01,2.784192842
88.0,428.0,7.349128495696e-03,6.467233076212e-01,5.237591657704e-01,2.808683638
88.0,430.0,7.455097310597e-03,6.560485633325e-01,5.188976801465e-01,2.849182709
88.0,432.0,7.572896136960e-03,6.664148600525e-01,5.135464171374e-01,2.894202964
88.0,434.0,7.722470170618e-03,6.795773750144e-01,5.068311466150e-01,2.951367040
88.0,436.0,7.903766543389e-03,6.955314558182e-01,4.988092824342e-01,3.020654733
88.0,438.0,8.216734244034e-03,7.230726134750e-01,4.852589497705e-01,3.140264460
88.0,440.0,8.571324042880e-03,7.542765157734e-01,4.703507830350e-01,3.275781286
88.0,442.0,9.027488419921e-03,7.944189809530e-01,4.518436884592e-01,3.450117797
88.0,444.0,9.485181496220e-03,8.346959716674e-01,4.340064116224e-01,3.625038546
88.0,446.0,1.007435896844e-02,8.865435892227e-01,4.120776035566e-01,3.850209888
88.0,448.0,1.061497804633e-02,9.341180680770e-01,3.929322522611e-01,4.056823224
88.0,450.0,1.112699739305e-02,9.791757705884e-01,3.756205688172e-01,4.252506340
88.0,452.0,1.141037706817e-02,1.004113181999e+00,3.663693937551e-01,4.360808141
88.0,454.0,1.156507847319e-02,1.017726905641e+00,3.614155387933e-01,4.419931792
88.0,456.0,1.165106429946e-02,1.025293658352e+00,3.586911172960e-01,4.452793782
88.0,458.0,1.175829847849e-02,1.034730266107e+00,3.553222104432e-01,4.493776448
88.0,460.0,1.186674613428e-02,1.044273659817e+00,3.519473600721e-01,4.535222881
88.0,462.0,1.205637353789e-02,1.060960871334e+00,3.461230707589e-01,4.607694519
88.0,464.0,1.222714806386e-02,1.075989029620e+00,3.409603685821e-01,4.672960982
88.0,466.0,1.241903814858e-02,1.092875357075e+00,3.352511397666e-01,4.746297370
88.0,468.0,1.257201325038e-02,1.106337166033e+00,3.307682942731e-01,4.804761263
88.0,470.0,1.283604381141e-02,1.129571855404e+00,3.231715909768e-01,4.905668237
88.0,472.0,1.314110122105e-02,1.156416907452e+00,3.146114456411e-01,5.022254817
88.0,474.0,1.344715778091e-02,1.183349884720e+00,3.062511124255e-01,5.139223251
88.0,476.0,1.378418667130e-02,1.213008427074e+00,2.973015227459e-01,5.268028664
88.0,478.0,1.413216191905e-02,1.243630248876e+00,2.883355857566e-01,5.401017546
88.0,480.0,1.446105836676e-02,1.272573136275e+00,2.801099326457e-01,5.526714909
88.0,482.0,1.482085164323e-02,1.304234944604e+00,2.713800764369e-01,5.664220395
88.0,484.0,1.518151813511e-02,1.335973595890e+00,2.629020904200e-01,5.802059607
88.0,486.0,1.556303495983e-02,1.369547076465e+00,2.542220766428e-01,5.947867380
88.0,488.0,1.607537993942e-02,1.414633434669e+00,2.430146778796e-01,6.143674946
88.0,490.0,1.672853157561e-02,1.472110778654e+00,2.294406752239e-01,6.393295879
88.0,492.0,1.754246902578e-02,1.543737274269e+00,2.135813957435e-01,6.704365797
88.0,494.0,1.853717207993e-02,1.631271143034e+00,1.956806778385e-01,7.084520559
88.0,496.0,1.976262113856e-02,1.739110660193e+00,1.756765673285e-01,7.552861631
88.0,498.0,2.124879719143e-02,1.869894152846e+00,1.541399762295e-01,8.120847123
88.0,500.0,2.268568179718e-02,1.996339998152e+00,1.358315181798e-01,8.669994452
88.0,502.0,2.434325706370e-02,2.142206621606e+00,1.173955095338e-01,9.303485149
88.0,504.0,2.613150562929e-02,2.299572495378e+00,1.003017140049e-01,9.986916455
88.0,506.0,2.854041064458e-02,2.511556136723e+00,8.114187309639e-02,10.907549712
88.0,508.0,3.153995575512e-02,2.775516106451e+00,6.231730602502e-02,12.053913295
88.0,510.0,3.480012508463e-02,3.062411007447e+00,4.677478480624e-02,13.299882019
88.0,512.0,3.746090321893e-02,3.296559483266e+00,3.701028310235e-02,14.316775928
88.0,514.0,3.912227519045e-02,3.442760216760e+00,3.197630188088e-02,14.951717647
88.0,516.0,3.992422646334e-02,3.513331928774e+00,2.979746581733e-02,15.258206698
88.0,518.0,4.046674291916e-02,3.561073376886e+00,2.840831551393e-02,15.465545172
88.0,520.0,4.082981084306e-02,3.593023354189e+00,2.751501690195e-02,15.604302161
88.0,522.0,4.125341691052e-02,3.630300688126e+00,2.650821250569e-02,15.766195565
88.0,524.0,4.177754817459e-02,3.676424239364e+00,2.531332759943e-02,15.966507603
88.0,526.0,4.246219205357e-02,3.736672900714e+00,2.383326701089e-02,16.228164215
88.0,528.0,4.317733631914e-02,3.799605596084e+00,2.237959671635e-02,16.501477438
88.0,530.0,4.395296908500e-02,3.867861279480e+00,2.090302738634e-02,16.797908104
88.0,532.0,4.480907879581e-02,3.943198934031e+00,1.938610059190e-02,17.125095381
88.0,534.0,4.584565421664e-02,4.034417571064e+00,1.769598376531e-02,17.521252888
88.0,536.0,4.687268442274e-02,4.124796229201e+00,1.616678857197e-02,17.913762413
88.0,538.0,4.789015878967e-02,4.214333973491e+00,1.478216380215e-02,18.302619896
88.0,540.0,4.895806698389e-02,4.308309894582e+00,1.345627290618e-02,18.710752135
88.0,542.0,5.021639895350e-02,4.419043107908e+00,1.204575325772e-02,19.191660371
88.0,544.0,5.177514491951e-02,4.556212752917e+00,1.050175647037e-02,19.787380570
88.0,546.0,5.359429536727e-02,4.716297992320e+00,8.948243773993e-03,20.482621931
88.0,548.0,5.558384103828e-02,4.891378011369e+00,7.511065007307e-03,21.242984792
88.0,550.0,5.760377292229e-02,5.069132017162e+00,6.287875540922e-03,22.014960631
90.0,350.0,9.889596205244e-03,8.900636584720e-01,4.106296118667e-01,3.865497354
90.0,352.0,9.716301458359e-03,8.744671312523e-01,4.170842116152e-01,3.797762497
90.0,354.0,9.530050616577e-03,8.577045554919e-01,4.241345430835e-01,3.724963556
90.0,356.0,9.330572014292e-03,8.397514812863e-01,4.318178249057e-01,3.646994345
90.0,358.0,9.137606428434e-03,8.223845785591e-01,4.393826618257e-01,3.571570845
90.0,360.0,9.010906417364e-03,8.109815775628e-01,4.444216177656e-01,3.522048241
90.0,362.0,8.910235699738e-03,8.019212129764e-01,4.484665361998e-01,3.482699577
90.0,364.0,8.775368570623e-03,7.897831713561e-01,4.539432125033e-01,3.429984732
90.0,366.0,8.606089352376e-03,7.745480417138e-01,4.609120469505e-01,3.363819405
90.0,368.0,8.442191877956e-03,7.597972690160e-01,4.677612470960e-01,3.299757613
90.0,370.0,8.293479004540e-03,7.464131104086e-01,4.740639217301e-01,3.241630951
90.0,372.0,8.159762155435e-03,7.343785939891e-01,4.798035191479e-01,3.189365710
90.0,374.0,8.020860888458e-03,7.218774799612e-01,4.858392457008e-01,3.135074062
90.0,376.0,7.906602489062e-03,7.115942240156e-01,4.908610309116e-01,3.090414448
90.0,378.0,7.796821586622e-03,7.017139427960e-01,4.957349139553e-01,3.047504932
90.0,380.0,7.711359792400e-03,6.940223813160e-01,4.995625910602e-01,3.014100905
90.0,382.0,7.610065357832e-03,6.849058822049e-01,5.041376756685e-01,2.974508453
90.0,384.0,7.512792851830e-03,6.761513566647e-01,5.085705373143e-01,2.936488031
90.0,386.0,7.419402855952e-03,6.677462570357e-01,5.128631379457e-01,2.899985147
90.0,388.0,7.359761676293e-03,6.623785508664e-01,5.156234381881e-01,2.876673496
90.0,390.0,7.313741071094e-03,6.582366963985e-01,5.177635042911e-01,2.858685650
90.0,392.0,7.241217993107e-03,6.517096193796e-01,5.211540396667e-01,2.830338915
90.0,394.0,7.222074345802e-03,6.499866911222e-01,5.220527246507e-01,2.822856333
90.0,396.0,7.216196752604e-03,6.494577077344e-01,5.223289549238e-01,2.820558987
90.0,398.0,7.223476338366e-03,6.501128704529e-01,5.219868565430e-01,2.823404323
90.0,400.0,7.253808522356e-03,6.528427670120e-01,5.205638296612e-01,2.835260113
90.0,402.0,7.297092822081e-03,6.567383539873e-01,5.185398727962e-01,2.852178432
90.0,404.0,7.303232667298e-03,6.572909400568e-01,5.182534140398e-01,2.854578283
90.0,406.0,7.292135223641e-03,6.562921701277e-01,5.187712885411e-01,2.850240680
90.0,408.0,7.213711225286e-03,6.492340102757e-01,5.224458116534e-01,2.819587481
90.0,410.0,7.187874816150e-03,6.469087334535e-01,5.236620562948e-01,2.809488932
90.0,412.0,7.144543399123e-03,6.430089059211e-01,5.257082352789e-01,2.792552197
90.0,414.0,7.143637492892e-03,6.429273743603e-01,5.257510988392e-01,2.792198109
90.0,416.0,7.135080595916e-03,6.421572536324e-01,5.261561466059e-01,2.788853518
90.0,418.0,7.168799057154e-03,6.451919151439e-01,5.245618610808e-01,2.802032885
90.0,420.0,7.204721953181e-03,6.484249757863e-01,5.228686593600e-01,2.816073889
90.0,422.0,7.222780971318e-03,6.500502874186e-01,5.220195250866e-01,2.823132528
90.0,424.0,7.232910298468e-03,6.509619268621e-01,5.215438483530e-01,2.827091728
90.0,426.0,7.285046515327e-03,6.556541863794e-01,5.191023617907e-01,2.847469952
90.0,428.0,7.349128495696e-03,6.614215646126e-01,5.161171189157e-01,2.872517357
90.0,430.0,7.455097310597e-03,6.709587579537e-01,5.112182082280e-01,2.913936862
90.0,432.0,7.572896136960e-03,6.815606523264e-01,5.058269560242e-01,2.959980304
90.0,434.0,7.722470170618e-03,6.950223153556e-01,4.990633110856e-01,3.018443564
90.0,436.0,7.903766543389e-03,7.113389889050e-01,4.909863318710e-01,3.089305976
90.0,438.0,8.216734244034e-03,7.395060819631e-01,4.773496288963e-01,3.211634107
90.0,440.0,8.571324042880e-03,7.714191638592e-01,4.623564429380e-01,3.350230861
90.0,442.0,9.027488419921e-03,8.124739577929e-01,4.437588663909e-01,3.528529566
90.0,444.0,9.485181496220e-03,8.536663346598e-01,4.258507549200e-01,3.707425785
90.0,446.0,1.007435896844e-02,9.066923071596e-01,4.038578549323e-01,3.937714658
90.0,448.0,1.061497804633e-02,9.553480241697e-01,3.846782439276e-01,4.149023752
90.0,450.0,1.112699739305e-02,1.001429765374e+00,3.673538357202e-01,4.349154211
90.0,452.0,1.141037706817e-02,1.026933936135e+00,3.581032464929e-01,4.459917417
90.0,454.0,1.156507847319e-02,1.040857062587e+00,3.531518789537e-01,4.520384787
90.0,456.0,1.165106429946e-02,1.048595786951e+00,3.504294814323e-01,4.553993640
90.0,458.0,1.175829847849e-02,1.058246863064e+00,3.470637275332e-01,4.595907731
90.0,460.0,1.186674613428e-02,1.068007152085e+00,3.436927627994e-01,4.638296128
90.0,462.0,1.205637353789e-02,1.085073618410e+00,3.378769110181e-01,4.712414849
90.0,464.0,1.222714806386e-02,1.100443325747e+00,3.327235460821e-01,4.779164640
90.0,466.0,1.241903814858e-02,1.117713433372e+00,3.270267087217e-01,4.854167765
90.0,468.0,1.257201325038e-02,1.131481192534e+00,3.225551361560e-01,4.913960383
90.0,470.0,1.283604381141e-02,1.155243943027e+00,3.149806901877e-01,5.017160697
90.0,472.0,1.314110122105e-02,1.182699109895e+00,3.064504778037e-01,5.136396972
90.0,474.0,1.344715778091e-02,1.210244200282e+00,2.981244684608e-01,5.256023779
90.0,476.0,1.378418667130e-02,1.240576800417e+00,2.892173491311e-01,5.387756588
90.0,478.0,1.413216191905e-02,1.271894572714e+00,2.803000695416e-01,5.523767945
90.0,480.0,1.446105836676e-02,1.301495253008e+00,2.721245935596e-01,5.652322066
90.0,482.0,1.482085164323e-02,1.333876647891e+00,2.634539608520e-01,5.792952677
90.0,484.0,1.518151813511e-02,1.366336632160e+00,2.550395539916e-01,5.933924598
90.0,486.0,1.556303495983e-02,1.400673146385e+00,2.464310239441e-01,6.083046184
90.0,488.0,1.607537993942e-02,1.446784194548e+00,2.353258346995e-01,6.283303922
90.0,490.0,1.672853157561e-02,1.505567841805e+00,2.218912589184e-01,6.538598058
90.0,492.0,1.754246902578e-02,1.578822212320e+00,2.062178360567e-01,6.856737747
90.0,494.0,1.853717207993e-02,1.668345487194e+00,1.885587806167e-01,7.245532390
90.0,496.0,1.976262113856e-02,1.778635902470e+00,1.688683431178e-01,7.724517578
90.0,498.0,2.124879719143e-02,1.912391747229e+00,1.477266389473e-01,8.305411831
90.0,500.0,2.268568179718e-02,2.041711361746e+00,1.298063750195e-01,8.867039780
90.0,502.0,2.434325706370e-02,2.190893135733e+00,1.118168363942e-01,9.514927993
90.0,504.0,2.613150562929e-02,2.351835506636e+00,9.519427204056e-02,10.213891829
90.0,506.0,2.854041064458e-02,2.568636958012e+00,7.663993771526e-02,11.155448569
90.0,508.0,3.153995575512e-02,2.838596017961e+00,5.850775216043e-02,12.327865870
90.0,510.0,3.480012508463e-02,3.132011257617e+00,4.362995786347e-02,13.602152064
90.0,512.0,3.746090321893e-02,3.371481289704e+00,3.433873403834e-02,14.642157200
90.0,514.0,3.912227519045e-02,3.521004767141e+00,2.956970956421e-02,15.291529411
90.0,516.0,3.992422646334e-02,3.593180381701e+00,2.751069662653e-02,15.604984123
90.0,518.0,4.046674291916e-02,3.642006862724e+00,2.619971194544e-02,15.817034835
90.0,520.0,4.082981084306e-02,3.674682975875e+00,2.535744316982e-02,15.958945392
90.0,522.0,4.125341691052e-02,3.712807521947e+00,2.440889846576e-02,16.124518192
90.0,524.0,4.177754817459e-02,3.759979335713e+00,2.328422152176e-02,16.329382776
90.0,526.0,4.246219205357e-02,3.821597284821e+00,2.189280390825e-02,16.596986129
90.0,528.0,4.317733631914e-02,3.885960268723e+00,2.052810679486e-02,16.876511016
90.0,530.0,4.395296908500e-02,3.955767217650e+00,1.914397531816e-02,17.179678743
90.0,532.0,4.480907879581e-02,4.032817091623e+00,1.772432850005e-02,17.514302094
90.0,534.0,4.584565421664e-02,4.126108879498e+00,1.614558115416e-02,17.919463181
90.0,536.0,4.687268442274e-02,4.218541598047e+00,1.472009667590e-02,18.320893377
90.0,538.0,4.789015878967e-02,4.310114291070e+00,1.343201434722e-02,18.718588530
90.0,540.0,4.895806698389e-02,4.406226028550e+00,1.220113829715e-02,19.135996502
90.0,542.0,5.021639895350e-02,4.519475905815e+00,1.089473203827e-02,19.627834470
90.0,544.0,5.177514491951e-02,4.659763042756e+00,9.468705814338e-03,20.237093764
90.0,546.0,5.359429536727e-02,4.823486583054e+00,8.038710589810e-03,20.948136066
90.0,548.0,5.558384103828e-02,5.002545693445e+00,6.720816065879e-03,21.725779901
90.0,550.0,5.760377292229e-02,5.184339563006e+00,5.603636242163e-03,22.515300645
92.0,350.0,9.889596205244e-03,9.098428508824e-01,4.025874853308e-01,3.951397295
92.0,352.0,9.716301458359e-03,8.938997341690e-01,4.090574230377e-01,3.882157219
92.0,354.0,9.530050616577e-03,8.767646567251e-01,4.161270499874e-01,3.807740523
92.0,356.0,9.330572014292e-03,8.584126253149e-01,4.238343325102e-01,3.728038664
92.0,358.0,9.137606428434e-03,8.406597914159e-01,4.314257784780e-01,3.650939086
92.0,360.0,9.010906417364e-03,8.290033903975e-01,4.364840738482e-01,3.600315979
92.0,362.0,8.910235699738e-03,8.197416843759e-01,4.405454395793e-01,3.560092901
92.0,364.0,8.775368570623e-03,8.073339084973e-01,4.460456809745e-01,3.506206615
92.0,366.0,8.606089352376e-03,7.917602204186e-01,4.530466310854e-01,3.438570947
92.0,368.0,8.442191877956e-03,7.766816527720e-01,4.599296882686e-01,3.373085560
92.0,370.0,8.293479004540e-03,7.630000684177e-01,4.662654982241e-01,3.313667194
92.0,372.0,8.159762155435e-03,7.506981183000e-01,4.720369000879e-01,3.260240504
92.0,374.0,8.020860888458e-03,7.379192017381e-01,4.781077269291e-01,3.204742374
92.0,376.0,7.906602489062e-03,7.274074289937e-01,4.831599943235e-01,3.159090325
92.0,378.0,7.796821586622e-03,7.173075859692e-01,4.880645604041e-01,3.115227264
92.0,380.0,7.711359792400e-03,7.094451009008e-01,4.919170860891e-01,3.081080925
92.0,382.0,7.610065357832e-03,7.001260129205e-01,4.965227315695e-01,3.040608640
92.0,384.0,7.512792851830e-03,6.911769423684e-01,5.009860901931e-01,3.001743321
92.0,386.0,7.419402855952e-03,6.825850627476e-01,5.053090469402e-01,2.964429262
92.0,388.0,7.359761676293e-03,6.770980742190e-01,5.080892924965e-01,2.940599573
92.0,390.0,7.313741071094e-03,6.728641785406e-01,5.102450499620e-01,2.922211998
92.0,392.0,7.241217993107e-03,6.661920553658e-01,5.136608504336e-01,2.893235335
92.0,394.0,7.222074345802e-03,6.644308398138e-01,5.145663150370e-01,2.885586473
92.0,396.0,7.216196752604e-03,6.638901012396e-01,5.148446361352e-01,2.883238076
92.0,398.0,7.223476338366e-03,6.645598231297e-01,5.144999488476e-01,2.886146641
92.0,400.0,7.253808522356e-03,6.673503840568e-01,5.130662067960e-01,2.898265893
92.0,402.0,7.297092822081e-03,6.713325396315e-01,5.110271599359e-01,2.915560175
92.0,404.0,7.303232667298e-03,6.718974053914e-01,5.107385797030e-01,2.918013356
92.0,406.0,7.292135223641e-03,6.708764405750e-01,5.112602921030e-01,2.913579362
92.0,408.0,7.213711225286e-03,6.636614327263e-01,5.149623783542e-01,2.882244981
92.0,410.0,7.187874816150e-03,6.612844830858e-01,5.161878738879e-01,2.871922020
92.0,412.0,7.144543399123e-03,6.572979927193e-01,5.182497589863e-01,2.854608912
92.0,414.0,7.143637492892e-03,6.572146493461e-01,5.182929534694e-01,2.854246956
92.0,416.0,7.135080595916e-03,6.564274148243e-01,5.187011322199e-01,2.850828040
92.0,418.0,7.168799057154e-03,6.595295132582e-01,5.170945634056e-01,2.864300283
92.0,420.0,7.204721953181e-03,6.628344196927e-01,5.153884351059e-01,2.878653309
92.0,422.0,7.222780971318e-03,6.644958493613e-01,5.145328644010e-01,2.885868806
92.0,424.0,7.232910298468e-03,6.654277474591e-01,5.140535955530e-01,2.889915988
92.0,426.0,7.285046515327e-03,6.702242794101e-01,5.115938249574e-01,2.910747062
92.0,428.0,7.349128495696e-03,6.761198216040e-01,5.085865753700e-01,2.936351076
92.0,430.0,7.455097310597e-03,6.858689525749e-01,5.036523893306e-01,2.978691014
92.0,432.0,7.572896136960e-03,6.967064446003e-01,4.982235313158e-01,3.025757644
92.0,434.0,7.722470170618e-03,7.104672556969e-01,4.914145275703e-01,3.085520087
92.0,436.0,7.903766543389e-03,7.271465219918e-01,4.832860705955e-01,3.157957220
92.0,438.0,8.216734244034e-03,7.559395504511e-01,4.695692234326e-01,3.283003754
92.0,440.0,8.571324042880e-03,7.885618119450e-01,4.544979790337e-01,3.424680436
92.0,442.0,9.027488419921e-03,8.305289346327e-01,4.358187057388e-01,3.606941334
92.0,444.0,9.485181496220e-03,8.726366976522e-01,4.178483557144e-01,3.789813025
92.0,446.0,1.007435896844e-02,9.268410250965e-01,3.958020663653e-01,4.025219428
92.0,448.0,1.061497804633e-02,9.765779802624e-01,3.765976208358e-01,4.241224280
92.0,450.0,1.112699739305e-02,1.023683760161e+00,3.592690385495e-01,4.445802083
92.0,452.0,1.141037706817e-02,1.049754690272e+00,3.500236027753e-01,4.559026693
92.0,454.0,1.156507847319e-02,1.063987219533e+00,3.450771652624e-01,4.620837783
92.0,456.0,1.165106429946e-02,1.071897915550e+00,3.423581336016e-01,4.655193499
92.0,458.0,1.175829847849e-02,1.081763460021e+00,3.389971902375e-01,4.698039014
92.0,460.0,1.186674613428e-02,1.091740644354e+00,3.356317694115e-01,4.741369375
92.0,462.0,1.205637353789e-02,1.109186365486e+00,3.298272107341e-01,4.817135179
92.0,464.0,1.222714806386e-02,1.124897621875e+00,3.246857063706e-01,4.885368299
92.0,466.0,1.241903814858e-02,1.142551509669e+00,3.190040406480e-01,4.962038159
92.0,468.0,1.257201325038e-02,1.156625219035e+00,3.145459152586e-01,5.023159503
92.0,470.0,1.283604381141e-02,1.180916030650e+00,3.069973907399e-01,5.128653157
92.0,472.0,1.314110122105e-02,1.208981312337e+00,2.985012040956e-01,5.250539127
92.0,474.0,1.344715778091e-02,1.237138515844e+00,2.902134721769e-01,5.372824308
92.0,476.0,1.378418667130e-02,1.268145173760e+00,2.813529990222e-01,5.507484512
92.0,478.0,1.413216191905e-02,1.300158896553e+00,2.724884921119e-01,5.646518344
92.0,480.0,1.446105836676e-02,1.330417369742e+00,2.643668995260e-01,5.777929223
92.0,482.0,1.482085164323e-02,1.363518351177e+00,2.557593409210e-01,5.921684959
92.0,484.0,1.518151813511e-02,1.396699668430e+00,2.474121601557e-01,6.065789589
92.0,486.0,1.556303495983e-02,1.431799216304e+00,2.388787408398e-01,6.218224988
92.0,488.0,1.607537993942e-02,1.478934954427e+00,2.278802620492e-01,6.422932898
92.0,490.0,1.672853157561e-02,1.539024904956e+00,2.145902453275e-01,6.683900237
92.0,492.0,1.754246902578e-02,1.613907150372e+00,1.991081468489e-01,7.009109697
92.0,494.0,1.853717207993e-02,1.705419831354e+00,1.816960884456e-01,7.406544221
92.0,496.0,1.976262113856e-02,1.818161144748e+00,1.623239669410e-01,7.896173524
92.0,498.0,2.124879719143e-02,1.954889341612e+00,1.415801428578e-01,8.489976538
92.0,500.0,2.268568179718e-02,2.087082725341e+00,1.240484919958e-01,9.064085109
92.0,502.0,2.434325706370e-02,2.239579649860e+00,1.065032636331e-01,9.726370837
92.0,504.0,2.613150562929e-02,2.404098517895e+00,9.034690502786e-02,10.440867203
92.0,506.0,2.854041064458e-02,2.625717779301e+00,7.238777993233e-02,11.403347426
92.0,508.0,3.153995575512e-02,2.901675929471e+00,5.493108225012e-02,12.601818444
92.0,510.0,3.480012508463e-02,3.201611507786e+00,4.069656826971e-02,13.904422110
92.0,512.0,3.746090321893e-02,3.446403096142e+00,3.186002798452e-02,14.967538471
92.0,514.0,3.912227519045e-02,3.599249317521e+00,2.734424158770e-02,15.631341176
92.0,516.0,3.992422646334e-02,3.673028834627e+00,2.539942267295e-02,15.951761548
92.0,518.0,4.046674291916e-02,3.722940348563e+00,2.416281618976e-02,16.168524498
92.0,520.0,4.082981084306e-02,3.756342597562e+00,2.336905430230e-02,16.313588623
92.0,522.0,4.125341691052e-02,3.795314355768e+00,2.247583929637e-02,16.482840818
92.0,524.0,4.177754817459e-02,3.843534432062e+00,2.141776776463e-02,16.692257948
92.0,526.0,4.246219205357e-02,3.906521668928e+00,2.011032993278e-02,16.965808043
92.0,528.0,4.317733631914e-02,3.972314941361e+00,1.882979277609e-02,17.251544594
92.0,530.0,4.395296908500e-02,4.043673155820e+00,1.753295272538e-02,17.561449382
92.0,532.0,4.480907879581e-02,4.122435249215e+00,1.620500313039e-02,17.903508807
92.0,534.0,4.584565421664e-02,4.217800187931e+00,1.473101435122e-02,18.317673474
92.0,536.0,4.687268442274e-02,4.312286966892e+00,1.340286261451e-02,18.728024341
92.0,538.0,4.789015878967e-02,4.405894608650e+00,1.220518266735e-02,19.134557164
92.0,540.0,4.895806698389e-02,4.504142162518e+00,1.106307643908e-02,19.561240869
92.0,542.0,5.021639895350e-02,4.619908703722e+00,9.853695625858e-03,20.064008569
92.0,544.0,5.177514491951e-02,4.763313332595e+00,8.537275650171e-03,20.686806959
92.0,546.0,5.359429536727e-02,4.930675173789e+00,7.221625782541e-03,21.413650200
92.0,548.0,5.558384103828e-02,5.113713375522e+00,6.013710245809e-03,22.208575010
92.0,550.0,5.760377292229e-02,5.299547108851e+00,4.993855067603e-03,23.015640660
94.0,350.0,9.889596205244e-03,9.296220432929e-01,3.947028627775e-01,4.037297237
94.0,352.0,9.716301458359e-03,9.133323370857e-01,4.011851100627e-01,3.966551941
94.0,354.0,9.530050616577e-03,8.958247579582e-01,4.082707352066e-01,3.890517491
94.0,356.0,9.330572014292e-03,8.770737693434e-01,4.159984397439e-01,3.809082982
94.0,358.0,9.137606428434e-03,8.589350042728e-01,4.236129881911e-01,3.730307327
94.0,360.0,9.010906417364e-03,8.470252032322e-01,4.286882975697e-01,3.678583718
94.0,362.0,8.910235699738e-03,8.375621557754e-01,4.327642503245e-01,3.637486225
94.0,364.0,8.775368570623e-03,8.248846456386e-01,4.382855476985e-01,3.582428498
94.0,366.0,8.606089352376e-03,8.089723991233e-01,4.453154377192e-01,3.513322490
94.0,368.0,8.442191877956e-03,7.935660365279e-01,4.522292504224e-01,3.446413507
94.0,370.0,8.293479004540e-03,7.795870264268e-01,4.585953599690e-01,3.385703437
94.0,372.0,8.159762155435e-03,7.670176426109e-01,4.643959999299e-01,3.331115297
94.0,374.0,8.020860888458e-03,7.539609235151e-01,4.704992455264e-01,3.274410687
94.0,376.0,7.906602489062e-03,7.432206339718e-01,4.755797780100e-01,3.227766202
94.0,378.0,7.796821586622e-03,7.329012291425e-01,4.805128878696e-01,3.182949596
94.0,380.0,7.711359792400e-03,7.248678204856e-01,4.843885909728e-01,3.148060945
94.0,382.0,7.610065357832e-03,7.153461436362e-01,4.890228103629e-01,3.106708828
94.0,384.0,7.512792851830e-03,7.062025280720e-01,4.935147519405e-01,3.066998610
94.0,386.0,7.419402855952e-03,6.974238684595e-01,4.978662220536e-01,3.028873376
94.0,388.0,7.359761676293e-03,6.918175975715e-01,5.006652336379e-01,3.004525651
94.0,390.0,7.313741071094e-03,6.874916606828e-01,5.028357712604e-01,2.985738346
94.0,392.0,7.241217993107e-03,6.806744913521e-01,5.062753987993e-01,2.956131756
94.0,394.0,7.222074345802e-03,6.788749885054e-01,5.071872630257e-01,2.948316614
94.0,396.0,7.216196752604e-03,6.783224947448e-01,5.074675582476e-01,2.945917164
94.0,398.0,7.223476338366e-03,6.790067758064e-01,5.071204265894e-01,2.948888959
94.0,400.0,7.253808522356e-03,6.818580011015e-01,5.056765713579e-01,2.961271673
94.0,402.0,7.297092822081e-03,6.859267252756e-01,5.036232928124e-01,2.978941918
94.0,404.0,7.303232667298e-03,6.865038707260e-01,5.033327127817e-01,2.981448429
94.0,406.0,7.292135223641e-03,6.854607110223e-01,5.038580431394e-01,2.976918044
94.0,408.0,7.213711225286e-03,6.780888551769e-01,5.075861366004e-01,2.944902480
94.0,410.0,7.187874816150e-03,6.756602327181e-01,5.088203698281e-01,2.934355107
94.0,412.0,7.144543399123e-03,6.715870795176e-01,5.108970996942e-01,2.916665628
94.0,414.0,7.143637492892e-03,6.715019243318e-01,5.109406070841e-01,2.916295803
94.0,416.0,7.135080595916e-03,6.706975760161e-01,5.113517466283e-01,2.912802563
94.0,418.0,7.168799057154e-03,6.738671113725e-01,5.097335649845e-01,2.926567680
94.0,420.0,7.204721953181e-03,6.772438635990e-01,5.080152238729e-01,2.941232729
94.0,422.0,7.222780971318e-03,6.789414113039e-01,5.071535753472e-01,2.948605085
94.0,424.0,7.232910298468e-03,6.798935680560e-01,5.066709154665e-01,2.952740249
94.0,426.0,7.285046515327e-03,6.847943724407e-01,5.041938950763e-01,2.974024172
94.0,428.0,7.349128495696e-03,6.908180785954e-01,5.011659082148e-01,3.000184795
94.0,430.0,7.455097310597e-03,7.007791471961e-01,4.961985414363e-01,3.043445167
94.0,432.0,7.572896136960e-03,7.118522368742e-01,4.907343987909e-01,3.091534984
94.0,434.0,7.722470170618e-03,7.259121960381e-01,4.838829714448e-01,3.152596611
94.0,436.0,7.903766543389e-03,7.429540550786e-01,4.757065744408e-01,3.226608464
94.0,438.0,8.216734244034e-03,7.723730189392e-01,4.619156321644e-01,3.354373401
94.0,440.0,8.571324042880e-03,8.057044600307e-01,4.467730818956e-01,3.499130010
94.0,442.0,9.027488419921e-03,8.485839114726e-01,4.280206180817e-01,3.685353102
94.0,444.0,9.485181496220e-03,8.916070606447e-01,4.099963340584e-01,3.872200265
94.0,446.0,1.007435896844e-02,9.469897430334e-01,3.879069673295e-01,4.112724198
94.0,448.0,1.061497804633e-02,9.978079363550e-01,3.686867408230e-01,4.333424808
94.0,450.0,1.112699739305e-02,1.045937754947e+00,3.513621732225e-01,4.542449954
94.0,452.0,1.141037706817e-02,1.072575444408e+00,3.421262546477e-01,4.658135969
94.0,454.0,1.156507847319e-02,1.087117376480e+00,3.371870775211e-01,4.721290778
94.0,456.0,1.165106429946e-02,1.095200044149e+00,3.344726909508e-01,4.756393358
94.0,458.0,1.175829847849e-02,1.105280056978e+00,3.311181373107e-01,4.800170297
94.0,460.0,1.186674613428e-02,1.115474136622e+00,3.277598391096e-01,4.844442622
94.0,462.0,1.205637353789e-02,1.133299112562e+00,3.219692893867e-01,4.921855509
94.0,464.0,1.222714806386e-02,1.149351918003e+00,3.168420424786e-01,4.991571958
94.0,466.0,1.241903814858e-02,1.167389585967e+00,3.111781858660e-01,5.069908554
94.0,468.0,1.257201325038e-02,1.181769245536e+00,3.067355677077e-01,5.132358622
94.0,470.0,1.283604381141e-02,1.206588118273e+00,2.992164309022e-01,5.240145617
94.0,472.0,1.314110122105e-02,1.235263514779e+00,2.907581332067e-01,5.364681282
94.0,474.0,1.344715778091e-02,1.264032831406e+00,2.825124011719e-01,5.489624836
94.0,476.0,1.378418667130e-02,1.295713547102e+00,2.737024950149e-01,5.627212436
94.0,478.0,1.413216191905e-02,1.328423220391e+00,2.648946126016e-01,5.769268742
94.0,480.0,1.446105836676e-02,1.359339486475e+00,2.568303608680e-01,5.903536380
94.0,482.0,1.482085164323e-02,1.393160054464e+00,2.482894554206e-01,6.050417241
94.0,484.0,1.518151813511e-02,1.427062704700e+00,2.400128765710e-01,6.197654580
94.0,486.0,1.556303495983e-02,1.462925286224e+00,2.315579098440e-01,6.353403792
94.0,488.0,1.607537993942e-02,1.511085714305e+00,2.206702629906e-01,6.562561874
94.0,490.0,1.672853157561e-02,1.572481968107e+00,2.075294611161e-01,6.829202416
94.0,492.0,1.754246902578e-02,1.648992088423e+00,1.922435755301e-01,7.161481647
94.0,494.0,1.853717207993e-02,1.742494175513e+00,1.750831674265e-01,7.567556052
94.0,496.0,1.976262113856e-02,1.857686387025e+00,1.560332135496e-01,8.067829470
94.0,498.0,2.124879719143e-02,1.997386935994e+00,1.356893854383e-01,8.674541245
94.0,500.0,2.268568179718e-02,2.132454088935e+00,1.185460141239e-01,9.261130437
94.0,502.0,2.434325706370e-02,2.288266163988e+00,1.014421935933e-01,9.937813681
94.0,504.0,2.613150562929e-02,2.456361529153e+00,8.574636974622e-02,10.667842577
94.0,506.0,2.854041064458e-02,2.682798600591e+00,6.837154151925e-02,11.651246283
94.0,508.0,3.153995575512e-02,2.964755840981e+00,5.157305973567e-02,12.875771019
94.0,510.0,3.480012508463e-02,3.271211757955e+00,3.796040037706e-02,14.206692156
94.0,512.0,3.746090321893e-02,3.521324902579e+00,2.956024476735e-02,15.292919742
94.0,514.0,3.912227519045e-02,3.677493867902e+00,2.528626621722e-02,15.971152941
94.0,516.0,3.992422646334e-02,3.752877287554e+00,2.345017579443e-02,16.298538972
94.0,518.0,4.046674291916e-02,3.803873834401e+00,2.228427882857e-02,16.520014161
94.0,520.0,4.082981084306e-02,3.838002219248e+00,2.153658376859e-02,16.668231854
94.0,522.0,4.125341691052e-02,3.877821189589e+00,2.069586846719e-02,16.841163444
94.0,524.0,4.177754817459e-02,3.927089528411e+00,1.970092818395e-02,17.055133121
94.0,526.0,4.246219205357e-02,3.991446053036e+00,1.847298188483e-02,17.334629956
94.0,528.0,4.317733631914e-02,4.058669613999e+00,1.727198224043e-02,17.626578172
94.0,530.0,4.395296908500e-02,4.131579093990e+00,1.605750248638e-02,17.943220021
94.0,532.0,4.480907879581e-02,4.212053406806e+00,1.481591398259e-02,18.292715521
94.0,534.0,4.584565421664e-02,4.309491496364e+00,1.344038234015e-02,18.715883767
94.0,536.0,4.687268442274e-02,4.406032335738e+00,1.220350179883e-02,19.135155305
94.0,538.0,4.789015878967e-02,4.501674926229e+00,1.109040536233e-02,19.550525798
94.0,540.0,4.895806698389e-02,4.602058296486e+00,1.003116736457e-02,19.986485236
94.0,542.0,5.021639895350e-02,4.720341501629e+00,8.912134520242e-03,20.500182669
94.0,544.0,5.177514491951e-02,4.866863622434e+00,7.697469639054e-03,21.136520154
94.0,546.0,5.359429536727e-02,5.037863764523e+00,6.487592551119e-03,21.879164335
94.0,548.0,5.558384103828e-02,5.224881057598e+00,5.380999950907e-03,22.691370119
94.0,550.0,5.760377292229e-02,5.414754654695e+00,4.450429570816e-03,23.515980674
96.0,350.0,9.889596205244e-03,9.494012357034e-01,3.869726595121e-01,4.123197178
96.0,352.0,9.716301458359e-03,9.327649400025e-01,3.934642998061e-01,4.050946664
96.0,354.0,9.530050616577e-03,9.148848591914e-01,4.005627445540e-01,3.973294459
96.0,356.0,9.330572014292e-03,8.957349133720e-01,4.083074177697e-01,3.890127301
96.0,358.0,9.137606428434e-03,8.772102171297e-01,4.159416815501e-01,3.809675568
96.0,360.0,9.010906417364e-03,8.650470160669e-01,4.210317569047e-01,3.756851457
96.0,362.0,8.910235699738e-03,8.553826271748e-01,4.251204973039e-01,3.714879549
96.0,364.0,8.775368570623e-03,8.424353827798e-01,4.306604222726e-01,3.658650381
96.0,366.0,8.606089352376e-03,8.261845778281e-01,4.377161763591e-01,3.588074032
96.0,368.0,8.442191877956e-03,8.104504202838e-01,4.446577382458e-01,3.519741454
96.0,370.0,8.293479004540e-03,7.961739844358e-01,4.510513966531e-01,3.457739681
96.0,372.0,8.159762155435e-03,7.833371669218e-01,4.568787836517e-01,3.401990091
96.0,374.0,8.020860888458e-03,7.700026452920e-01,4.630118435081e-01,3.344078999
96.0,376.0,7.906602489062e-03,7.590338389500e-01,4.681184864420e-01,3.296442078
96.0,378.0,7.796821586622e-03,7.484948723157e-01,4.730780600370e-01,3.250671928
96.0,380.0,7.711359792400e-03,7.402905400704e-01,4.769753149459e-01,3.215040966
96.0,382.0,7.610065357832e-03,7.305662743519e-01,4.816361746407e-01,3.172809016
96.0,384.0,7.512792851830e-03,7.212281137757e-01,4.861548357342e-01,3.132253900
96.0,386.0,7.419402855952e-03,7.122626741714e-01,4.905330244192e-01,3.093317491
96.0,388.0,7.359761676293e-03,7.065371209241e-01,4.933496530541e-01,3.068451729
96.0,390.0,7.313741071094e-03,7.021191428250e-01,4.955340828449e-01,3.049264694
96.0,392.0,7.241217993107e-03,6.951569273383e-01,4.989961357052e-01,3.019028176
96.0,394.0,7.222074345802e-03,6.933191371970e-01,4.999140290733e-01,3.011046755
96.0,396.0,7.216196752604e-03,6.927548882500e-01,5.001961846333e-01,3.008596253
96.0,398.0,7.223476338366e-03,6.934537284831e-01,4.998467495289e-01,3.011631277
96.0,400.0,7.253808522356e-03,6.963656181462e-01,4.983933680161e-01,3.024277453
96.0,402.0,7.297092822081e-03,7.005209109198e-01,4.963266944461e-01,3.042323661
96.0,404.0,7.303232667298e-03,7.011103360606e-01,4.960342332148e-01,3.044883502
96.0,406.0,7.292135223641e-03,7.000449814695e-01,4.965629671571e-01,3.040256725
96.0,408.0,7.213711225286e-03,6.925162776275e-01,5.003155509968e-01,3.007559980
96.0,410.0,7.187874816150e-03,6.900359823504e-01,5.015580215049e-01,2.996788194
96.0,412.0,7.144543399123e-03,6.858761663158e-01,5.036487561259e-01,2.978722343
96.0,414.0,7.143637492892e-03,6.857891993176e-01,5.036925588510e-01,2.978344650
96.0,416.0,7.135080595916e-03,6.849677372079e-01,5.041064931954e-01,2.974777086
96.0,418.0,7.168799057154e-03,6.882047094868e-01,5.024773526153e-01,2.988835077
96.0,420.0,7.204721953181e-03,6.916533075054e-01,5.007474947194e-01,3.003812148
96.0,422.0,7.222780971318e-03,6.933869732465e-01,4.998801180307e-01,3.011341363
96.0,424.0,7.232910298468e-03,6.943593886529e-01,4.993942631672e-01,3.015564509
96.0,426.0,7.285046515327e-03,6.993644654714e-01,4.969010012060e-01,3.037301282
96.0,428.0,7.349128495696e-03,7.055163355868e-01,4.938535142694e-01,3.064018514
96.0,430.0,7.455097310597e-03,7.156893418173e-01,4.888550074204e-01,3.108199319
96.0,432.0,7.572896136960e-03,7.269980291482e-01,4.833578404469e-01,3.157312324
96.0,434.0,7.722470170618e-03,7.413571363793e-01,4.764668460493e-01,3.219673134
96.0,436.0,7.903766543389e-03,7.587615881653e-01,4.682459494174e-01,3.295259708
96.0,438.0,8.216734244034e-03,7.888064874273e-01,4.543867881249e-01,3.425743048
96.0,440.0,8.571324042880e-03,8.228471081165e-01,4.391794813497e-01,3.573579585
96.0,442.0,9.027488419921e-03,8.666388883124e-01,4.203620613128e-01,3.763764870
96.0,444.0,9.485181496220e-03,9.105774236371e-01,4.022918641237e-01,3.954587504
96.0,446.0,1.007435896844e-02,9.671384609702e-01,3.801693525368e-01,4.200228968
96.0,448.0,1.061497804633e-02,1.019037892448e+00,3.609420382344e-01,4.425625335
96.0,450.0,1.112699739305e-02,1.068191749733e+00,3.436293237795e-01,4.639097825
96.0,452.0,1.141037706817e-02,1.095396198544e+00,3.344070890967e-01,4.757245245
96.0,454.0,1.156507847319e-02,1.110247533426e+00,3.294773943121e-01,4.821743773
96.0,456.0,1.165106429946e-02,1.118502172748e+00,3.267688715761e-01,4.857593216
96.0,458.0,1.175829847849e-02,1.128796653935e+00,3.234222111969e-01,4.902301580
96.0,460.0,1.186674613428e-02,1.139207628891e+00,3.200725375954e-01,4.947515870
96.0,462.0,1.205637353789e-02,1.157411859637e+00,3.142985779658e-01,5.026575839
96.0,464.0,1.222714806386e-02,1.173806214131e+00,3.091878635626e-01,5.097775616
96.0,466.0,1.241903814858e-02,1.192227662264e+00,3.035443161226e-01,5.177778949
96.0,468.0,1.257201325038e-02,1.206913272036e+00,2.991191553691e-01,5.241557742
96.0,470.0,1.283604381141e-02,1.232260205895e+00,2.916326823043e-01,5.351638077
96.0,472.0,1.314110122105e-02,1.261545717221e+00,2.832159162708e-01,5.478823437
96.0,474.0,1.344715778091e-02,1.290927146967e+00,2.750156848930e-01,5.606425365
96.0,476.0,1.378418667130e-02,1.323281920445e+00,2.662600222416e-01,5.746940361
96.0,478.0,1.413216191905e-02,1.356687544229e+00,2.575123640691e-01,5.892019141
96.0,480.0,1.446105836676e-02,1.388261603209e+00,2.495086729158e-01,6.029143537
96.0,482.0,1.482085164323e-02,1.422801757750e+00,2.410377406005e-01,6.179149522
96.0,484.0,1.518151813511e-02,1.457425740971e+00,2.328348812104e-01,6.329519571
96.0,486.0,1.556303495983e-02,1.494051356144e+00,2.244614377271e-01,6.488582597
96.0,488.0,1.607537993942e-02,1.543236474184e+00,2.136883841121e-01,6.702190850
96.0,490.0,1.672853157561e-02,1.605939031259e+00,2.007010018811e-01,6.974504595
96.0,492.0,1.754246902578e-02,1.684077026475e+00,1.856156712696e-01,7.313853597
96.0,494.0,1.853717207993e-02,1.779568519673e+00,1.687109270119e-01,7.728567883
96.0,496.0,1.976262113856e-02,1.897211629302e+00,1.499862539675e-01,8.239485416
96.0,498.0,2.124879719143e-02,2.039884530377e+00,1.300437261115e-01,8.859105953
96.0,500.0,2.268568179718e-02,2.177825452529e+00,1.132876122761e-01,9.458175766
96.0,502.0,2.434325706370e-02,2.336952678115e+00,9.662162726269e-02,10.149256526
96.0,504.0,2.613150562929e-02,2.508624540412e+00,8.138009733027e-02,10.894817951
96.0,506.0,2.854041064458e-02,2.739879421880e+00,6.457813313364e-02,11.899145140
96.0,508.0,3.153995575512e-02,3.027835752492e+00,4.842031836161e-02,13.149723594
96.0,510.0,3.480012508463e-02,3.340812008124e+00,3.540819430367e-02,14.508962202
96.0,512.0,3.746090321893e-02,3.596246709017e+00,2.742646902666e-02,15.618301013
96.0,514.0,3.912227519045e-02,3.755738418283e+00,2.338317766676e-02,16.310964705
96.0,516.0,3.992422646334e-02,3.832725740481e+00,2.165052142603e-02,16.645316397
96.0,518.0,4.046674291916e-02,3.884807320239e+00,2.055178829361e-02,16.871503824
96.0,520.0,4.082981084306e-02,3.919661840934e+00,1.984780532500e-02,17.022875084
96.0,522.0,4.125341691052e-02,3.960328023410e+00,1.905686216934e-02,17.199486071
96.0,524.0,4.177754817459e-02,4.010644624761e+00,1.812170976801e-02,17.418008294
96.0,526.0,4.246219205357e-02,4.076370437143e+00,1.696894386407e-02,17.703451870
96.0,528.0,4.317733631914e-02,4.145024286637e+00,1.584305117221e-02,18.001611750
96.0,530.0,4.395296908500e-02,4.219485032160e+00,1.470621578343e-02,18.324990659
96.0,532.0,4.480907879581e-02,4.301671564398e+00,1.354589723761e-02,18.681922234
96.0,534.0,4.584565421664e-02,4.401182804797e+00,1.226282679131e-02,19.114094060
96.0,536.0,4.687268442274e-02,4.499777704583e+00,1.111146629176e-02,19.542286269
96.0,538.0,4.789015878967e-02,4.597455243808e+00,1.007744779027e-02,19.966494432
96.0,540.0,4.895806698389e-02,4.699974430453e+00,9.095509666780e-03,20.411729602
96.0,542.0,5.021639895350e-02,4.820774299536e+00,8.060543447117e-03,20.936356768
96.0,544.0,5.177514491951e-02,4.970413912273e+00,6.940274775241e-03,21.586233349
96.0,546.0,5.359429536727e-02,5.145052355258e+00,5.828169220717e-03,22.344678470
96.0,548.0,5.558384103828e-02,5.336048739675e+00,4.814857930981e-03,23.174165228
96.0,550.0,5.760377292229e-02,5.529962200540e+00,3.966139004171e-03,24.016320688
98.0,350.0,9.889596205244e-03,9.691804281139e-01,3.793938512534e-01,4.209097119
98.0,352.0,9.716301458359e-03,9.521975429192e-01,3.858920765971e-01,4.135341386
98.0,354.0,9.530050616577e-03,9.339449604245e-01,3.930002777286e-01,4.056071427
98.0,356.0,9.330572014292e-03,9.143960574006e-01,4.007585882013e-01,3.971171620
98.0,358.0,9.137606428434e-03,8.954854299865e-01,4.084092963946e-01,3.889043809
98.0,360.0,9.010906417364e-03,8.830688289017e-01,4.135119650506e-01,3.835119195
98.0,362.0,8.910235699738e-03,8.732030985743e-01,4.176117530327e-01,3.792272873
98.0,364.0,8.775368570623e-03,8.599861199211e-01,4.231679558816e-01,3.734872264
98.0,366.0,8.606089352376e-03,8.433967565328e-01,4.302465955991e-01,3.662825574
98.0,368.0,8.442191877956e-03,8.273348040397e-01,4.372129931825e-01,3.593069401
98.0,370.0,8.293479004540e-03,8.127609424449e-01,4.436315326793e-01,3.529775924
98.0,372.0,8.159762155435e-03,7.996566912326e-01,4.494832491722e-01,3.472864884
98.0,374.0,8.020860888458e-03,7.860443670689e-01,4.556435940485e-01,3.413747311
98.0,376.0,7.906602489062e-03,7.748470439281e-01,4.607742538291e-01,3.365117955
98.0,378.0,7.796821586622e-03,7.640885154890e-01,4.657582690043e-01,3.318394260
98.0,380.0,7.711359792400e-03,7.557132596552e-01,4.696754946496e-01,3.282020986
98.0,382.0,7.610065357832e-03,7.457864050675e-01,4.743611132379e-01,3.238909204
98.0,384.0,7.512792851830e-03,7.362536994793e-01,4.789046799075e-01,3.197509190
98.0,386.0,7.419402855952e-03,7.271014798833e-01,4.833078393093e-01,3.157761605
98.0,388.0,7.359761676293e-03,7.212566442767e-01,4.861409656910e-01,3.132377806
98.0,390.0,7.313741071094e-03,7.167466249672e-01,4.883384223947e-01,3.112791041
98.0,392.0,7.241217993107e-03,7.096393633245e-01,4.918215343650e-01,3.081924596
98.0,394.0,7.222074345802e-03,7.077632858886e-01,4.927450957136e-01,3.073776896
98.0,396.0,7.216196752604e-03,7.071872817552e-01,4.930290006828e-01,3.071275341
98.0,398.0,7.223476338366e-03,7.079006811599e-01,4.926773995182e-01,3.074373596
98.0,400.0,7.253808522356e-03,7.108732351909e-01,4.912150638409e-01,3.087283234
98.0,402.0,7.297092822081e-03,7.151150965639e-01,4.891358107053e-01,3.105705404
98.0,404.0,7.303232667298e-03,7.157168013952e-01,4.888415838525e-01,3.108318575
98.0,406.0,7.292135223641e-03,7.146292519168e-01,4.893735124590e-01,3.103595407
98.0,408.0,7.213711225286e-03,7.069437000780e-01,4.931491081411e-01,3.070217480
98.0,410.0,7.187874816150e-03,7.044117319827e-01,4.943993280396e-01,3.059221282
98.0,412.0,7.144543399123e-03,7.001652531141e-01,4.965032483037e-01,3.040779058
98.0,414.0,7.143637492892e-03,7.000764743034e-01,4.965473292283e-01,3.040393497
98.0,416.0,7.135080595916e-03,6.992378983998e-01,4.969638964908e-01,3.036751608
98.0,418.0,7.168799057154e-03,7.025423076011e-01,4.953244346367e-01,3.051102475
98.0,420.0,7.204721953181e-03,7.060627514117e-01,4.935837386056e-01,3.066391568
98.0,422.0,7.222780971318e-03,7.078325351892e-01,4.927109746418e-01,3.074077641
98.0,424.0,7.232910298468e-03,7.088252092499e-01,4.922221159167e-01,3.078388770
98.0,426.0,7.285046515327e-03,7.139345585020e-01,4.897135951284e-01,3.100578392
98.0,428.0,7.349128495696e-03,7.202145925782e-01,4.866478137451e-01,3.127852233
98.0,430.0,7.455097310597e-03,7.305995364385e-01,4.816201546829e-01,3.172953472
98.0,432.0,7.572896136960e-03,7.421438214221e-01,4.760921641058e-01,3.223089664
98.0,434.0,7.722470170618e-03,7.568020767206e-01,4.691643822602e-01,3.286749658
98.0,436.0,7.903766543389e-03,7.745691212521e-01,4.609023312397e-01,3.363910952
98.0,438.0,8.216734244034e-03,8.052399559153e-01,4.469806580371e-01,3.497112695
98.0,440.0,8.571324042880e-03,8.399897562022e-01,4.317149458070e-01,3.648029160
98.0,442.0,9.027488419921e-03,8.846938651523e-01,4.128405388111e-01,3.842176638
98.0,444.0,9.485181496220e-03,9.295477866296e-01,3.947321731834e-01,4.036974744
98.0,446.0,1.007435896844e-02,9.872871789071e-01,3.725860806347e-01,4.287733739
98.0,448.0,1.061497804633e-02,1.040267848540e+00,3.533600223159e-01,4.517825863
98.0,450.0,1.112699739305e-02,1.090445744519e+00,3.360666604437e-01,4.735745697
98.0,452.0,1.141037706817e-02,1.118216952681e+00,3.268620859084e-01,4.856354521
98.0,454.0,1.156507847319e-02,1.133377690373e+00,3.219439907387e-01,4.922196768
98.0,456.0,1.165106429946e-02,1.141804301347e+00,3.192424921974e-01,4.958793075
98.0,458.0,1.175829847849e-02,1.152313250892e+00,3.159051556192e-01,5.004432863
98.0,460.0,1.186674613428e-02,1.162941121159e+00,3.125655345726e-01,5.050589117
98.0,462.0,1.205637353789e-02,1.181524606713e+00,3.068106163153e-01,5.131296169
98.0,464.0,1.222714806386e-02,1.198260510258e+00,3.017185920988e-01,5.203979275
98.0,466.0,1.241903814858e-02,1.217065738561e+00,2.960977216122e-01,5.285649344
98.0,468.0,1.257201325038e-02,1.232057298537e+00,2.916918627252e-01,5.350756861
98.0,470.0,1.283604381141e-02,1.257932293518e+00,2.842411465557e-01,5.463130537
98.0,472.0,1.314110122105e-02,1.287827919663e+00,2.758693431700e-01,5.592965592
98.0,474.0,1.344715778091e-02,1.317821462529e+00,2.677179006070e-01,5.723225893
98.0,476.0,1.378418667130e-02,1.350850293787e+00,2.590199239516e-01,5.866668285
98.0,478.0,1.413216191905e-02,1.384951868067e+00,2.503358486500e-01,6.014769540
98.0,480.0,1.446105836676e-02,1.417183719942e+00,2.423957107323e-01,6.154750694
98.0,482.0,1.482085164323e-02,1.452443461037e+00,2.339978244157e-01,6.307881804
98.0,484.0,1.518151813511e-02,1.487788777241e+00,2.258715560715e-01,6.461384562
98.0,486.0,1.556303495983e-02,1.525177426063e+00,2.175824486430e-01,6.623761401
98.0,488.0,1.607537993942e-02,1.575387234063e+00,2.069274078238e-01,6.841819826
98.0,490.0,1.672853157561e-02,1.639396094410e+00,1.940972233024e-01,7.119806775
98.0,492.0,1.754246902578e-02,1.719161964526e+00,1.792162745925e-01,7.466225547
98.0,494.0,1.853717207993e-02,1.816642863833e+00,1.625706075094e-01,7.889579714
98.0,496.0,1.976262113856e-02,1.936736871579e+00,1.441736401337e-01,8.411141362
98.0,498.0,2.124879719143e-02,2.082382124760e+00,1.246329670249e-01,9.043670660
98.0,500.0,2.268568179718e-02,2.223196816124e+00,1.082624598564e-01,9.655221094
98.0,502.0,2.434325706370e-02,2.385639192243e+00,9.203013582614e-02,10.360699370
98.0,504.0,2.613150562929e-02,2.560887551670e+00,7.723615893111e-02,11.121793325
98.0,506.0,2.854041064458e-02,2.796960243169e+00,6.099519165956e-02,12.147043997
98.0,508.0,3.153995575512e-02,3.090915664002e+00,4.546030897248e-02,13.423676169
98.0,510.0,3.480012508463e-02,3.410412258294e+00,3.302758167440e-02,14.811232248
98.0,512.0,3.746090321893e-02,3.671168515455e+00,2.544671768418e-02,15.943682284
98.0,514.0,3.912227519045e-02,3.833982968664e+00,2.162331888379e-02,16.650776470
98.0,516.0,3.992422646334e-02,3.912574193407e+00,1.998897927794e-02,16.992093822
98.0,518.0,4.046674291916e-02,3.965740806078e+00,1.895399017911e-02,17.222993487
98.0,520.0,4.082981084306e-02,4.001321462620e+00,1.829145144151e-02,17.377518315
98.0,522.0,4.125341691052e-02,4.042834857231e+00,1.754765673723e-02,17.557808697
98.0,524.0,4.177754817459e-02,4.094199721110e+00,1.666908086004e-02,17.780883467
98.0,526.0,4.246219205357e-02,4.161294821250e+00,1.558736200020e-02,18.072273784
98.0,528.0,4.317733631914e-02,4.231378959276e+00,1.453233722402e-02,18.376645329
98.0,530.0,4.395296908500e-02,4.307390970330e+00,1.346864388483e-02,18.706761298
98.0,532.0,4.480907879581e-02,4.391289721989e+00,1.238474603643e-02,19.071128947
98.0,534.0,4.584565421664e-02,4.492874113231e+00,1.118844070861e-02,19.512304353
98.0,536.0,4.687268442274e-02,4.593523073429e+00,1.011715204276e-02,19.949417233
98.0,538.0,4.789015878967e-02,4.693235561388e+00,9.157010104470e-03,20.382463066
98.0,540.0,4.895806698389e-02,4.797890564421e+00,8.247125493160e-03,20.836973969
98.0,542.0,5.021639895350e-02,4.921207097443e+00,7.290325400193e-03,21.372530867
98.0,544.0,5.177514491951e-02,5.073964202112e+00,6.257564656243e-03,22.035946544
98.0,546.0,5.359429536727e-02,5.252240945992e+00,5.235772160114e-03,22.810192605
98.0,548.0,5.558384103828e-02,5.447216421751e+00,4.308280451039e-03,23.656960337
98.0,550.0,5.760377292229e-02,5.645169746384e+00,3.534548373388e-03,24.516660703
100.0,350.0,9.889596205244e-03,9.889596205244e-01,3.719634729501e-01,4.294997060
100.0,352.0,9.716301458359e-03,9.716301458359e-01,3.784655808768e-01,4.219736108
100.0,354.0,9.530050616577e-03,9.530050616577e-01,3.855805872978e-01,4.138848395
100.0,356.0,9.330572014292e-03,9.330572014292e-01,3.933493221711e-01,4.052215939
100.0,358.0,9.137606428434e-03,9.137606428434e-01,4.010133169628e-01,3.968412050
100.0,360.0,9.010906417364e-03,9.010906417364e-01,4.061264796202e-01,3.913386934
100.0,362.0,8.910235699738e-03,8.910235699738e-01,4.102356329020e-01,3.869666197
100.0,364.0,8.775368570623e-03,8.775368570623e-01,4.158058405740e-01,3.811094147
100.0,366.0,8.606089352376e-03,8.606089352376e-01,4.229044824534e-01,3.737577117
100.0,368.0,8.442191877956e-03,8.442191877956e-01,4.298928928162e-01,3.666397348
100.0,370.0,8.293479004540e-03,8.293479004540e-01,4.363337265948e-01,3.601812167
100.0,372.0,8.159762155435e-03,8.159762155435e-01,4.422074268181e-01,3.543739678
100.0,374.0,8.020860888458e-03,8.020860888458e-01,4.483926009850e-01,3.483415624
100.0,376.0,7.906602489062e-03,7.906602489062e-01,4.535452436529e-01,3.433793832
100.0,378.0,7.796821586622e-03,7.796821586622e-01,4.585517348424e-01,3.386116591
100.0,380.0,7.711359792400e-03,7.711359792400e-01,4.624873937120e-01,3.349001006
100.0,382.0,7.610065357832e-03,7.610065357832e-01,4.671959408368e-01,3.305009392
100.0,384.0,7.512792851830e-03,7.512792851830e-01,4.717626475750e-01,3.262764479
100.0,386.0,7.419402855952e-03,7.419402855952e-01,4.761890757802e-01,3.222205719
100.0,388.0,7.359761676293e-03,7.359761676293e-01,4.790376096546e-01,3.196303884
100.0,390.0,7.313741071094e-03,7.313741071094e-01,4.812472502757e-01,3.176317389
100.0,392.0,7.241217993107e-03,7.241217993107e-01,4.847500899447e-01,3.144821017
100.0,394.0,7.222074345802e-03,7.222074345802e-01,4.856789672413e-01,3.136507036
100.0,396.0,7.216196752604e-03,7.216196752604e-01,4.859645134888e-01,3.133954430
100.0,398.0,7.223476338366e-03,7.223476338366e-01,4.856108801842e-01,3.137115914
100.0,400.0,7.253808522356e-03,7.253808522356e-01,4.841401479813e-01,3.150289014
100.0,402.0,7.297092822081e-03,7.297092822081e-01,4.820491099744e-01,3.169087147
100.0,404.0,7.303232667298e-03,7.303232667298e-01,4.817532301243e-01,3.171753647
100.0,406.0,7.292135223641e-03,7.292135223641e-01,4.822881498142e-01,3.166934089
100.0,408.0,7.213711225286e-03,7.213711225286e-01,4.860853163085e-01,3.132874979
100.0,410.0,7.187874816150e-03,7.187874816150e-01,4.873428099757e-01,3.121654369
100.0,412.0,7.144543399123e-03,7.144543399123e-01,4.894591172474e-01,3.102835774
100.0,414.0,7.143637492892e-03,7.143637492892e-01,4.895034596623e-01,3.102442344
100.0,416.0,7.135080595916e-03,7.135080595916e-01,4.899225019892e-01,3.098726131
100.0,418.0,7.168799057154e-03,7.168799057154e-01,4.882733406216e-01,3.113369872
100.0,420.0,7.204721953181e-03,7.204721953181e-01,4.865224680803e-01,3.128970988
100.0,422.0,7.222780971318e-03,7.222780971318e-01,4.856446491387e-01,3.136813920
100.0,424.0,7.232910298468e-03,7.232910298468e-01,4.851529728453e-01,3.141213031
100.0,426.0,7.285046515327e-03,7.285046515327e-01,4.826301510190e-01,3.163855502
100.0,428.0,7.349128495696e-03,7.349128495696e-01,4.795472499030e-01,3.191685952
100.0,430.0,7.455097310597e-03,7.455097310597e-01,4.744923747857e-01,3.237707624
100.0,432.0,7.572896136960e-03,7.572896136960e-01,4.689357030257e-01,3.288867004
100.0,434.0,7.722470170618e-03,7.722470170618e-01,4.619738380682e-01,3.353826182
100.0,436.0,7.903766543389e-03,7.903766543389e-01,4.536738848601e-01,3.432562196
100.0,438.0,8.216734244034e-03,8.216734244034e-01,4.396952417647e-01,3.568482341
100.0,440.0,8.571324042880e-03,8.571324042880e-01,4.243772816079e-01,3.722478734
100.0,442.0,9.027488419921e-03,9.027488419921e-01,4.054535986278e-01,3.920588406
100.0,444.0,9.485181496220e-03,9.485181496220e-01,3.873145406147e-01,4.119361984
100.0,446.0,1.007435896844e-02,1.007435896844e+00,3.651540729321e-01,4.375238509
100.0,448.0,1.061497804633e-02,1.061497804633e+00,3.459372756410e-01,4.610026391
100.0,450.0,1.112699739305e-02,1.112699739305e+00,3.286704377250e-01,4.832393568
100.0,452.0,1.141037706817e-02,1.141037706817e+00,3.194873155738e-01,4.955463797
100.0,454.0,1.156507847319e-02,1.156507847319e+00,3.145828362191e-01,5.022649764
100.0,456.0,1.165106429946e-02,1.165106429946e+00,3.118894658871e-01,5.059992934
100.0,458.0,1.175829847849e-02,1.175829847849e+00,3.085628132263e-01,5.106564146
100.0,460.0,1.186674613428e-02,1.186674613428e+00,3.052346013084e-01,5.153662364
100.0,462.0,1.205637353789e-02,1.205637353789e+00,2.995010505393e-01,5.236016499
100.0,464.0,1.222714806386e-02,1.222714806386e+00,2.944297611465e-01,5.310182934
100.0,466.0,1.241903814858e-02,1.241903814858e+00,2.888338080708e-01,5.393519738
100.0,468.0,1.257201325038e-02,1.257201325038e+00,2.844489938303e-01,5.459955981
100.0,470.0,1.283604381141e-02,1.283604381141e+00,2.770369519526e-01,5.574622997
100.0,472.0,1.314110122105e-02,1.314110122105e+00,2.687133389365e-01,5.707107746
100.0,474.0,1.344715778091e-02,1.344715778091e+00,2.606137694776e-01,5.840026422
100.0,476.0,1.378418667130e-02,1.378418667130e+00,2.519766972113e-01,5.986396209
100.0,478.0,1.413216191905e-02,1.413216191905e+00,2.433593328456e-01,6.137519939
100.0,480.0,1.446105836676e-02,1.446105836676e+00,2.354855239890e-01,6.280357851
100.0,482.0,1.482085164323e-02,1.482085164323e+00,2.271635209278e-01,6.436614086
100.0,484.0,1.518151813511e-02,1.518151813511e+00,2.191164810742e-01,6.593249553
100.0,486.0,1.556303495983e-02,1.556303495983e+00,2.109142774672e-01,6.758940205
100.0,488.0,1.607537993942e-02,1.607537993942e+00,2.003803448962e-01,6.981448802
100.0,490.0,1.672853157561e-02,1.672853157561e+00,1.877107325853e-01,7.265108954
100.0,492.0,1.754246902578e-02,1.754246902578e+00,1.730375073351e-01,7.618597497
100.0,494.0,1.853717207993e-02,1.853717207993e+00,1.566537680403e-01,8.050591544
100.0,496.0,1.976262113856e-02,1.976262113856e+00,1.385862901402e-01,8.582797308
100.0,498.0,2.124879719143e-02,2.124879719143e+00,1.194473346305e-01,9.228235367
100.0,500.0,2.268568179718e-02,2.268568179718e+00,1.034602105091e-01,9.852266423
100.0,502.0,2.434325706370e-02,2.434325706370e+00,8.765683356949e-02,10.572142214
100.0,504.0,2.613150562929e-02,2.613150562929e+00,7.330323312617e-02,11.348768699
100.0,506.0,2.854041064458e-02,2.854041064458e+00,5.761103991481e-02,12.394942854
100.0,508.0,3.153995575512e-02,3.153995575512e+00,4.268124956221e-02,13.697628744
100.0,510.0,3.480012508463e-02,3.480012508463e+00,3.080702568180e-02,15.113502294
100.0,512.0,3.746090321893e-02,3.746090321893e+00,2.360987264781e-02,16.269063555
100.0,514.0,3.912227519045e-02,3.912227519045e+00,1.999591014589e-02,16.990588235
100.0,516.0,3.992422646334e-02,3.992422646334e+00,1.845495010081e-02,17.338871247
100.0,518.0,4.046674291916e-02,4.046674291916e+00,1.748041282722e-02,17.574483150
100.0,520.0,4.082981084306e-02,4.082981084306e+00,1.685713812477e-02,17.732161546
100.0,522.0,4.125341691052e-02,4.125341691052e+00,1.615797261016e-02,17.916131324
100.0,524.0,4.177754817459e-02,4.177754817459e+00,1.533289409639e-02,18.143758640
100.0,526.0,4.246219205357e-02,4.246219205357e+00,1.431826612614e-02,18.441095698
100.0,528.0,4.317733631914e-02,4.317733631914e+00,1.333006015679e-02,18.751678907
100.0,530.0,4.395296908500e-02,4.395296908500e+00,1.233521735079e-02,19.088531937
100.0,532.0,4.480907879581e-02,4.480907879581e+00,1.132312844962e-02,19.460335660
100.0,534.0,4.584565421664e-02,4.584565421664e+00,1.020818508002e-02,19.910514646
100.0,536.0,4.687268442274e-02,4.687268442274e+00,9.211814423823e-03,20.356548197
100.0,538.0,4.789015878967e-02,4.789015878967e+00,8.320641872673e-03,20.798431700
100.0,540.0,4.895806698389e-02,4.895806698389e+00,7.477874400853e-03,21.262218336
100.0,542.0,5.021639895350e-02,5.021639895350e+00,6.593704852457e-03,21.808704967
100.0,544.0,5.177514491951e-02,5.177514491951e+00,5.642012268268e-03,22.485659738
100.0,546.0,5.359429536727e-02,5.359429536727e+00,4.703588566917e-03,23.275706739
100.0,548.0,5.558384103828e-02,5.558384103828e+00,3.855000648175e-03,24.139755446
100.0,550.0,5.760377292229e-02,5.760377292229e+00,3.149922932777e-03,25.017000717
102.0,350.0,9.889596205244e-03,1.008738812935e+00,3.646786176213e-01,4.380897001
102.0,352.0,9.716301458359e-03,9.910627487526e-01,3.711820081187e-01,4.304130830
102.0,354.0,9.530050616577e-03,9.720651628909e-01,3.783009776996e-01,4.221625363
102.0,356.0,9.330572014292e-03,9.517183454578e-01,3.860770394139e-01,4.133260258
102.0,358.0,9.137606428434e-03,9.320358557003e-01,3.937512730517e-01,4.047780291
102.0,360.0,9.010906417364e-03,9.191124545711e-01,3.988729018483e-01,3.991654673
102.0,362.0,8.910235699738e-03,9.088440413733e-01,4.029897944211e-01,3.947059521
102.0,364.0,8.775368570623e-03,8.950875942035e-01,4.085718085512e-01,3.887316030
102.0,366.0,8.606089352376e-03,8.778211139424e-01,4.156876617005e-01,3.812328659
102.0,368.0,8.442191877956e-03,8.611035715515e-01,4.226953502655e-01,3.739725295
102.0,370.0,8.293479004540e-03,8.459348584631e-01,4.291559705286e-01,3.673848411
102.0,372.0,8.159762155435e-03,8.322957398544e-01,4.350493787994e-01,3.614614471
102.0,374.0,8.020860888458e-03,8.181278106227e-01,4.412569983299e-01,3.553083936
102.0,376.0,7.906602489062e-03,8.064734538843e-01,4.464296482078e-01,3.502469708
102.0,378.0,7.796821586622e-03,7.952758018354e-01,4.514567051627e-01,3.453838923
102.0,380.0,7.711359792400e-03,7.865586988248e-01,4.554093023357e-01,3.415981026
102.0,382.0,7.610065357832e-03,7.762266664989e-01,4.601389975762e-01,3.371109580
102.0,384.0,7.512792851830e-03,7.663048708867e-01,4.647271262622e-01,3.328019769
102.0,386.0,7.419402855952e-03,7.567790913071e-01,4.691751663215e-01,3.286649834
102.0,388.0,7.359761676293e-03,7.506956909819e-01,4.720380458730e-01,3.260229962
102.0,390.0,7.313741071094e-03,7.460015892516e-01,4.742590492105e-01,3.239843737
102.0,392.0,7.241217993107e-03,7.386042352969e-01,4.777803192469e-01,3.207717437
102.0,394.0,7.222074345802e-03,7.366515832718e-01,4.787141694003e-01,3.199237177
102.0,396.0,7.216196752604e-03,7.360520687656e-01,4.790012515355e-01,3.196633519
102.0,398.0,7.223476338366e-03,7.367945865133e-01,4.786457166169e-01,3.199858232
102.0,400.0,7.253808522356e-03,7.398884692803e-01,4.771671313470e-01,3.213294794
102.0,402.0,7.297092822081e-03,7.443034678523e-01,4.750650828285e-01,3.232468889
102.0,404.0,7.303232667298e-03,7.449297320644e-01,4.747676597112e-01,3.235188720
102.0,406.0,7.292135223641e-03,7.437977928114e-01,4.753053721328e-01,3.230272771
102.0,408.0,7.213711225286e-03,7.357985449792e-01,4.791227051416e-01,3.195532479
102.0,410.0,7.187874816150e-03,7.331632312473e-01,4.803870089726e-01,3.184087457
102.0,412.0,7.144543399123e-03,7.287434267105e-01,4.825149246760e-01,3.164892489
102.0,414.0,7.143637492892e-03,7.286510242750e-01,4.825595122902e-01,3.164491191
102.0,416.0,7.135080595916e-03,7.277782207834e-01,4.829808757744e-01,3.160700653
102.0,418.0,7.168799057154e-03,7.312175038297e-01,4.813226210749e-01,3.175637270
102.0,420.0,7.204721953181e-03,7.348816392245e-01,4.795622169718e-01,3.191550408
102.0,422.0,7.222780971318e-03,7.367236590744e-01,4.786796669357e-01,3.199550198
102.0,424.0,7.232910298468e-03,7.377568504437e-01,4.781853546387e-01,3.204037291
102.0,426.0,7.285046515327e-03,7.430747445634e-01,4.756491651238e-01,3.227132612
102.0,428.0,7.349128495696e-03,7.496111065610e-01,4.725502887187e-01,3.255519672
102.0,430.0,7.455097310597e-03,7.604199256809e-01,4.674700830949e-01,3.302461777
102.0,432.0,7.572896136960e-03,7.724354059699e-01,4.618868155186e-01,3.354644344
102.0,434.0,7.722470170618e-03,7.876919574030e-01,4.548934981622e-01,3.420902705
102.0,436.0,7.903766543389e-03,8.061841874257e-01,4.465588040105e-01,3.501213440
102.0,438.0,8.216734244034e-03,8.381068928915e-01,4.325285717721e-01,3.639851988
102.0,440.0,8.571324042880e-03,8.742750523738e-01,4.171643323773e-01,3.796928309
102.0,442.0,9.027488419921e-03,9.208038188319e-01,3.981988326864e-01,3.999000174
102.0,444.0,9.485181496220e-03,9.674885126144e-01,3.800362969194e-01,4.201749223
102.0,446.0,1.007435896844e-02,1.027584614781e+00,3.578703121484e-01,4.462743279
102.0,448.0,1.061497804633e-02,1.082727760726e+00,3.386704525701e-01,4.702226919
102.0,450.0,1.112699739305e-02,1.134953734091e+00,3.214369925650e-01,4.929041439
102.0,452.0,1.141037706817e-02,1.163858460953e+00,3.122789372432e-01,5.054573073
102.0,454.0,1.156507847319e-02,1.179638004265e+00,3.073899923293e-01,5.123102759
102.0,456.0,1.165106429946e-02,1.188408558545e+00,3.047057998508e-01,5.161192792
102.0,458.0,1.175829847849e-02,1.199346444806e+00,3.013911232930e-01,5.208695429
102.0,460.0,1.186674613428e-02,1.210408105697e+00,2.980756082505e-01,5.256735612
102.0,462.0,1.205637353789e-02,1.229750100865e+00,2.923656304708e-01,5.340736829
102.0,464.0,1.222714806386e-02,1.247169102514e+00,2.873170116754e-01,5.416386592
102.0,466.0,1.241903814858e-02,1.266741891155e+00,2.817480939415e-01,5.501390133
102.0,468.0,1.257201325038e-02,1.282345351539e+00,2.773859693415e-01,5.569155101
102.0,470.0,1.283604381141e-02,1.309276468764e+00,2.700153502657e-01,5.686115457
102.0,472.0,1.314110122105e-02,1.340392324547e+00,2.617429602458e-01,5.821249901
102.0,474.0,1.344715778091e-02,1.371610093653e+00,2.536981527470e-01,5.956826950
102.0,476.0,1.378418667130e-02,1.405987040473e+00,2.451249887225e-01,6.106124133
102.0,478.0,1.413216191905e-02,1.441480515743e+00,2.365772429415e-01,6.260270338
102.0,480.0,1.446105836676e-02,1.475027953410e+00,2.287723319892e-01,6.405965008
102.0,482.0,1.482085164323e-02,1.511726867609e+00,2.205288248690e-01,6.565346367
102.0,484.0,1.518151813511e-02,1.548514849781e+00,2.125634281420e-01,6.725114544
102.0,486.0,1.556303495983e-02,1.587429565903e+00,2.044504633392e-01,6.894119009
102.0,488.0,1.607537993942e-02,1.639688753821e+00,1.940404272347e-01,7.121077778
102.0,490.0,1.672853157561e-02,1.706310220712e+00,1.815343801843e-01,7.410411133
102.0,492.0,1.754246902578e-02,1.789331840630e+00,1.670717629458e-01,7.770969447
102.0,494.0,1.853717207993e-02,1.890791552153e+00,1.509522749357e-01,8.211603375
102.0,496.0,1.976262113856e-02,2.015787356133e+00,1.332154740425e-01,8.754453255
102.0,498.0,2.124879719143e-02,2.167377313526e+00,1.144774620304e-01,9.412800075
102.0,500.0,2.268568179718e-02,2.313939543312e+00,9.887097681677e-02,10.049311751
102.0,502.0,2.434325706370e-02,2.483012220497e+00,8.349135207129e-02,10.783585059
102.0,504.0,2.613150562929e-02,2.665413574188e+00,6.957057498862e-02,11.575744073
102.0,506.0,2.854041064458e-02,2.911121885747e+00,5.441464859380e-02,12.642841711
102.0,508.0,3.153995575512e-02,3.217075487022e+00,4.007207837709e-02,13.971581319
102.0,510.0,3.480012508463e-02,3.549612758632e+00,2.873576517698e-02,15.415772340
102.0,512.0,3.746090321893e-02,3.821012128331e+00,2.190561837342e-02,16.594444826
102.0,514.0,3.912227519045e-02,3.990472069426e+00,1.849098303140e-02,17.330399999
102.0,516.0,3.992422646334e-02,4.072271099261e+00,1.703864807141e-02,17.685648672
102.0,518.0,4.046674291916e-02,4.127607777754e+00,1.612139869876e-02,17.925972813
102.0,520.0,4.082981084306e-02,4.164640705992e+00,1.553529563612e-02,18.086804777
102.0,522.0,4.125341691052e-02,4.207848524873e+00,1.487834431572e-02,18.274453950
102.0,524.0,4.177754817459e-02,4.261309913808e+00,1.410381552199e-02,18.506633812
102.0,526.0,4.246219205357e-02,4.331143589464e+00,1.315249782846e-02,18.809917612
102.0,528.0,4.317733631914e-02,4.404088304552e+00,1.222724886194e-02,19.126712485
102.0,530.0,4.395296908500e-02,4.483202846670e+00,1.129717203844e-02,19.470302576
102.0,532.0,4.480907879581e-02,4.570526037173e+00,1.035251247862e-02,19.849542373
102.0,534.0,4.584565421664e-02,4.676256730097e+00,9.313812830761e-03,20.308724938
102.0,536.0,4.687268442274e-02,4.781013811119e+00,8.387491323680e-03,20.763679161
102.0,538.0,4.789015878967e-02,4.884796196546e+00,7.560664494569e-03,21.214400334
102.0,540.0,4.895806698389e-02,4.993722832357e+00,6.780375247267e-03,21.687462702
102.0,542.0,5.021639895350e-02,5.122072693257e+00,5.963649260452e-03,22.244879066
102.0,544.0,5.177514491951e-02,5.281064781790e+00,5.087011350898e-03,22.935372933
102.0,546.0,5.359429536727e-02,5.466618127462e+00,4.225498117617e-03,23.741220874
102.0,548.0,5.558384103828e-02,5.669551785905e+00,3.449411004302e-03,24.622550555
102.0,550.0,5.760377292229e-02,5.875584838074e+00,2.807151985000e-03,25.517340731
104.0,350.0,9.889596205244e-03,1.028518005345e+00,3.575364352188e-01,4.466796943
104.0,352.0,9.716301458359e-03,1.010495351669e+00,3.640386077694e-01,4.388525552
104.0,354.0,9.530050616577e-03,9.911252641240e-01,3.711588042629e-01,4.304402331
104.0,356.0,9.330572014292e-03,9.703794894864e-01,3.789392073688e-01,4.214304576
104.0,358.0,9.137606428434e-03,9.503110685571e-01,3.866207391916e-01,4.127148532
104.0,360.0,9.010906417364e-03,9.371342674059e-01,3.917488758124e-01,4.069922411
104.0,362.0,8.910235699738e-03,9.266645127728e-01,3.958719364740e-01,4.024452845
104.0,364.0,8.775368570623e-03,9.126383313448e-01,4.014636314688e-01,3.963537913
104.0,366.0,8.606089352376e-03,8.950332926471e-01,4.085939952387e-01,3.887080201
104.0,368.0,8.442191877956e-03,8.779879553074e-01,4.156183135888e-01,3.813053242
104.0,370.0,8.293479004540e-03,8.625218164722e-01,4.220962896398e-01,3.745884654
104.0,372.0,8.159762155435e-03,8.486152641652e-01,4.280071986932e-01,3.685489265
104.0,374.0,8.020860888458e-03,8.341695323996e-01,4.342349497904e-01,3.622752249
104.0,376.0,7.906602489062e-03,8.222866588624e-01,4.394256881492e-01,3.571145585
104.0,378.0,7.796821586622e-03,8.108694450087e-01,4.444714546908e-01,3.521561255
104.0,380.0,7.711359792400e-03,8.019814184096e-01,4.484395368905e-01,3.482961046
104.0,382.0,7.610065357832e-03,7.914467972145e-01,4.531886486667e-01,3.437209768
104.0,384.0,7.512792851830e-03,7.813304565903e-01,4.577965275422e-01,3.393275058
104.0,386.0,7.419402855952e-03,7.716178970190e-01,4.622645665109e-01,3.351093948
104.0,388.0,7.359761676293e-03,7.654152143345e-01,4.651407577628e-01,3.324156040
104.0,390.0,7.313741071094e-03,7.606290713938e-01,4.673723239545e-01,3.303370085
104.0,392.0,7.241217993107e-03,7.530866712831e-01,4.709107603996e-01,3.270613857
104.0,394.0,7.222074345802e-03,7.510957319634e-01,4.718492490756e-01,3.261967318
104.0,396.0,7.216196752604e-03,7.504844622708e-01,4.721377643924e-01,3.259312607
104.0,398.0,7.223476338366e-03,7.512415391901e-01,4.717804550606e-01,3.262600550
104.0,400.0,7.253808522356e-03,7.543960863250e-01,4.702945462946e-01,3.276300575
104.0,402.0,7.297092822081e-03,7.588976534964e-01,4.681822417116e-01,3.295850632
104.0,404.0,7.303232667298e-03,7.595361973990e-01,4.678833822235e-01,3.298623793
104.0,406.0,7.292135223641e-03,7.583820632587e-01,4.684236941448e-01,3.293611452
104.0,408.0,7.213711225286e-03,7.502259674297e-01,4.722598253441e-01,3.258189978
104.0,410.0,7.187874816150e-03,7.475389808796e-01,4.735304875045e-01,3.246520544
104.0,412.0,7.144543399123e-03,7.430325135088e-01,4.756692527138e-01,3.226949205
104.0,414.0,7.143637492892e-03,7.429382992608e-01,4.757140696459e-01,3.226540038
104.0,416.0,7.135080595916e-03,7.420483819753e-01,4.761376042469e-01,3.222675176
104.0,418.0,7.168799057154e-03,7.455551019440e-01,4.744708471355e-01,3.237904667
104.0,420.0,7.204721953181e-03,7.492910831308e-01,4.727015400837e-01,3.254129827
104.0,422.0,7.222780971318e-03,7.511692210171e-01,4.718145745949e-01,3.262286477
104.0,424.0,7.232910298468e-03,7.522226710407e-01,4.713178032280e-01,3.266861552
104.0,426.0,7.285046515327e-03,7.576448375940e-01,4.687691554399e-01,3.290409722
104.0,428.0,7.349128495696e-03,7.643093635524e-01,4.656554185501e-01,3.319353391
104.0,430.0,7.455097310597e-03,7.753301203021e-01,4.605517184285e-01,3.367215929
104.0,432.0,7.572896136960e-03,7.875811982438e-01,4.549438845739e-01,3.420421684
104.0,434.0,7.722470170618e-03,8.031368977443e-01,4.479216735206e-01,3.487979229
104.0,436.0,7.903766543389e-03,8.219917205125e-01,4.395553107510e-01,3.569864684
104.0,438.0,8.216734244034e-03,8.545403613795e-01,4.254787125927e-01,3.711221635
104.0,440.0,8.571324042880e-03,8.914177004595e-01,4.100739783913e-01,3.871377884
104.0,442.0,9.027488419921e-03,9.388587956718e-01,3.910738759983e-01,4.077411942
104.0,444.0,9.485181496220e-03,9.864588756069e-01,3.728948227634e-01,4.284136463
104.0,446.0,1.007435896844e-02,1.047733332718e+00,3.507318411892e-01,4.550248049
104.0,448.0,1.061497804633e-02,1.103957716818e+00,3.315562777428e-01,4.794427447
104.0,450.0,1.112699739305e-02,1.157207728877e+00,3.143627425222e-01,5.025689311
104.0,452.0,1.141037706817e-02,1.186679215090e+00,3.052331967252e-01,5.153682349
104.0,454.0,1.156507847319e-02,1.202768161212e+00,3.003616106964e-01,5.223555754
104.0,456.0,1.165106429946e-02,1.211710687144e+00,2.976875932587e-01,5.262392651
104.0,458.0,1.175829847849e-02,1.222863041763e+00,2.943861194745e-01,5.310826712
104.0,460.0,1.186674613428e-02,1.234141597965e+00,2.910845227017e-01,5.359808859
104.0,462.0,1.205637353789e-02,1.253862847941e+00,2.854002072001e-01,5.445457159
104.0,464.0,1.222714806386e-02,1.271623398641e+00,2.803760899600e-01,5.522590251
104.0,466.0,1.241903814858e-02,1.291579967452e+00,2.748362076099e-01,5.609260528
104.0,468.0,1.257201325038e-02,1.307489378040e+00,2.704983236237e-01,5.678354220
104.0,470.0,1.283604381141e-02,1.334948556387e+00,2.631717136117e-01,5.797607917
104.0,472.0,1.314110122105e-02,1.366674526989e+00,2.549533920027e-01,5.935392056
104.0,474.0,1.344715778091e-02,1.398504409215e+00,2.469660480192e-01,6.073627478
104.0,476.0,1.378418667130e-02,1.433555413815e+00,2.384595907527e-01,6.225852057
104.0,478.0,1.413216191905e-02,1.469744839581e+00,2.299841605553e-01,6.383020736
104.0,480.0,1.446105836676e-02,1.503950070143e+00,2.222505188310e-01,6.531572165
104.0,482.0,1.482085164323e-02,1.541368570896e+00,2.140879063658e-01,6.694078649
104.0,484.0,1.518151813511e-02,1.578877886051e+00,2.062063554599e-01,6.856979535
104.0,486.0,1.556303495983e-02,1.618555635822e+00,1.981847434017e-01,7.029297813
104.0,488.0,1.607537993942e-02,1.671839513700e+00,1.879011008836e-01,7.260706754
104.0,490.0,1.672853157561e-02,1.739767283863e+00,1.755612517997e-01,7.555713312
104.0,492.0,1.754246902578e-02,1.824416778681e+00,1.613116971210e-01,7.923341397
104.0,494.0,1.853717207993e-02,1.927865896313e+00,1.454582905558e-01,8.372615206
104.0,496.0,1.976262113856e-02,2.055312598410e+00,1.280528002186e-01,8.926109201
104.0,498.0,2.124879719143e-02,2.209874907909e+00,1.097143720574e-01,9.597364782
104.0,500.0,2.268568179718e-02,2.359310906907e+00,9.448530994281e-02,10.246357080
104.0,502.0,2.434325706370e-02,2.531698734625e+00,7.952381562090e-02,10.995027903
104.0,504.0,2.613150562929e-02,2.717676585446e+00,6.602798673172e-02,11.802719447
104.0,506.0,2.854041064458e-02,2.968202707036e+00,5.139560032182e-02,12.890740568
104.0,508.0,3.153995575512e-02,3.280155398532e+00,3.762240988560e-02,14.245533894
104.0,510.0,3.480012508463e-02,3.619213008802e+00,2.680376251948e-02,15.718042386
104.0,512.0,3.746090321893e-02,3.895933934769e+00,2.032438393378e-02,16.919826097
104.0,514.0,3.912227519045e-02,4.068716619807e+00,1.709931935945e-02,17.670211764
104.0,516.0,3.992422646334e-02,4.152119552187e+00,1.573103836724e-02,18.032426097
104.0,518.0,4.046674291916e-02,4.208541263593e+00,1.486804107966e-02,18.277462476
104.0,520.0,4.082981084306e-02,4.246300327678e+00,1.431710464227e-02,18.441448008
104.0,522.0,4.125341691052e-02,4.290355358694e+00,1.370005599823e-02,18.632776577
104.0,524.0,4.177754817459e-02,4.344865010157e+00,1.297325938782e-02,18.869508985
104.0,526.0,4.246219205357e-02,4.416067973571e+00,1.208164435579e-02,19.178739526
104.0,528.0,4.317733631914e-02,4.490442977191e+00,1.121567442106e-02,19.501746063
104.0,530.0,4.395296908500e-02,4.571108784840e+00,1.034648133361e-02,19.852073214
104.0,532.0,4.480907879581e-02,4.660144194764e+00,9.465097485805e-03,20.238749087
104.0,534.0,4.584565421664e-02,4.767948038531e+00,8.497799439020e-03,20.706935231
104.0,536.0,4.687268442274e-02,4.874759179965e+00,7.636933123931e-03,21.170810125
104.0,538.0,4.789015878967e-02,4.980576514126e+00,6.870100705473e-03,21.630368968
104.0,540.0,4.895806698389e-02,5.091638966325e+00,6.147935366300e-03,22.112707069
104.0,542.0,5.021639895350e-02,5.222505491164e+00,5.393798069144e-03,22.681053165
104.0,544.0,5.177514491951e-02,5.384615071629e+00,4.586605497068e-03,23.385086128
104.0,546.0,5.359429536727e-02,5.573806718196e+00,3.796002581427e-03,24.206735009
104.0,548.0,5.558384103828e-02,5.780719467981e+00,3.086493975618e-03,25.105345664
104.0,550.0,5.760377292229e-02,5.990792383918e+00,2.501680972855e-03,26.017680746
106.0,350.0,9.889596205244e-03,1.048297197756e+00,3.505341315122e-01,4.552696884
106.0,352.0,9.716301458359e-03,1.029927954586e+00,3.570326822100e-01,4.472920274
106.0,354.0,9.530050616577e-03,1.010185365357e+00,3.641514722472e-01,4.387179299
106.0,356.0,9.330572014292e-03,9.890406335150e-01,3.719333402974e-01,4.295348895
106.0,358.0,9.137606428434e-03,9.685862814140e-01,3.796193338363e-01,4.206516773
106.0,360.0,9.010906417364e-03,9.551560802406e-01,3.847520876678e-01,4.148190150
106.0,362.0,8.910235699738e-03,9.444849841722e-01,3.888797985885e-01,4.101846169
106.0,364.0,8.775368570623e-03,9.301890684860e-01,3.944791197505e-01,4.039759796
106.0,366.0,8.606089352376e-03,9.122454713519e-01,4.016213814531e-01,3.961831743
106.0,368.0,8.442191877956e-03,8.948723390633e-01,4.086597651994e-01,3.886381189
106.0,370.0,8.293479004540e-03,8.791087744812e-01,4.151527415737e-01,3.817920897
106.0,372.0,8.159762155435e-03,8.649347884761e-01,4.210790109360e-01,3.756364058
106.0,374.0,8.020860888458e-03,8.502112541765e-01,4.273246482960e-01,3.692420561
106.0,376.0,7.906602489062e-03,8.380998638406e-01,4.325316120481e-01,3.639821461
106.0,378.0,7.796821586622e-03,8.264630881819e-01,4.375942848467e-01,3.589283587
106.0,380.0,7.711359792400e-03,8.174041379944e-01,4.415764395131e-01,3.549941066
106.0,382.0,7.610065357832e-03,8.066669279302e-01,4.463432840125e-01,3.503309955
106.0,384.0,7.512792851830e-03,7.963560422940e-01,4.509692866765e-01,3.458530348
106.0,386.0,7.419402855952e-03,7.864567027309e-01,4.554557546746e-01,3.415538063
106.0,388.0,7.359761676293e-03,7.801347376871e-01,4.583442509003e-01,3.388082117
106.0,390.0,7.313741071094e-03,7.752565535360e-01,4.605856009753e-01,3.366896433
106.0,392.0,7.241217993107e-03,7.675691072693e-01,4.641399725499e-01,3.333510278
106.0,394.0,7.222074345802e-03,7.655398806550e-01,4.650827739904e-01,3.324697458
106.0,396.0,7.216196752604e-03,7.649168557760e-01,4.653726224114e-01,3.321991696
106.0,398.0,7.223476338366e-03,7.656884918668e-01,4.650136626112e-01,3.325342869
106.0,400.0,7.253808522356e-03,7.689037033697e-01,4.635209463194e-01,3.339306355
106.0,402.0,7.297092822081e-03,7.734918391406e-01,4.613991206195e-01,3.359232375
106.0,404.0,7.303232667298e-03,7.741426627336e-01,4.610989288825e-01,3.362058866
106.0,406.0,7.292135223641e-03,7.729663337059e-01,4.616416520851e-01,3.356950134
106.0,408.0,7.213711225286e-03,7.646533898803e-01,4.654952483793e-01,3.320847478
106.0,410.0,7.187874816150e-03,7.619147305119e-01,4.667718285635e-01,3.308953631
106.0,412.0,7.144543399123e-03,7.573216003070e-01,4.689207036016e-01,3.289005920
106.0,414.0,7.143637492892e-03,7.572255742466e-01,4.689657343715e-01,3.288588885
106.0,416.0,7.135080595916e-03,7.563185431671e-01,4.693912938364e-01,3.284649699
106.0,418.0,7.168799057154e-03,7.598927000583e-01,4.677166102825e-01,3.300172065
106.0,420.0,7.204721953181e-03,7.637005270372e-01,4.659390128949e-01,3.316709247
106.0,422.0,7.222780971318e-03,7.656147829597e-01,4.650479395233e-01,3.325022755
106.0,424.0,7.232910298468e-03,7.666884916376e-01,4.645488814844e-01,3.329685813
106.0,426.0,7.285046515327e-03,7.722149306247e-01,4.619886614005e-01,3.353686832
106.0,428.0,7.349128495696e-03,7.790076205438e-01,4.588611498112e-01,3.383187110
106.0,430.0,7.455097310597e-03,7.902403149233e-01,4.537357427092e-01,3.431970081
106.0,432.0,7.572896136960e-03,8.027269905178e-01,4.481053174874e-01,3.486199025
106.0,434.0,7.722470170618e-03,8.185818380855e-01,4.410567010082e-01,3.555055753
106.0,436.0,7.903766543389e-03,8.377992535992e-01,4.326616550255e-01,3.638515928
106.0,438.0,8.216734244034e-03,8.709738298676e-01,4.185437603067e-01,3.782591282
106.0,440.0,8.571324042880e-03,9.085603485453e-01,4.031041359537e-01,3.945827458
106.0,442.0,9.027488419921e-03,9.569137725116e-01,3.840764058914e-01,4.155823711
106.0,444.0,9.485181496220e-03,1.005429238599e+00,3.658875480339e-01,4.366523703
106.0,446.0,1.007435896844e-02,1.067882050655e+00,3.437357619453e-01,4.637752819
106.0,448.0,1.061497804633e-02,1.125187672911e+00,3.245915446017e-01,4.886627975
106.0,450.0,1.112699739305e-02,1.179461723663e+00,3.074441839986e-01,5.122337182
106.0,452.0,1.141037706817e-02,1.209499969226e+00,2.983464245318e-01,5.252791625
106.0,454.0,1.156507847319e-02,1.225898318158e+00,2.934939309394e-01,5.324008750
106.0,456.0,1.165106429946e-02,1.235012815743e+00,2.908310351282e-01,5.363592510
106.0,458.0,1.175829847849e-02,1.246379638720e+00,2.875439276127e-01,5.412957995
106.0,460.0,1.186674613428e-02,1.257875090234e+00,2.842574065480e-01,5.462882106
106.0,462.0,1.205637353789e-02,1.277975595016e+00,2.786007306629e-01,5.550177489
106.0,464.0,1.222714806386e-02,1.296077694769e+00,2.736028450347e-01,5.628793910
106.0,466.0,1.241903814858e-02,1.316418043749e+00,2.680938847063e-01,5.717130923
106.0,468.0,1.257201325038e-02,1.332633404540e+00,2.637817019257e-01,5.787553340
106.0,470.0,1.283604381141e-02,1.360620644009e+00,2.565015314024e-01,5.909100377
106.0,472.0,1.314110122105e-02,1.392956729431e+00,2.483399440148e-01,6.049534211
106.0,474.0,1.344715778091e-02,1.425398724776e+00,2.404125856408e-01,6.190428007
106.0,476.0,1.378418667130e-02,1.461123787158e+00,2.319754371770e-01,6.345579981
106.0,478.0,1.413216191905e-02,1.498009163419e+00,2.235748183075e-01,6.505771135
106.0,480.0,1.446105836676e-02,1.532872186877e+00,2.159146287104e-01,6.657179322
106.0,482.0,1.482085164323e-02,1.571010274182e+00,2.078351058158e-01,6.822810931
106.0,484.0,1.518151813511e-02,1.609240922322e+00,2.000394019033e-01,6.988844526
106.0,486.0,1.556303495983e-02,1.649681705742e+00,1.921110467334e-01,7.164476617
106.0,488.0,1.607537993942e-02,1.703990273579e+00,1.819560192504e-01,7.400335730
106.0,490.0,1.672853157561e-02,1.773224347015e+00,1.697846606366e-01,7.701015491
106.0,492.0,1.754246902578e-02,1.859501716733e+00,1.557502187638e-01,8.075713347
106.0,494.0,1.853717207993e-02,1.964940240473e+00,1.401642625156e-01,8.533627037
106.0,496.0,1.976262113856e-02,2.094837840687e+00,1.230902022583e-01,9.097765147
106.0,498.0,2.124879719143e-02,2.252372502292e+00,1.051494610595e-01,9.781929489
106.0,500.0,2.268568179718e-02,2.404682270501e+00,9.029418017720e-02,10.443402408
106.0,502.0,2.434325706370e-02,2.580385248752e+00,7.574481780468e-02,11.206470747
106.0,504.0,2.613150562929e-02,2.769939596705e+00,6.266578984804e-02,12.029694821
106.0,506.0,2.854041064458e-02,3.025283528325e+00,4.854405570381e-02,13.138639425
106.0,508.0,3.153995575512e-02,3.343235310043e+00,3.532249343996e-02,14.519486469
106.0,510.0,3.480012508463e-02,3.688813258971e+00,2.500165493335e-02,16.020312431
106.0,512.0,3.746090321893e-02,3.970855741207e+00,1.885728926918e-02,17.245207368
106.0,514.0,3.912227519045e-02,4.146961170188e+00,1.581239472558e-02,18.010023529
106.0,516.0,3.992422646334e-02,4.231968005114e+00,1.452377953194e-02,18.379203522
106.0,518.0,4.046674291916e-02,4.289474749431e+00,1.371212570802e-02,18.628952139
106.0,520.0,4.082981084306e-02,4.327959949364e+00,1.319443737274e-02,18.796091239
106.0,522.0,4.125341691052e-02,4.372862192515e+00,1.261508205294e-02,18.991099203
106.0,524.0,4.177754817459e-02,4.428420106507e+00,1.193332817500e-02,19.232384158
106.0,526.0,4.246219205357e-02,4.500992357678e+00,1.109797790834e-02,19.547561440
106.0,528.0,4.317733631914e-02,4.576797649829e+00,1.028778870371e-02,19.876779641
106.0,530.0,4.395296908500e-02,4.659014723010e+00,9.475794085683e-03,20.233843853
106.0,532.0,4.480907879581e-02,4.749762352356e+00,8.653751502431e-03,20.627955800
106.0,534.0,4.584565421664e-02,4.859639346964e+00,7.753279630799e-03,21.105145524
106.0,536.0,4.687268442274e-02,4.968504548810e+00,6.953538941344e-03,21.577941089
106.0,538.0,4.789015878967e-02,5.076356831705e+00,6.242610518856e-03,22.046337602
106.0,540.0,4.895806698389e-02,5.189555100292e+00,5.574486350654e-03,22.537951436
106.0,542.0,5.021639895350e-02,5.322938289071e+00,4.878398500669e-03,23.117227265
106.0,544.0,5.177514491951e-02,5.488165361468e+00,4.135424227434e-03,23.834799323
106.0,546.0,5.359429536727e-02,5.680995308931e+00,3.410162588434e-03,24.672249144
106.0,548.0,5.558384103828e-02,5.891887150058e+00,2.761759920650e-03,25.588140773
106.0,550.0,5.760377292229e-02,6.105999929763e+00,2.229450960756e-03,26.518020760
108.0,350.0,9.889596205244e-03,1.068076390166e+00,3.436689669958e-01,4.638596825
108.0,352.0,9.716301458359e-03,1.049360557503e+00,3.501615857370e-01,4.557314997
108.0,354.0,9.530050616577e-03,1.029245466590e+00,3.572764358997e-01,4.469956267
108.0,356.0,9.330572014292e-03,1.007701777544e+00,3.650569984175e-01,4.376393214
108.0,358.0,9.137606428434e-03,9.868614942709e-01,3.727447185674e-01,4.285885014
108.0,360.0,9.010906417364e-03,9.731778930753e-01,3.778802648962e-01,4.226457889
108.0,362.0,8.910235699738e-03,9.623054555717e-01,3.820111602181e-01,4.179239493
108.0,364.0,8.775368570623e-03,9.477398056273e-01,3.876161219132e-01,4.115981679
108.0,366.0,8.606089352376e-03,9.294576500566e-01,3.947677545923e-01,4.036583286
108.0,368.0,8.442191877956e-03,9.117567228192e-01,4.018177212904e-01,3.959709136
108.0,370.0,8.293479004540e-03,8.956957324903e-01,4.083234159277e-01,3.889957141
108.0,372.0,8.159762155435e-03,8.812543127870e-01,4.142629703244e-01,3.827238852
108.0,374.0,8.020860888458e-03,8.662529759535e-01,4.205243155334e-01,3.762088874
108.0,376.0,7.906602489062e-03,8.539130688187e-01,4.257456959535e-01,3.708497338
108.0,378.0,7.796821586622e-03,8.420567313552e-01,4.308235233323e-01,3.657005919
108.0,380.0,7.711359792400e-03,8.328268575792e-01,4.348183777130e-01,3.616921086
108.0,382.0,7.610065357832e-03,8.218870586459e-01,4.396013178379e-01,3.569410143
108.0,384.0,7.512792851830e-03,8.113816279976e-01,4.442438622621e-01,3.523785638
108.0,386.0,7.419402855952e-03,8.012955084428e-01,4.487472315517e-01,3.479982177
108.0,388.0,7.359761676293e-03,7.948542610396e-01,4.516470526983e-01,3.452008195
108.0,390.0,7.313741071094e-03,7.898840356782e-01,4.538974281380e-01,3.430422780
108.0,392.0,7.241217993107e-03,7.820515432556e-01,4.574665355615e-01,3.396406698
108.0,394.0,7.222074345802e-03,7.799840293466e-01,4.584133324072e-01,3.387427599
108.0,396.0,7.216196752604e-03,7.793492492812e-01,4.587044164297e-01,3.384670784
108.0,398.0,7.223476338366e-03,7.801354445435e-01,4.583439269169e-01,3.388085187
108.0,400.0,7.253808522356e-03,7.834113204144e-01,4.568449057503e-01,3.402312135
108.0,402.0,7.297092822081e-03,7.880860247847e-01,4.547142747878e-01,3.422614118
108.0,404.0,7.303232667298e-03,7.887491280682e-01,4.544128522073e-01,3.425493939
108.0,406.0,7.292135223641e-03,7.875506041532e-01,4.549578033812e-01,3.420288816
108.0,408.0,7.213711225286e-03,7.790808123309e-01,4.588275661726e-01,3.383504978
108.0,410.0,7.187874816150e-03,7.762904801442e-01,4.601096353663e-01,3.371386719
108.0,412.0,7.144543399123e-03,7.716106871053e-01,4.622678994106e-01,3.351062636
108.0,414.0,7.143637492892e-03,7.715128492323e-01,4.623131289311e-01,3.350637731
108.0,416.0,7.135080595916e-03,7.705887043589e-01,4.627405707178e-01,3.346624221
108.0,418.0,7.168799057154e-03,7.742302981726e-01,4.610585220460e-01,3.362439462
108.0,420.0,7.204721953181e-03,7.781099709435e-01,4.592732312635e-01,3.379288667
108.0,422.0,7.222780971318e-03,7.800603449023e-01,4.583783496739e-01,3.387759033
108.0,424.0,7.232910298468e-03,7.811543122345e-01,4.578771729190e-01,3.392510073
108.0,426.0,7.285046515327e-03,7.867850236553e-01,4.553062435654e-01,3.416963942
108.0,428.0,7.349128495696e-03,7.937058775352e-01,4.521660146501e-01,3.447020829
108.0,430.0,7.455097310597e-03,8.051505095445e-01,4.470206406229e-01,3.496724234
108.0,432.0,7.572896136960e-03,8.178727827917e-01,4.413695454958e-01,3.551976365
108.0,434.0,7.722470170618e-03,8.340267784267e-01,4.342969429794e-01,3.622132276
108.0,436.0,7.903766543389e-03,8.536067866860e-01,4.258761142246e-01,3.707167172
108.0,438.0,8.216734244034e-03,8.874072983557e-01,4.117218420263e-01,3.853960929
108.0,440.0,8.571324042880e-03,9.257029966310e-01,3.962527567841e-01,4.020277033
108.0,442.0,9.027488419921e-03,9.749687493515e-01,3.772041412530e-01,4.234235479
108.0,444.0,9.485181496220e-03,1.024399601592e+00,3.590119509148e-01,4.448910942
108.0,446.0,1.007435896844e-02,1.088030768592e+00,3.368792341166e-01,4.725257589
108.0,448.0,1.061497804633e-02,1.146417629004e+00,3.177731139467e-01,4.978828502
108.0,450.0,1.112699739305e-02,1.201715718449e+00,3.006778905037e-01,5.218985053
108.0,452.0,1.141037706817e-02,1.232320723362e+00,2.916150339670e-01,5.351900901
108.0,454.0,1.156507847319e-02,1.249028475105e+00,2.867832786571e-01,5.424461745
108.0,456.0,1.165106429946e-02,1.258314944342e+00,2.841324022538e-01,5.464792368
108.0,458.0,1.175829847849e-02,1.269896235677e+00,2.808607635934e-01,5.515089277
108.0,460.0,1.186674613428e-02,1.281608582502e+00,2.775904140399e-01,5.565955353
108.0,462.0,1.205637353789e-02,1.302088342092e+00,2.719632472848e-01,5.654897819
108.0,464.0,1.222714806386e-02,1.320531990897e+00,2.669932262118e-01,5.734997568
108.0,466.0,1.241903814858e-02,1.341256120047e+00,2.615169654754e-01,5.825001318
108.0,468.0,1.257201325038e-02,1.357777431041e+00,2.572318576274e-01,5.896752460
108.0,470.0,1.283604381141e-02,1.386292731632e+00,2.500004073722e-01,6.020592837
108.0,472.0,1.314110122105e-02,1.419238931873e+00,2.418980477522e-01,6.163676366
108.0,474.0,1.344715778091e-02,1.452293040338e+00,2.340330251792e-01,6.307228535
108.0,476.0,1.378418667130e-02,1.488692160500e+00,2.256675996282e-01,6.465307906
108.0,478.0,1.413216191905e-02,1.526273487257e+00,2.173440956131e-01,6.628521534
108.0,480.0,1.446105836676e-02,1.561794303610e+00,2.097593613566e-01,6.782786479
108.0,482.0,1.482085164323e-02,1.600651977469e+00,2.017649289151e-01,6.951543213
108.0,484.0,1.518151813511e-02,1.639603958592e+00,1.940568816348e-01,7.120709517
108.0,486.0,1.556303495983e-02,1.680807775662e+00,1.862234884659e-01,7.299655421
108.0,488.0,1.607537993942e-02,1.736141033457e+00,1.761990365450e-01,7.539964706
108.0,490.0,1.672853157561e-02,1.806681410166e+00,1.641981399198e-01,7.846317670
108.0,492.0,1.754246902578e-02,1.894586654784e+00,1.503804812541e-01,8.228085297
108.0,494.0,1.853717207993e-02,2.002014584632e+00,1.350629133030e-01,8.694638868
108.0,496.0,1.976262113856e-02,2.134363082964e+00,1.183199263594e-01,9.269421093
108.0,498.0,2.124879719143e-02,2.294870096674e+00,1.007744833586e-01,9.966494197
108.0,500.0,2.268568179718e-02,2.450053634095e+00,8.628895834503e-02,10.640447737
108.0,502.0,2.434325706370e-02,2.629071762880e+00,7.214539920488e-02,11.417913591
108.0,504.0,2.613150562929e-02,2.822202607963e+00,5.947479866734e-02,12.256670195
108.0,506.0,2.854041064458e-02,3.082364349615e+00,4.585072125666e-02,13.386538283
108.0,508.0,3.153995575512e-02,3.406315221553e+00,3.316317446463e-02,14.793439043
108.0,510.0,3.480012508463e-02,3.758413509140e+00,2.332070913373e-02,16.322582477
108.0,512.0,3.746090321893e-02,4.045777547644e+00,1.749609531782e-02,17.570588640
108.0,514.0,3.912227519045e-02,4.225205720569e+00,1.462232628688e-02,18.349835293
108.0,516.0,3.992422646334e-02,4.311816458041e+00,1.340917026379e-02,18.725980947
108.0,518.0,4.046674291916e-02,4.370408235269e+00,1.264607693946e-02,18.980441802
108.0,520.0,4.082981084306e-02,4.409619571050e+00,1.215980339134e-02,19.150734470
108.0,522.0,4.125341691052e-02,4.455369026336e+00,1.161603246170e-02,19.349421830
108.0,524.0,4.177754817459e-02,4.511975202856e+00,1.097675742658e-02,19.595259331
108.0,526.0,4.246219205357e-02,4.585916741786e+00,1.019439987033e-02,19.916383354
108.0,528.0,4.317733631914e-02,4.663152322467e+00,9.436668044980e-03,20.251813219
108.0,530.0,4.395296908500e-02,4.746920661180e+00,8.678377765259e-03,20.615614492
108.0,532.0,4.480907879581e-02,4.839380509947e+00,7.911953910473e-03,21.017162513
108.0,534.0,4.584565421664e-02,4.951330655397e+00,7.073989621047e-03,21.503355817
108.0,536.0,4.687268442274e-02,5.062249917656e+00,6.331298575508e-03,21.985072053
108.0,538.0,4.789015878967e-02,5.172137149284e+00,5.672433019662e-03,22.462306236
108.0,540.0,4.895806698389e-02,5.287471234260e+00,5.054525824063e-03,22.963195803
108.0,542.0,5.021639895350e-02,5.423371086978e+00,4.412247478725e-03,23.553401364
108.0,544.0,5.177514491951e-02,5.591715651307e+00,3.728625353059e-03,24.284512517
108.0,546.0,5.359429536727e-02,5.788183899665e+00,3.063540824882e-03,25.137763279
108.0,548.0,5.558384103828e-02,6.003054832134e+00,2.471191558953e-03,26.070935882
108.0,550.0,5.760377292229e-02,6.221207475607e+00,1.986844701762e-03,27.018360774
110.0,350.0,9.889596205244e-03,1.087855582577e+00,3.369382558168e-01,4.724496766
110.0,352.0,9.716301458359e-03,1.068793160419e+00,3.434227235639e-01,4.641709719
110.0,354.0,9.530050616577e-03,1.048305567823e+00,3.505311975301e-01,4.552733235
110.0,356.0,9.330572014292e-03,1.026362921572e+00,3.583077870540e-01,4.457437533
110.0,358.0,9.137606428434e-03,1.005136707128e+00,3.659945973137e-01,4.365253255
110.0,360.0,9.010906417364e-03,9.911997059100e-01,3.711311755670e-01,4.304725627
110.0,362.0,8.910235699738e-03,9.801259269712e-01,3.752638400371e-01,4.256632817
110.0,364.0,8.775368570623e-03,9.652905427685e-01,3.808725239045e-01,4.192203562
110.0,366.0,8.606089352376e-03,9.466698287614e-01,3.880310841569e-01,4.111334828
110.0,368.0,8.442191877956e-03,9.286411065752e-01,3.950902312692e-01,4.033037083
110.0,370.0,8.293479004540e-03,9.122826904994e-01,4.016064337258e-01,3.961993384
110.0,372.0,8.159762155435e-03,8.975738370978e-01,4.075572615232e-01,3.898113646
110.0,374.0,8.020860888458e-03,8.822946977304e-01,4.138322014890e-01,3.831757186
110.0,376.0,7.906602489062e-03,8.697262737968e-01,4.190662429612e-01,3.777173215
110.0,378.0,7.796821586622e-03,8.576503745284e-01,4.241575237242e-01,3.724728251
110.0,380.0,7.711359792400e-03,8.482495771640e-01,4.281637439837e-01,3.683901106
110.0,382.0,7.610065357832e-03,8.371071893615e-01,4.329611883202e-01,3.635510331
110.0,384.0,7.512792851830e-03,8.264072137013e-01,4.376187358832e-01,3.589040927
110.0,386.0,7.419402855952e-03,8.161343141547e-01,4.421375199643e-01,3.544426291
110.0,388.0,7.359761676293e-03,8.095737843922e-01,4.450477120862e-01,3.515934273
110.0,390.0,7.313741071094e-03,8.045115178203e-01,4.473063743938e-01,3.493949128
110.0,392.0,7.241217993107e-03,7.965339792418e-01,4.508890497168e-01,3.459303118
110.0,394.0,7.222074345802e-03,7.944281780382e-01,4.518395328334e-01,3.450157740
110.0,396.0,7.216196752604e-03,7.937816427864e-01,4.521317574761e-01,3.447349873
110.0,398.0,7.223476338366e-03,7.945823972203e-01,4.517698558832e-01,3.450827505
110.0,400.0,7.253808522356e-03,7.979189374592e-01,4.502650194500e-01,3.465317915
110.0,402.0,7.297092822081e-03,8.026802104289e-01,4.481262803843e-01,3.485995861
110.0,404.0,7.303232667298e-03,8.033555934028e-01,4.478237257060e-01,3.488929012
110.0,406.0,7.292135223641e-03,8.021348746005e-01,4.483707263471e-01,3.483627498
110.0,408.0,7.213711225286e-03,7.935082347815e-01,4.522553908183e-01,3.446162477
110.0,410.0,7.187874816150e-03,7.906662297765e-01,4.535425310657e-01,3.433819806
110.0,412.0,7.144543399123e-03,7.858997739035e-01,4.557094817614e-01,3.413119351
110.0,414.0,7.143637492892e-03,7.858001242181e-01,4.557548953306e-01,3.412686578
110.0,416.0,7.135080595916e-03,7.848588655508e-01,4.561840805315e-01,3.408598744
110.0,418.0,7.168799057154e-03,7.885678962869e-01,4.544952137210e-01,3.424706860
110.0,420.0,7.204721953181e-03,7.925194148499e-01,4.527028111355e-01,3.441868087
110.0,422.0,7.222780971318e-03,7.945059068450e-01,4.518044132506e-01,3.450495312
110.0,424.0,7.232910298468e-03,7.956201328315e-01,4.513012813859e-01,3.455334334
110.0,426.0,7.285046515327e-03,8.013551166860e-01,4.487204833148e-01,3.480241052
110.0,428.0,7.349128495696e-03,8.084041345266e-01,4.455685666322e-01,3.510854548
110.0,430.0,7.455097310597e-03,8.200607041657e-01,4.404049192814e-01,3.561478386
110.0,432.0,7.572896136960e-03,8.330185750656e-01,4.347350234170e-01,3.617753705
110.0,434.0,7.722470170618e-03,8.494717187680e-01,4.276407868878e-01,3.689208800
110.0,436.0,7.903766543389e-03,8.694143197728e-01,4.191969927549e-01,3.775818416
110.0,438.0,8.216734244034e-03,9.038407668437e-01,4.050111153904e-01,3.925330576
110.0,440.0,8.571324042880e-03,9.428456447168e-01,3.895178274158e-01,4.094726608
110.0,442.0,9.027488419921e-03,9.930237261913e-01,3.704548417865e-01,4.312647247
110.0,444.0,9.485181496220e-03,1.043369964584e+00,3.522655569784e-01,4.531298182
110.0,446.0,1.007435896844e-02,1.108179486528e+00,3.301594740586e-01,4.812762360
110.0,448.0,1.061497804633e-02,1.167647585096e+00,3.110979125205e-01,5.071029030
110.0,450.0,1.112699739305e-02,1.223969713236e+00,2.940605109583e-01,5.315632925
110.0,452.0,1.141037706817e-02,1.255141477499e+00,2.850355192594e-01,5.451010177
110.0,454.0,1.156507847319e-02,1.272158632051e+00,2.802260634626e-01,5.524914740
110.0,456.0,1.165106429946e-02,1.281617072941e+00,2.775880571856e-01,5.565992227
110.0,458.0,1.175829847849e-02,1.293412832634e+00,2.743329312540e-01,5.617220560
110.0,460.0,1.186674613428e-02,1.305342074771e+00,2.710797896267e-01,5.669028601
110.0,462.0,1.205637353789e-02,1.326201089168e+00,2.654838976829e-01,5.759618149
110.0,464.0,1.222714806386e-02,1.344986287025e+00,2.605432806591e-01,5.841201227
110.0,466.0,1.241903814858e-02,1.366094196344e+00,2.551013922096e-01,5.932871712
110.0,468.0,1.257201325038e-02,1.382921457542e+00,2.508446495545e-01,6.005951579
110.0,470.0,1.283604381141e-02,1.411964819255e+00,2.436640566806e-01,6.132085296
110.0,472.0,1.314110122105e-02,1.445521134315e+00,2.356232531921e-01,6.277818521
110.0,474.0,1.344715778091e-02,1.479187355900e+00,2.278227519934e-01,6.424029064
110.0,476.0,1.378418667130e-02,1.516260533843e+00,2.195312837501e-01,6.585035830
110.0,478.0,1.413216191905e-02,1.554537811095e+00,2.112870145908e-01,6.751271933
110.0,480.0,1.446105836676e-02,1.590716420344e+00,2.037795675981e-01,6.908393636
110.0,482.0,1.482085164323e-02,1.630293680755e+00,1.958720418301e-01,7.080275494
110.0,484.0,1.518151813511e-02,1.669966994862e+00,1.882532788616e-01,7.252574508
110.0,486.0,1.556303495983e-02,1.711933845581e+00,1.805163640826e-01,7.434834225
110.0,488.0,1.607537993942e-02,1.768291793336e+00,1.706242014268e-01,7.679593682
110.0,490.0,1.672853157561e-02,1.840138473317e+00,1.587954356537e-01,7.991619849
110.0,492.0,1.754246902578e-02,1.929671592836e+00,1.451958740199e-01,8.380457247
110.0,494.0,1.853717207993e-02,2.039088928792e+00,1.301472302747e-01,8.855650699
110.0,496.0,1.976262113856e-02,2.173888325242e+00,1.137345192132e-01,9.441077039
110.0,498.0,2.124879719143e-02,2.337367691057e+00,9.658153635658e-02,10.151058904
110.0,500.0,2.268568179718e-02,2.495424997690e+00,8.246139803981e-02,10.837493065
110.0,502.0,2.434325706370e-02,2.677758277007e+00,6.871702615818e-02,11.629356436
110.0,504.0,2.613150562929e-02,2.874465619222e+00,5.644629526091e-02,12.483645568
110.0,506.0,2.854041064458e-02,3.139445170904e+00,4.330681912083e-02,13.634437140
110.0,508.0,3.153995575512e-02,3.469395133063e+00,3.113585801753e-02,15.067391618
110.0,510.0,3.480012508463e-02,3.828013759309e+00,2.175277900403e-02,16.624852523
110.0,512.0,3.746090321893e-02,4.120699354082e+00,1.623315774610e-02,17.895969911
110.0,514.0,3.912227519045e-02,4.303450270949e+00,1.352182447698e-02,18.689647058
110.0,516.0,3.992422646334e-02,4.391664910967e+00,1.238010028779e-02,19.072758372
110.0,518.0,4.046674291916e-02,4.451341721108e+00,1.166290809785e-02,19.331931465
110.0,520.0,4.082981084306e-02,4.491279192737e+00,1.120629961998e-02,19.505377701
110.0,522.0,4.125341691052e-02,4.537875860157e+00,1.069610245775e-02,19.707744456
110.0,524.0,4.177754817459e-02,4.595530299205e+00,1.009686500154e-02,19.958134504
110.0,526.0,4.246219205357e-02,4.670841125893e+00,9.364389582911e-03,20.285205268
110.0,528.0,4.317733631914e-02,4.749506995105e+00,8.655961582789e-03,20.626846797
110.0,530.0,4.395296908500e-02,4.834826599350e+00,7.948066405361e-03,20.997385131
110.0,532.0,4.480907879581e-02,4.928998667539e+00,7.233743037788e-03,21.406369226
110.0,534.0,4.584565421664e-02,5.043021963830e+00,6.454214415264e-03,21.901566110
110.0,536.0,4.687268442274e-02,5.155995286501e+00,5.764739651329e-03,22.392203016
110.0,538.0,4.789015878967e-02,5.267917466864e+00,5.154333474012e-03,22.878274870
110.0,540.0,4.895806698389e-02,5.385387368228e+00,4.583064644712e-03,23.388440169
110.0,542.0,5.021639895350e-02,5.523803884885e+00,3.990639102328e-03,23.989575463
110.0,544.0,5.177514491951e-02,5.695265941146e+00,3.361843007846e-03,24.734225712
110.0,546.0,5.359429536727e-02,5.895372490400e+00,2.752151002286e-03,25.603277413
110.0,548.0,5.558384103828e-02,6.114222514211e+00,2.211194273398e-03,26.553730991
110.0,550.0,5.760377292229e-02,6.336415021452e+00,1.770638573535e-03,27.518700789
112.0,350.0,9.889596205244e-03,1.107634774987e+00,3.303393647244e-01,4.810396707
112.0,352.0,9.716301458359e-03,1.088225763336e+00,3.368135508405e-01,4.726104441
112.0,354.0,9.530050616577e-03,1.067365669057e+00,3.439133066038e-01,4.635510202
112.0,356.0,9.330572014292e-03,1.045024065601e+00,3.516833558050e-01,4.538481851
112.0,358.0,9.137606428434e-03,1.023411919985e+00,3.593667155839e-01,4.444621496
112.0,360.0,9.010906417364e-03,1.009221518745e+00,3.645026276129e-01,4.382993366
112.0,362.0,8.910235699738e-03,9.979463983707e-01,3.686356952478e-01,4.334026140
112.0,364.0,8.775368570623e-03,9.828412799098e-01,3.742462484517e-01,4.268425445
112.0,366.0,8.606089352376e-03,9.638820074661e-01,3.814093742978e-01,4.186086370
112.0,368.0,8.442191877956e-03,9.455254903311e-01,3.884753772010e-01,4.106365029
112.0,370.0,8.293479004540e-03,9.288696485085e-01,3.949999469012e-01,4.034029628
112.0,372.0,8.159762155435e-03,9.138933614087e-01,4.009600985823e-01,3.968988439
112.0,374.0,8.020860888458e-03,8.983364195073e-01,4.072465839983e-01,3.901425499
112.0,376.0,7.906602489062e-03,8.855394787749e-01,4.124915827893e-01,3.845849091
112.0,378.0,7.796821586622e-03,8.732440177017e-01,4.175946650738e-01,3.792450582
112.0,380.0,7.711359792400e-03,8.636722967488e-01,4.216109554209e-01,3.750881127
112.0,382.0,7.610065357832e-03,8.523273200772e-01,4.264213572280e-01,3.701610519
112.0,384.0,7.512792851830e-03,8.414327994050e-01,4.310924117687e-01,3.654296217
112.0,386.0,7.419402855952e-03,8.309731198666e-01,4.356251644923e-01,3.608870406
112.0,388.0,7.359761676293e-03,8.242933077448e-01,4.385447991962e-01,3.579860350
112.0,390.0,7.313741071094e-03,8.191389999625e-01,4.408110294745e-01,3.557475476
112.0,392.0,7.241217993107e-03,8.110164152280e-01,4.444061354237e-01,3.522199539
112.0,394.0,7.222074345802e-03,8.088723267298e-01,4.453600037308e-01,3.512887881
112.0,396.0,7.216196752604e-03,8.082140362916e-01,4.456532764815e-01,3.510028962
112.0,398.0,7.223476338366e-03,8.090293498970e-01,4.452900773827e-01,3.513569824
112.0,400.0,7.253808522356e-03,8.124265545039e-01,4.437799025193e-01,3.528323696
112.0,402.0,7.297092822081e-03,8.172743960731e-01,4.416337342055e-01,3.549377604
112.0,404.0,7.303232667298e-03,8.179620587374e-01,4.413301435711e-01,3.552364085
112.0,406.0,7.292135223641e-03,8.167191450478e-01,4.418790198804e-01,3.546966180
112.0,408.0,7.213711225286e-03,8.079356572320e-01,4.457773542911e-01,3.508819977
112.0,410.0,7.187874816150e-03,8.050419794088e-01,4.470691584665e-01,3.496252894
112.0,412.0,7.144543399123e-03,8.001888607018e-01,4.492441115466e-01,3.475176067
112.0,414.0,7.143637492892e-03,8.000873992039e-01,4.492896948395e-01,3.474735425
112.0,416.0,7.135080595916e-03,7.991290267426e-01,4.497204881075e-01,3.470573266
112.0,418.0,7.168799057154e-03,8.029054944012e-01,4.480253360867e-01,3.486974257
112.0,420.0,7.204721953181e-03,8.069288587563e-01,4.462263882574e-01,3.504447506
112.0,422.0,7.222780971318e-03,8.089514687876e-01,4.453247584184e-01,3.513231590
112.0,424.0,7.232910298468e-03,8.100859534284e-01,4.448198307902e-01,3.518158594
112.0,426.0,7.285046515327e-03,8.159252097166e-01,4.422299825488e-01,3.543518162
112.0,428.0,7.349128495696e-03,8.231023915180e-01,4.390673804272e-01,3.574688267
112.0,430.0,7.455097310597e-03,8.349708987869e-01,4.338871078905e-01,3.626232539
112.0,432.0,7.572896136960e-03,8.481643673395e-01,4.282002292956e-01,3.683531045
112.0,434.0,7.722470170618e-03,8.649166591092e-01,4.210866449011e-01,3.756285324
112.0,436.0,7.903766543389e-03,8.852218528596e-01,4.126226216154e-01,3.844469660
112.0,438.0,8.216734244034e-03,9.202742353318e-01,3.984097680670e-01,3.996700222
112.0,440.0,8.571324042880e-03,9.599882928026e-01,3.828973686040e-01,4.169176183
112.0,442.0,9.027488419921e-03,1.011078703031e+00,3.638263072807e-01,4.391059015
112.0,444.0,9.485181496220e-03,1.062340327577e+00,3.456459382956e-01,4.613685422
112.0,446.0,1.007435896844e-02,1.128328204465e+00,3.235737536524e-01,4.900267130
112.0,448.0,1.061497804633e-02,1.188877541189e+00,3.045629316231e-01,5.163229558
112.0,450.0,1.112699739305e-02,1.246223708022e+00,2.875887680340e-01,5.412280796
112.0,452.0,1.141037706817e-02,1.277962231635e+00,2.786044537356e-01,5.550119453
112.0,454.0,1.156507847319e-02,1.295288788997e+00,2.738187770622e-01,5.625367735
112.0,456.0,1.165106429946e-02,1.304919201540e+00,2.711944462541e-01,5.667192086
112.0,458.0,1.175829847849e-02,1.316929429591e+00,2.679568203388e-01,5.719351843
112.0,460.0,1.186674613428e-02,1.329075567039e+00,2.647218658403e-01,5.772101848
112.0,462.0,1.205637353789e-02,1.350313836244e+00,2.591589144216e-01,5.864338479
112.0,464.0,1.222714806386e-02,1.369440583152e+00,2.542491510355e-01,5.947404886
112.0,466.0,1.241903814858e-02,1.390932272641e+00,2.488432067457e-01,6.040742107
112.0,468.0,1.257201325038e-02,1.408065484043e+00,2.446160393604e-01,6.115150699
112.0,470.0,1.283604381141e-02,1.437636906878e+00,2.374883030876e-01,6.243577756
112.0,472.0,1.314110122105e-02,1.471803336758e+00,2.295112257447e-01,6.391960676
112.0,474.0,1.344715778091e-02,1.506081671462e+00,2.217772738959e-01,6.540829592
112.0,476.0,1.378418667130e-02,1.543828907186e+00,2.135618255538e-01,6.704763754
112.0,478.0,1.413216191905e-02,1.582802134934e+00,2.053987360861e-01,6.874022331
112.0,480.0,1.446105836676e-02,1.619638537077e+00,1.979702450556e-01,7.034000793
112.0,482.0,1.482085164323e-02,1.659935384042e+00,1.901512665109e-01,7.209007776
112.0,484.0,1.518151813511e-02,1.700330031132e+00,1.826232427503e-01,7.384439499
112.0,486.0,1.556303495983e-02,1.743059915501e+00,1.749841438910e-01,7.570013029
112.0,488.0,1.607537993942e-02,1.800442553215e+00,1.652257508519e-01,7.819222658
112.0,490.0,1.672853157561e-02,1.873595536468e+00,1.535704996218e-01,8.136922028
112.0,492.0,1.754246902578e-02,1.964756530887e+00,1.401900143995e-01,8.532829196
112.0,494.0,1.853717207993e-02,2.076163272952e+00,1.254104560159e-01,9.016662530
112.0,496.0,1.976262113856e-02,2.213413567519e+00,1.093268163586e-01,9.612732985
112.0,498.0,2.124879719143e-02,2.379865285440e+00,9.256304626050e-02,10.335623611
112.0,500.0,2.268568179718e-02,2.540796361284e+00,7.880361864482e-02,11.034538393
112.0,502.0,2.434325706370e-02,2.726444791134e+00,6.545157052378e-02,11.840799280
112.0,504.0,2.613150562929e-02,2.926728630480e+00,5.357200562382e-02,12.710620942
112.0,506.0,2.854041064458e-02,3.196525992193e+00,4.090405845233e-02,13.882335997
112.0,508.0,3.153995575512e-02,3.532475044573e+00,2.923247457874e-02,15.341344193
112.0,510.0,3.480012508463e-02,3.897614009479e+00,2.029026611861e-02,16.927122569
112.0,512.0,3.746090321893e-02,4.195621160520e+00,1.506138401871e-02,18.221351182
112.0,514.0,3.912227519045e-02,4.381694821330e+00,1.250414835500e-02,19.029458823
112.0,516.0,3.992422646334e-02,4.471513363894e+00,1.143000499813e-02,19.419535797
112.0,518.0,4.046674291916e-02,4.532275206946e+00,1.075617568595e-02,19.683421128
112.0,520.0,4.082981084306e-02,4.572938814423e+00,1.032756428136e-02,19.860020932
112.0,522.0,4.125341691052e-02,4.620382693978e+00,9.849026176868e-03,20.066067083
112.0,524.0,4.177754817459e-02,4.679085395554e+00,9.287504396557e-03,20.321009676
112.0,526.0,4.246219205357e-02,4.755765510000e+00,8.601957287914e-03,20.654027182
112.0,528.0,4.317733631914e-02,4.835861667744e+00,7.939843869212e-03,21.001880375
112.0,530.0,4.395296908500e-02,4.922732537520e+00,7.279212923516e-03,21.379155769
112.0,532.0,4.480907879581e-02,5.018616825131e+00,6.613668245397e-03,21.795575939
112.0,534.0,4.584565421664e-02,5.134713272264e+00,5.888739728182e-03,22.299776403
112.0,536.0,4.687268442274e-02,5.249740655347e+00,5.248879491509e-03,22.799333980
112.0,538.0,4.789015878967e-02,5.363697784443e+00,4.683555269710e-03,23.294243504
112.0,540.0,4.895806698389e-02,5.483303502196e+00,4.155579033273e-03,23.813684536
112.0,542.0,5.021639895350e-02,5.624236682792e+00,3.609317138674e-03,24.425749563
112.0,544.0,5.177514491951e-02,5.798816230985e+00,3.031140792982e-03,25.183938907
112.0,546.0,5.359429536727e-02,6.002561081134e+00,2.472412013532e-03,26.068791548
112.0,548.0,5.558384103828e-02,6.225390196287e+00,1.978551641209e-03,27.036526099
112.0,550.0,5.760377292229e-02,6.451622567296e+00,1.577959744569e-03,28.019040803
114.0,350.0,9.889596205244e-03,1.127413967398e+00,3.238697120395e-01,4.896296649
114.0,352.0,9.716301458359e-03,1.107658366253e+00,3.303315716926e-01,4.810499163
114.0,354.0,9.530050616577e-03,1.086425770290e+00,3.374203588513e-01,4.718287170
114.0,356.0,9.330572014292e-03,1.063685209629e+00,3.451813977228e-01,4.619526170
114.0,358.0,9.137606428434e-03,1.041687132841e+00,3.528588597138e-01,4.523989737
114.0,360.0,9.010906417364e-03,1.027243331579e+00,3.579924681179e-01,4.461261105
114.0,362.0,8.910235699738e-03,1.015766869770e+00,3.621246208997e-01,4.411419464
114.0,364.0,8.775368570623e-03,1.000392017051e+00,3.677352544215e-01,4.344647327
114.0,366.0,8.606089352376e-03,9.810941861709e-01,3.749006632247e-01,4.260837913
114.0,368.0,8.442191877956e-03,9.624098740870e-01,3.819712732624e-01,4.179692976
114.0,370.0,8.293479004540e-03,9.454566065176e-01,3.885021377881e-01,4.106065871
114.0,372.0,8.159762155435e-03,9.302128857196e-01,3.944697244611e-01,4.039863233
114.0,374.0,8.020860888458e-03,9.143781412842e-01,4.007657683032e-01,3.971093811
114.0,376.0,7.906602489062e-03,9.013526837531e-01,4.060200713608e-01,3.914524968
114.0,378.0,7.796821586622e-03,8.888376608749e-01,4.111333515128e-01,3.860172914
114.0,380.0,7.711359792400e-03,8.790950163336e-01,4.151584533457e-01,3.817861147
114.0,382.0,7.610065357832e-03,8.675474507928e-01,4.199803095646e-01,3.767710707
114.0,384.0,7.512792851830e-03,8.564583851086e-01,4.246634164543e-01,3.719551506
114.0,386.0,7.419402855952e-03,8.458119255785e-01,4.292087311529e-01,3.673314520
114.0,388.0,7.359761676293e-03,8.390128310974e-01,4.321369050534e-01,3.643786428
114.0,390.0,7.313741071094e-03,8.337664821047e-01,4.344100035903e-01,3.621001824
114.0,392.0,7.241217993107e-03,8.254988512142e-01,4.380164329257e-01,3.585095959
114.0,394.0,7.222074345802e-03,8.233164754214e-01,4.389733932295e-01,3.575618021
114.0,396.0,7.216196752604e-03,8.226464297969e-01,4.392676239939e-01,3.572708050
114.0,398.0,7.223476338366e-03,8.234763025737e-01,4.389032389685e-01,3.576312142
114.0,400.0,7.253808522356e-03,8.269341715486e-01,4.373881900055e-01,3.591329476
114.0,402.0,7.297092822081e-03,8.318685817172e-01,4.352352533777e-01,3.612759347
114.0,404.0,7.303232667298e-03,8.325685240720e-01,4.349307203798e-01,3.615799158
114.0,406.0,7.292135223641e-03,8.313034154951e-01,4.354813031646e-01,3.610304861
114.0,408.0,7.213711225286e-03,8.223630796826e-01,4.393921081608e-01,3.571477476
114.0,410.0,7.187874816150e-03,8.194177290411e-01,4.406881797441e-01,3.558685981
114.0,412.0,7.144543399123e-03,8.144779475000e-01,4.428704686575e-01,3.537232782
114.0,414.0,7.143637492892e-03,8.143746741897e-01,4.429162077186e-01,3.536784272
114.0,416.0,7.135080595916e-03,8.133991879344e-01,4.433484771937e-01,3.532547789
114.0,418.0,7.168799057154e-03,8.172430925156e-01,4.416475591288e-01,3.549241655
114.0,420.0,7.204721953181e-03,8.213383026626e-01,4.398426178926e-01,3.567026926
114.0,422.0,7.222780971318e-03,8.233970307303e-01,4.389380330165e-01,3.575967869
114.0,424.0,7.232910298468e-03,8.245517740254e-01,4.384314648003e-01,3.580982855
114.0,426.0,7.285046515327e-03,8.304953027473e-01,4.358333633901e-01,3.606795272
114.0,428.0,7.349128495696e-03,8.378006485093e-01,4.326610515018e-01,3.638521986
114.0,430.0,7.455097310597e-03,8.498810934081e-01,4.274657574233e-01,3.690986691
114.0,432.0,7.572896136960e-03,8.633101596134e-01,4.217636640536e-01,3.749308385
114.0,434.0,7.722470170618e-03,8.803615994505e-01,4.146329535227e-01,3.823361847
114.0,436.0,7.903766543389e-03,9.010293859463e-01,4.061513579806e-01,3.913120903
114.0,438.0,8.216734244034e-03,9.367077038199e-01,3.919160172633e-01,4.068069869
114.0,440.0,8.571324042880e-03,9.771309408883e-01,3.763894347443e-01,4.243625757
114.0,442.0,9.027488419921e-03,1.029133679871e+00,3.573163768927e-01,4.469470783
114.0,444.0,9.485181496220e-03,1.081310690569e+00,3.391507125620e-01,4.696072661
114.0,446.0,1.007435896844e-02,1.148476922402e+00,3.171193991972e-01,4.987771900
114.0,448.0,1.061497804633e-02,1.210107497282e+00,2.981652257558e-01,5.255430086
114.0,450.0,1.112699739305e-02,1.268477702808e+00,2.812594565309e-01,5.508928667
114.0,452.0,1.141037706817e-02,1.300782985771e+00,2.723184880361e-01,5.649228729
114.0,454.0,1.156507847319e-02,1.318418945944e+00,2.675579913780e-01,5.725820731
114.0,456.0,1.165106429946e-02,1.328221330138e+00,2.649480976406e-01,5.768391944
114.0,458.0,1.175829847849e-02,1.340446026548e+00,2.617289045026e-01,5.821483126
114.0,460.0,1.186674613428e-02,1.352809059308e+00,2.585130612301e-01,5.875175095
114.0,462.0,1.205637353789e-02,1.374426583319e+00,2.529846198221e-01,5.969058809
114.0,464.0,1.222714806386e-02,1.393894879280e+00,2.481070731848e-01,6.053608544
114.0,466.0,1.241903814858e-02,1.415770348938e+00,2.427385480225e-01,6.148612502
114.0,468.0,1.257201325038e-02,1.433209510543e+00,2.385420889727e-01,6.224349818
114.0,470.0,1.283604381141e-02,1.463308994501e+00,2.314690762017e-01,6.355070216
114.0,472.0,1.314110122105e-02,1.498085539200e+00,2.235577432584e-01,6.506102831
114.0,474.0,1.344715778091e-02,1.532975987024e+00,2.158922179033e-01,6.657630121
114.0,476.0,1.378418667130e-02,1.571397280528e+00,2.077546878731e-01,6.824491678
114.0,478.0,1.413216191905e-02,1.611066458772e+00,1.996745558049e-01,6.996772730
114.0,480.0,1.446105836676e-02,1.648560653811e+00,1.923265339569e-01,7.159607950
114.0,482.0,1.482085164323e-02,1.689577087328e+00,1.845975761413e-01,7.337740058
114.0,484.0,1.518151813511e-02,1.730693067403e+00,1.771615824931e-01,7.516304490
114.0,486.0,1.556303495983e-02,1.774185985421e+00,1.696214676651e-01,7.705191833
114.0,488.0,1.607537993942e-02,1.832593313094e+00,1.599981041159e-01,7.958851634
114.0,490.0,1.672853157561e-02,1.907052599620e+00,1.485174826153e-01,8.282224207
114.0,492.0,1.754246902578e-02,1.999841468939e+00,1.353567397834e-01,8.685201146
114.0,494.0,1.853717207993e-02,2.113237617112e+00,1.208460790516e-01,9.177674361
114.0,496.0,1.976262113856e-02,2.252938809796e+00,1.050899309883e-01,9.784388932
114.0,498.0,2.124879719143e-02,2.422362879823e+00,8.871175440190e-02,10.520188319
114.0,500.0,2.268568179718e-02,2.586167724879e+00,7.530808910758e-02,11.231583722
114.0,502.0,2.434325706370e-02,2.775131305262e+00,6.234129041278e-02,12.052242124
114.0,504.0,2.613150562929e-02,2.978991641739e+00,5.084407706994e-02,12.937596316
114.0,506.0,2.854041064458e-02,3.253606813482e+00,3.863460840205e-02,14.130234854
114.0,508.0,3.153995575512e-02,3.595554956084e+00,2.744544793066e-02,15.615296768
114.0,510.0,3.480012508463e-02,3.967214259648e+00,1.892608291969e-02,17.229392615
114.0,512.0,3.746090321893e-02,4.270542966958e+00,1.397419356771e-02,18.546732453
114.0,514.0,3.912227519045e-02,4.459939371711e+00,1.156306431502e-02,19.369270588
114.0,516.0,3.992422646334e-02,4.551361816821e+00,1.055282358141e-02,19.766313222
114.0,518.0,4.046674291916e-02,4.613208692784e+00,9.919937156018e-03,20.034910791
114.0,520.0,4.082981084306e-02,4.654598436109e+00,9.517734453164e-03,20.214664163
114.0,522.0,4.125341691052e-02,4.702889527799e+00,9.069033979044e-03,20.424389709
114.0,524.0,4.177754817459e-02,4.762640491903e+00,8.543021809533e-03,20.683884849
114.0,526.0,4.246219205357e-02,4.840689894107e+00,7.901600902864e-03,21.022849096
114.0,528.0,4.317733631914e-02,4.922216340382e+00,7.282971402369e-03,21.376913954
114.0,530.0,4.395296908500e-02,5.010638475690e+00,6.666645456075e-03,21.760926408
114.0,532.0,4.480907879581e-02,5.108234982722e+00,6.046746121845e-03,22.184782653
114.0,534.0,4.584565421664e-02,5.226404580697e+00,5.372808114998e-03,22.697986696
114.0,536.0,4.687268442274e-02,5.343486024192e+00,4.779181295730e-03,23.206464944
114.0,538.0,4.789015878967e-02,5.459478102022e+00,4.255776246343e-03,23.710212138
114.0,540.0,4.895806698389e-02,5.581219636163e+00,3.767967166185e-03,24.238928903
114.0,542.0,5.021639895350e-02,5.724669480699e+00,3.264432055489e-03,24.861923662
114.0,544.0,5.177514491951e-02,5.902366520824e+00,2.732969530532e-03,25.633652102
114.0,546.0,5.359429536727e-02,6.109749671869e+00,2.221106748714e-03,26.534305683
114.0,548.0,5.558384103828e-02,6.336557878364e+00,1.770385643643e-03,27.519321208
114.0,550.0,5.760377292229e-02,6.566830113141e+00,1.406248001538e-03,28.519380817
116.0,350.0,9.889596205244e-03,1.147193159808e+00,3.175267666453e-01,4.982196590
116.0,352.0,9.716301458359e-03,1.127090969170e+00,3.239743382788e-01,4.894893885
116.0,354.0,9.530050616577e-03,1.105485871523e+00,3.310499953945e-01,4.801064138
116.0,356.0,9.330572014292e-03,1.082346353658e+00,3.387996485109e-01,4.700570489
116.0,358.0,9.137606428434e-03,1.059962345698e+00,3.464688561273e-01,4.603357978
116.0,360.0,9.010906417364e-03,1.045265144414e+00,3.515985826178e-01,4.539528843
116.0,362.0,8.910235699738e-03,1.033587341170e+00,3.557285492215e-01,4.488812788
116.0,364.0,8.775368570623e-03,1.017942754192e+00,3.613375361914e-01,4.420869210
116.0,366.0,8.606089352376e-03,9.983063648756e-01,3.685030226252e-01,4.335589455
116.0,368.0,8.442191877956e-03,9.792942578429e-01,3.755760652039e-01,4.253020923
116.0,370.0,8.293479004540e-03,9.620435645266e-01,3.821112186217e-01,4.178102114
116.0,372.0,8.159762155435e-03,9.465324100305e-01,3.880844105600e-01,4.110738026
116.0,374.0,8.020860888458e-03,9.304198630611e-01,3.943880866151e-01,4.040762124
116.0,376.0,7.906602489062e-03,9.171658887312e-01,3.996500903924e-01,3.983200845
116.0,378.0,7.796821586622e-03,9.044313040482e-01,4.047720118653e-01,3.927895246
116.0,380.0,7.711359792400e-03,8.945177359184e-01,4.088047029335e-01,3.884841167
116.0,382.0,7.610065357832e-03,8.827675815085e-01,4.136365532171e-01,3.833810895
116.0,384.0,7.512792851830e-03,8.714839708123e-01,4.183302984498e-01,3.784806796
116.0,386.0,7.419402855952e-03,8.606507312904e-01,4.228868070847e-01,3.737758634
116.0,388.0,7.359761676293e-03,8.537323544500e-01,4.258226412705e-01,3.707712506
116.0,390.0,7.313741071094e-03,8.483939642469e-01,4.281019271326e-01,3.684528172
116.0,392.0,7.241217993107e-03,8.399812872004e-01,4.317186020172e-01,3.647992379
116.0,394.0,7.222074345802e-03,8.377606241130e-01,4.326783688458e-01,3.638348162
116.0,396.0,7.216196752604e-03,8.370788233021e-01,4.329734698972e-01,3.635387139
116.0,398.0,7.223476338366e-03,8.379232552505e-01,4.326080075921e-01,3.639054460
116.0,400.0,7.253808522356e-03,8.414417885933e-01,4.310885366153e-01,3.654335256
116.0,402.0,7.297092822081e-03,8.464627673614e-01,4.289294750627e-01,3.676141090
116.0,404.0,7.303232667298e-03,8.471749894066e-01,4.286240907984e-01,3.679234231
116.0,406.0,7.292135223641e-03,8.458876859424e-01,4.291762153750e-01,3.673643543
116.0,408.0,7.213711225286e-03,8.367905021332e-01,4.330983233122e-01,3.634134976
116.0,410.0,7.187874816150e-03,8.337934786734e-01,4.343982761691e-01,3.621119068
116.0,412.0,7.144543399123e-03,8.287670342983e-01,4.365872517141e-01,3.599289498
116.0,414.0,7.143637492892e-03,8.286619491755e-01,4.366331329498e-01,3.598833119
116.0,416.0,7.135080595916e-03,8.276693491263e-01,4.370667501877e-01,3.594522312
116.0,418.0,7.168799057154e-03,8.315806906299e-01,4.353605717662e-01,3.611509052
116.0,420.0,7.204721953181e-03,8.357477465690e-01,4.335501745429e-01,3.629606346
116.0,422.0,7.222780971318e-03,8.378425926729e-01,4.326429042765e-01,3.638704147
116.0,424.0,7.232910298468e-03,8.390175946223e-01,4.321348465634e-01,3.643807116
116.0,426.0,7.285046515327e-03,8.450653957779e-01,4.295292678916e-01,3.670072382
116.0,428.0,7.349128495696e-03,8.524989055007e-01,4.263481958157e-01,3.702355705
116.0,430.0,7.455097310597e-03,8.647912880293e-01,4.211394402979e-01,3.755740844
116.0,432.0,7.572896136960e-03,8.784559518874e-01,4.154238511469e-01,3.815085725
116.0,434.0,7.722470170618e-03,8.958065397917e-01,4.082781732186e-01,3.890438371
116.0,436.0,7.903766543389e-03,9.168369190331e-01,3.997815847896e-01,3.981772147
116.0,438.0,8.216734244034e-03,9.531411723079e-01,3.855281092449e-01,4.139439516
116.0,440.0,8.571324042880e-03,9.942735889741e-01,3.699921133009e-01,4.318075332
116.0,442.0,9.027488419921e-03,1.047188656711e+00,3.509229284435e-01,4.547882551
116.0,444.0,9.485181496220e-03,1.100281053562e+00,3.327775422402e-01,4.778459901
116.0,446.0,1.007435896844e-02,1.168625640339e+00,3.107937903245e-01,5.075276670
116.0,448.0,1.061497804633e-02,1.231337453374e+00,2.919019112938e-01,5.347630614
116.0,450.0,1.112699739305e-02,1.290731697594e+00,2.750694417896e-01,5.605576539
116.0,452.0,1.141037706817e-02,1.323603739908e+00,2.661743483708e-01,5.748338005
116.0,454.0,1.156507847319e-02,1.341549102890e+00,2.614403567143e-01,5.826273726
116.0,456.0,1.165106429946e-02,1.351523458737e+00,2.588456194918e-01,5.869591803
116.0,458.0,1.175829847849e-02,1.363962623505e+00,2.556457393602e-01,5.923614409
116.0,460.0,1.186674613428e-02,1.376542551576e+00,2.524498783446e-01,5.978248343
116.0,462.0,1.205637353789e-02,1.398539330395e+00,2.469574238238e-01,6.073779139
116.0,464.0,1.222714806386e-02,1.418349175408e+00,2.421133738839e-01,6.159812203
116.0,466.0,1.241903814858e-02,1.440608425235e+00,2.367836496990e-01,6.256482897
116.0,468.0,1.257201325038e-02,1.458353537044e+00,2.326189581037e-01,6.333548938
116.0,470.0,1.283604381141e-02,1.488981082124e+00,2.256024087970e-01,6.466562676
116.0,472.0,1.314110122105e-02,1.524367741642e+00,2.177586931036e-01,6.620244986
116.0,474.0,1.344715778091e-02,1.559870302586e+00,2.101633270733e-01,6.774430649
116.0,476.0,1.378418667130e-02,1.598965653871e+00,2.021054569155e-01,6.944219602
116.0,478.0,1.413216191905e-02,1.639330782610e+00,1.941099005554e-01,7.119523129
116.0,480.0,1.446105836676e-02,1.677482770544e+00,1.868437130716e-01,7.285215107
116.0,482.0,1.482085164323e-02,1.719218790615e+00,1.792060907220e-01,7.466472339
116.0,484.0,1.518151813511e-02,1.761056103673e+00,1.718632625223e-01,7.648169481
116.0,486.0,1.556303495983e-02,1.805312055340e+00,1.644231394519e-01,7.840370637
116.0,488.0,1.607537993942e-02,1.864744072973e+00,1.549358570846e-01,8.098480611
116.0,490.0,1.672853157561e-02,1.940509662771e+00,1.436307278853e-01,8.427526386
116.0,492.0,1.754246902578e-02,2.034926406990e+00,1.306901000279e-01,8.837573096
116.0,494.0,1.853717207993e-02,2.150311961272e+00,1.164478248950e-01,9.338686192
116.0,496.0,1.976262113856e-02,2.292464052073e+00,1.010172431886e-01,9.956044878
116.0,498.0,2.124879719143e-02,2.464860474206e+00,8.502070412543e-02,10.704753026
116.0,500.0,2.268568179718e-02,2.631539088473e+00,7.196761243410e-02,11.428629050
116.0,502.0,2.434325706370e-02,2.823817819389e+00,5.937881183337e-02,12.263684969
116.0,504.0,2.613150562929e-02,3.031254652998e+00,4.825505677809e-02,13.164571690
116.0,506.0,2.854041064458e-02,3.310687634771e+00,3.649107259416e-02,14.378133711
116.0,508.0,3.153995575512e-02,3.658634867594e+00,2.576766500167e-02,15.889249343
116.0,510.0,3.480012508463e-02,4.036814509817e+00,1.765361836996e-02,17.531662661
116.0,512.0,3.746090321893e-02,4.345464773396e+00,1.296548083663e-02,18.872113724
116.0,514.0,3.912227519045e-02,4.538183922092e+00,1.069280790321e-02,19.709082352
116.0,516.0,3.992422646334e-02,4.631210269747e+00,9.742960353782e-03,20.113090647
116.0,518.0,4.046674291916e-02,4.694142178623e+00,9.148711963476e-03,20.386400454
116.0,520.0,4.082981084306e-02,4.736258057795e+00,8.771406950668e-03,20.569307394
116.0,522.0,4.125341691052e-02,4.785396361620e+00,8.350813150058e-03,20.782712336
116.0,524.0,4.177754817459e-02,4.846195588252e+00,7.858216644852e-03,21.046760022
116.0,526.0,4.246219205357e-02,4.925614278214e+00,7.258266315256e-03,21.391671010
116.0,528.0,4.317733631914e-02,5.008571013020e+00,6.680442754473e-03,21.751947532
116.0,530.0,4.395296908500e-02,5.098544413860e+00,6.105627367133e-03,22.142697047
116.0,532.0,4.480907879581e-02,5.197853140314e+00,5.528420432564e-03,22.573989366
116.0,534.0,4.584565421664e-02,5.318095889130e+00,4.902078946100e-03,23.096196989
116.0,536.0,4.687268442274e-02,5.437231393038e+00,4.351514241164e-03,23.613595908
116.0,538.0,4.789015878967e-02,5.555258419602e+00,3.867069014018e-03,24.126180772
116.0,540.0,4.895806698389e-02,5.679135770131e+00,3.416509817710e-03,24.664173269
116.0,542.0,5.021639895350e-02,5.825102278606e+00,2.952502159125e-03,25.298097761
116.0,544.0,5.177514491951e-02,6.005916810663e+00,2.464129172790e-03,26.083365296
116.0,546.0,5.359429536727e-02,6.216938262603e+00,1.995345097088e-03,26.999819818
116.0,548.0,5.558384103828e-02,6.447725560440e+00,1.584121062063e-03,28.002116317
116.0,550.0,5.760377292229e-02,6.682037658986e+00,1.253221730552e-03,29.019720832
118.0,350.0,9.889596205244e-03,1.166972352219e+00,3.113080469960e-01,5.068096531
118.0,352.0,9.716301458359e-03,1.146523572086e+00,3.177394498667e-01,4.979288607
118.0,354.0,9.530050616577e-03,1.124545972756e+00,3.247999018904e-01,4.883841106
118.0,356.0,9.330572014292e-03,1.101007497686e+00,3.325358857353e-01,4.781614808
118.0,358.0,9.137606428434e-03,1.078237558555e+00,3.401945706096e-01,4.682726219
118.0,360.0,9.010906417364e-03,1.063286957249e+00,3.453188944135e-01,4.617796582
118.0,362.0,8.910235699738e-03,1.051407812569e+00,3.494454489640e-01,4.566206112
118.0,364.0,8.775368570623e-03,1.035493491334e+00,3.550511230322e-01,4.497091093
118.0,366.0,8.606089352376e-03,1.015518543580e+00,3.622145570933e-01,4.410340997
118.0,368.0,8.442191877956e-03,9.961786415988e-01,3.692879298206e-01,4.326348870
118.0,370.0,8.293479004540e-03,9.786305225357e-01,3.758254310462e-01,4.250138358
118.0,372.0,8.159762155435e-03,9.628519343413e-01,3.818024562606e-01,4.181612820
118.0,374.0,8.020860888458e-03,9.464615848380e-01,3.881118976864e-01,4.110430436
118.0,376.0,7.906602489062e-03,9.329790937093e-01,3.933800469897e-01,4.051876721
118.0,378.0,7.796821586622e-03,9.200249472214e-01,3.985090992658e-01,3.995617578
118.0,380.0,7.711359792400e-03,9.099404555032e-01,4.025481928496e-01,3.951821187
118.0,382.0,7.610065357832e-03,8.979877122242e-01,4.073886186110e-01,3.899911082
118.0,384.0,7.512792851830e-03,8.865095565159e-01,4.120916279115e-01,3.850062085
118.0,386.0,7.419402855952e-03,8.754895370023e-01,4.166580002366e-01,3.802202749
118.0,388.0,7.359761676293e-03,8.684518778026e-01,4.196006397467e-01,3.771638583
118.0,390.0,7.313741071094e-03,8.630214463891e-01,4.218854503808e-01,3.748054519
118.0,392.0,7.241217993107e-03,8.544637231866e-01,4.255113217619e-01,3.710888800
118.0,394.0,7.222074345802e-03,8.522047728046e-01,4.264736172044e-01,3.701078303
118.0,396.0,7.216196752604e-03,8.515112168073e-01,4.267695031342e-01,3.698066227
118.0,398.0,7.223476338366e-03,8.523702079272e-01,4.264030693249e-01,3.701796778
118.0,400.0,7.253808522356e-03,8.559494056380e-01,4.248796164312e-01,3.717341037
118.0,402.0,7.297092822081e-03,8.610569530056e-01,4.227150561674e-01,3.739522833
118.0,404.0,7.303232667298e-03,8.617814547412e-01,4.224089092909e-01,3.742669304
118.0,406.0,7.292135223641e-03,8.604719563896e-01,4.229624153899e-01,3.736982225
118.0,408.0,7.213711225286e-03,8.512179245837e-01,4.268946896679e-01,3.696792475
118.0,410.0,7.187874816150e-03,8.481692283057e-01,4.281981478338e-01,3.683552156
118.0,412.0,7.144543399123e-03,8.430561210965e-01,4.303931778000e-01,3.661346213
118.0,414.0,7.143637492892e-03,8.429492241613e-01,4.304391879708e-01,3.660881966
118.0,416.0,7.135080595916e-03,8.419395103181e-01,4.308740278726e-01,3.656496834
118.0,418.0,7.168799057154e-03,8.459182887442e-01,4.291630815813e-01,3.673776449
118.0,420.0,7.204721953181e-03,8.501571904754e-01,4.273477516726e-01,3.692185766
118.0,422.0,7.222780971318e-03,8.522881546155e-01,4.264380585444e-01,3.701440425
118.0,424.0,7.232910298468e-03,8.534834152192e-01,4.259286584266e-01,3.706631376
118.0,426.0,7.285046515327e-03,8.596354888086e-01,4.233163577484e-01,3.733349492
118.0,428.0,7.349128495696e-03,8.671971624921e-01,4.201274495227e-01,3.766189424
118.0,430.0,7.455097310597e-03,8.797014826504e-01,4.149067500600e-01,3.820494996
118.0,432.0,7.572896136960e-03,8.936017441613e-01,4.091793362260e-01,3.880863065
118.0,434.0,7.722470170618e-03,9.112514801329e-01,4.020207880500e-01,3.957514894
118.0,436.0,7.903766543389e-03,9.326444521199e-01,3.935117103426e-01,4.050423391
118.0,438.0,8.216734244034e-03,9.695746407960e-01,3.792443188614e-01,4.210809163
118.0,440.0,8.571324042880e-03,1.011416237060e+00,3.637035242444e-01,4.392524907
118.0,442.0,9.027488419921e-03,1.065243633551e+00,3.446438777262e-01,4.626294319
118.0,444.0,9.485181496220e-03,1.119251416554e+00,3.265241337188e-01,4.860847141
118.0,446.0,1.007435896844e-02,1.188774358276e+00,3.045943589349e-01,5.162781440
118.0,448.0,1.061497804633e-02,1.252567409467e+00,2.857701651861e-01,5.439831141
118.0,450.0,1.112699739305e-02,1.312985692380e+00,2.690156581388e-01,5.702224410
118.0,452.0,1.141037706817e-02,1.346424494044e+00,2.601688348138e-01,5.847447281
118.0,454.0,1.156507847319e-02,1.364679259836e+00,2.554625999653e-01,5.926726721
118.0,456.0,1.165106429946e-02,1.374825587336e+00,2.528836980780e-01,5.970791662
118.0,458.0,1.175829847849e-02,1.387479220462e+00,2.497039605817e-01,6.025745692
118.0,460.0,1.186674613428e-02,1.400276043845e+00,2.465289017620e-01,6.081321590
118.0,462.0,1.205637353789e-02,1.422652077471e+00,2.410738218970e-01,6.178499469
118.0,464.0,1.222714806386e-02,1.442803471535e+00,2.362644686465e-01,6.266015862
118.0,466.0,1.241903814858e-02,1.465446501532e+00,2.309748378309e-01,6.364353291
118.0,468.0,1.257201325038e-02,1.483497563545e+00,2.268429018220e-01,6.442748058
118.0,470.0,1.283604381141e-02,1.514653169746e+00,2.198844341983e-01,6.578055136
118.0,472.0,1.314110122105e-02,1.550649944084e+00,2.121100693318e-01,6.734387141
118.0,474.0,1.344715778091e-02,1.586764618147e+00,2.045864574253e-01,6.891231177
118.0,476.0,1.378418667130e-02,1.626534027213e+00,1.966098389075e-01,7.063947526
118.0,478.0,1.413216191905e-02,1.667595106448e+00,1.887003245944e-01,7.242273528
118.0,480.0,1.446105836676e-02,1.706404887278e+00,1.815171957615e-01,7.410822264
118.0,482.0,1.482085164323e-02,1.748860493901e+00,1.739720727822e-01,7.595204621
118.0,484.0,1.518151813511e-02,1.791419139943e+00,1.667233978673e-01,7.780034473
118.0,486.0,1.556303495983e-02,1.836438125260e+00,1.593841225370e-01,7.975549442
118.0,488.0,1.607537993942e-02,1.896894832852e+00,1.500337766074e-01,8.238109587
118.0,490.0,1.672853157561e-02,1.973966725922e+00,1.389047648101e-01,8.572828565
118.0,492.0,1.754246902578e-02,2.070011345042e+00,1.261843501302e-01,8.989945046
118.0,494.0,1.853717207993e-02,2.187386305432e+00,1.122096474226e-01,9.499698022
118.0,496.0,1.976262113856e-02,2.331989294350e+00,9.710238959581e-02,10.127700824
118.0,498.0,2.124879719143e-02,2.507358068589e+00,8.148322822290e-02,10.889317733
118.0,500.0,2.268568179718e-02,2.676910452067e+00,6.877531087087e-02,11.625674379
118.0,502.0,2.434325706370e-02,2.872504333517e+00,5.655711120827e-02,12.475127813
118.0,504.0,2.613150562929e-02,3.083517664256e+00,4.579787143061e-02,13.391547064
118.0,506.0,2.854041064458e-02,3.367768456060e+00,3.446646502056e-02,14.626032568
118.0,508.0,3.153995575512e-02,3.721714779104e+00,2.419244755326e-02,16.163201918
118.0,510.0,3.480012508463e-02,4.106414759986e+00,1.646670591452e-02,17.833932707
118.0,512.0,3.746090321893e-02,4.420386579834e+00,1.202958099231e-02,19.197494995
118.0,514.0,3.912227519045e-02,4.616428472473e+00,9.888048508607e-03,20.048894117
118.0,516.0,3.992422646334e-02,4.711058722674e+00,8.995249065153e-03,20.459868072
118.0,518.0,4.046674291916e-02,4.775075664461e+00,8.437445648522e-03,20.737890117
118.0,520.0,4.082981084306e-02,4.817917679481e+00,8.083602276658e-03,20.923950625
118.0,522.0,4.125341691052e-02,4.867903195441e+00,7.689471715325e-03,21.141034962
118.0,524.0,4.177754817459e-02,4.929750684602e+00,7.228305184533e-03,21.409635195
118.0,526.0,4.246219205357e-02,5.010538662321e+00,6.667310909627e-03,21.760492924
118.0,528.0,4.317733631914e-02,5.094925685659e+00,6.127761998527e-03,22.126981110
118.0,530.0,4.395296908500e-02,5.186450352030e+00,5.591820622816e-03,22.524467686
118.0,532.0,4.480907879581e-02,5.287471297906e+00,5.054525502365e-03,22.963196079
118.0,534.0,4.584565421664e-02,5.409787197564e+00,4.472591888536e-03,23.494407282
118.0,536.0,4.687268442274e-02,5.530976761883e+00,3.962117153407e-03,24.020726872
118.0,538.0,4.789015878967e-02,5.651038737181e+00,3.513864896452e-03,24.542149406
118.0,540.0,4.895806698389e-02,5.777051904099e+00,3.097834673100e-03,25.089417636
118.0,542.0,5.021639895350e-02,5.925535076513e+00,2.670378446070e-03,25.734271861
118.0,544.0,5.177514491951e-02,6.109467100502e+00,2.221734458565e-03,26.533078491
118.0,546.0,5.359429536727e-02,6.324126853338e+00,1.792530709647e-03,27.465333953
118.0,548.0,5.558384103828e-02,6.558893242517e+00,1.417453619940e-03,28.484911426
118.0,550.0,5.760377292229e-02,6.797245204830e+00,1.116847600288e-03,29.520060846
120.0,350.0,9.889596205244e-03,1.186751544629e+00,3.052111201470e-01,5.153996472
120.0,352.0,9.716301458359e-03,1.165956175003e+00,3.116245519257e-01,5.063683329
120.0,354.0,9.530050616577e-03,1.143606073989e+00,3.186678076896e-01,4.966618074
120.0,356.0,9.330572014292e-03,1.119668641715e+00,3.263879280507e-01,4.862659127
120.0,358.0,9.137606428434e-03,1.096512771412e+00,3.340339075952e-01,4.762094460
120.0,360.0,9.010906417364e-03,1.081308770084e+00,3.391513638966e-01,4.696064321
120.0,362.0,8.910235699738e-03,1.069228283969e+00,3.432733247554e-01,4.643599436
120.0,364.0,8.775368570623e-03,1.053044228475e+00,3.488740785005e-01,4.573312976
120.0,366.0,8.606089352376e-03,1.032730722285e+00,3.560334035678e-01,4.485092540
120.0,368.0,8.442191877956e-03,1.013063025355e+00,3.631050744332e-01,4.399676817
120.0,370.0,8.293479004540e-03,9.952174805448e-01,3.696430456308e-01,4.322174601
120.0,372.0,8.159762155435e-03,9.791714586522e-01,3.756221884726e-01,4.252487613
120.0,374.0,8.020860888458e-03,9.625033066150e-01,3.819355863879e-01,4.180098749
120.0,376.0,7.906602489062e-03,9.487922986874e-01,3.872083732488e-01,4.120552598
120.0,378.0,7.796821586622e-03,9.356185903946e-01,3.923430907828e-01,4.063339910
120.0,380.0,7.711359792400e-03,9.253631750880e-01,3.963874348893e-01,4.018801207
120.0,382.0,7.610065357832e-03,9.132078429398e-01,4.012350583694e-01,3.966011270
120.0,384.0,7.512792851830e-03,9.015351422196e-01,4.059459963192e-01,3.915317375
120.0,386.0,7.419402855952e-03,8.903283427142e-01,4.105209390616e-01,3.866646863
120.0,388.0,7.359761676293e-03,8.831714011552e-01,4.134695523717e-01,3.835564661
120.0,390.0,7.313741071094e-03,8.776489285313e-01,4.157592432138e-01,3.811580867
120.0,392.0,7.241217993107e-03,8.689461591728e-01,4.193932902163e-01,3.773785220
120.0,394.0,7.222074345802e-03,8.666489214962e-01,4.203578437641e-01,3.763808444
120.0,396.0,7.216196752604e-03,8.659436103125e-01,4.206544314335e-01,3.760745316
120.0,398.0,7.223476338366e-03,8.668171606039e-01,4.202871290842e-01,3.764539097
120.0,400.0,7.253808522356e-03,8.704570226827e-01,4.187601226332e-01,3.780346817
120.0,402.0,7.297092822081e-03,8.756511386497e-01,4.165906730576e-01,3.802904576
120.0,404.0,7.303232667298e-03,8.763879200758e-01,4.162838498322e-01,3.806104377
120.0,406.0,7.292135223641e-03,8.750562268369e-01,4.168385815046e-01,3.800320907
120.0,408.0,7.213711225286e-03,8.656453470343e-01,4.207799159159e-01,3.759449975
120.0,410.0,7.187874816150e-03,8.625449779380e-01,4.220865133842e-01,3.745985243
120.0,412.0,7.144543399123e-03,8.573452078948e-01,4.242869822001e-01,3.723402929
120.0,414.0,7.143637492892e-03,8.572364991470e-01,4.243331084137e-01,3.722930813
120.0,416.0,7.135080595916e-03,8.562096715099e-01,4.247690491565e-01,3.718471357
120.0,418.0,7.168799057154e-03,8.602558868585e-01,4.230538145546e-01,3.736043847
120.0,420.0,7.204721953181e-03,8.645666343817e-01,4.212340614374e-01,3.754765185
120.0,422.0,7.222780971318e-03,8.667337165582e-01,4.203222010059e-01,3.764176704
120.0,424.0,7.232910298468e-03,8.679492358162e-01,4.198116016605e-01,3.769455637
120.0,426.0,7.285046515327e-03,8.742055818392e-01,4.171933140132e-01,3.796626602
120.0,428.0,7.349128495696e-03,8.818954194835e-01,4.139974686765e-01,3.830023143
120.0,430.0,7.455097310597e-03,8.946116772716e-01,4.087663010703e-01,3.885249149
120.0,432.0,7.572896136960e-03,9.087475364352e-01,4.030286868029e-01,3.946640405
120.0,434.0,7.722470170618e-03,9.266964204742e-01,3.958593053120e-01,4.024591418
120.0,436.0,7.903766543389e-03,9.484519852067e-01,3.873401679026e-01,4.119074635
120.0,438.0,8.216734244034e-03,9.860081092841e-01,3.730629490814e-01,4.282178810
120.0,440.0,8.571324042880e-03,1.028558885146e+00,3.575218194995e-01,4.466974481
120.0,442.0,9.027488419921e-03,1.083298610391e+00,3.384771778264e-01,4.704706087
120.0,444.0,9.485181496220e-03,1.138221779546e+00,3.203882364869e-01,4.943234380
120.0,446.0,1.007435896844e-02,1.208923076213e+00,2.985185881548e-01,5.250286210
120.0,448.0,1.061497804633e-02,1.273797365560e+00,2.797672236832e-01,5.532031669
120.0,450.0,1.112699739305e-02,1.335239687166e+00,2.630951073774e-01,5.798872282
120.0,452.0,1.141037706817e-02,1.369245248180e+00,2.542988196372e-01,5.946556557
120.0,454.0,1.156507847319e-02,1.387809416783e+00,2.496215228636e-01,6.027179716
120.0,456.0,1.165106429946e-02,1.398127715935e+00,2.470590959939e-01,6.071991520
120.0,458.0,1.175829847849e-02,1.410995817419e+00,2.439002820318e-01,6.127876975
120.0,460.0,1.186674613428e-02,1.424009536114e+00,2.407467961661e-01,6.184394837
120.0,462.0,1.205637353789e-02,1.446764824547e+00,2.353303930053e-01,6.283219799
120.0,464.0,1.222714806386e-02,1.467257767663e+00,2.305568595792e-01,6.372219520
120.0,466.0,1.241903814858e-02,1.490284577830e+00,2.253085286033e-01,6.472223686
120.0,468.0,1.257201325038e-02,1.508641590046e+00,2.212102681849e-01,6.551947177
120.0,470.0,1.283604381141e-02,1.540325257369e+00,2.143113837326e-01,6.689547596
120.0,472.0,1.314110122105e-02,1.576932146526e+00,2.066079699079e-01,6.848529296
120.0,474.0,1.344715778091e-02,1.613658933709e+00,1.991575749428e-01,7.008031706
120.0,476.0,1.378418667130e-02,1.654102400556e+00,1.912636568314e-01,7.183675451
120.0,478.0,1.413216191905e-02,1.695859430286e+00,1.834415060755e-01,7.365023927
120.0,480.0,1.446105836676e-02,1.735327004011e+00,1.763425261436e-01,7.536429421
120.0,482.0,1.482085164323e-02,1.778502197188e+00,1.688909232169e-01,7.723936903
120.0,484.0,1.518151813511e-02,1.821782176213e+00,1.617372496511e-01,7.911899464
120.0,486.0,1.556303495983e-02,1.867564195180e+00,1.544995345640e-01,8.110728246
120.0,488.0,1.607537993942e-02,1.929045592730e+00,1.452867951077e-01,8.377738563
120.0,490.0,1.672853157561e-02,2.007423789073e+00,1.343343027708e-01,8.718130744
120.0,492.0,1.754246902578e-02,2.105096283094e+00,1.218339431554e-01,9.142316996
120.0,494.0,1.853717207993e-02,2.224460649592e+00,1.081257205624e-01,9.660709853
120.0,496.0,1.976262113856e-02,2.371514536627e+00,9.333925345410e-02,10.299356770
120.0,498.0,2.124879719143e-02,2.549855662972e+00,7.809293689018e-02,11.073882441
120.0,500.0,2.268568179718e-02,2.722281815662e+00,6.572461174416e-02,11.822719707
120.0,502.0,2.434325706370e-02,2.921190847644e+00,5.386949872290e-02,12.686570657
120.0,504.0,2.613150562929e-02,3.135780675515e+00,4.346580788869e-02,13.618522438
120.0,506.0,2.854041064458e-02,3.424849277350e+00,3.255418727274e-02,14.873931425
120.0,508.0,3.153995575512e-02,3.784794690614e+00,2.271352559804e-02,16.437154493
120.0,510.0,3.480012508463e-02,4.176015010156e+00,1.535959359678e-02,18.136202753
120.0,512.0,3.746090321893e-02,4.495308386272e+00,1.116123811173e-02,19.522876266
120.0,514.0,3.912227519045e-02,4.694673022854e+00,9.143856711311e-03,20.388705882
120.0,516.0,3.992422646334e-02,4.790907175601e+00,8.304919942811e-03,20.806645497
120.0,518.0,4.046674291916e-02,4.856009150299e+00,7.781476710161e-03,21.089379780
120.0,520.0,4.082981084306e-02,4.899577301167e+00,7.449731398247e-03,21.278593856
120.0,522.0,4.125341691052e-02,4.950410029262e+00,7.080505119478e-03,21.499357589
120.0,524.0,4.177754817459e-02,5.013305780951e+00,6.648887171490e-03,21.772510368
120.0,526.0,4.246219205357e-02,5.095463046428e+00,6.124470064179e-03,22.129314838
120.0,528.0,4.317733631914e-02,5.181280358297e+00,5.620805160773e-03,22.502014688
120.0,530.0,4.395296908500e-02,5.274356290200e+00,5.121252247733e-03,22.906238324
120.0,532.0,4.480907879581e-02,5.377089455497e+00,4.621252736780e-03,23.352402792
120.0,534.0,4.584565421664e-02,5.501478505997e+00,4.080733586984e-03,23.892617575
120.0,536.0,4.687268442274e-02,5.624722130729e+00,3.607565428333e-03,24.427857836
120.0,538.0,4.789015878967e-02,5.746819054760e+00,3.192921167365e-03,24.958118040
120.0,540.0,4.895806698389e-02,5.874968038067e+00,2.808883970453e-03,25.514662003
120.0,542.0,5.021639895350e-02,6.025967874420e+00,2.415212813036e-03,26.170445960
120.0,544.0,5.177514491951e-02,6.213017390341e+00,2.003183947856e-03,26.982791686
120.0,546.0,5.359429536727e-02,6.431315444072e+00,1.610331140070e-03,27.930848087
120.0,548.0,5.558384103828e-02,6.670060924594e+00,1.268321476683e-03,28.967706535
120.0,550.0,5.760377292229e-02,6.912452750675e+00,9.953135441718e-04,30.020400860
122.0,350.0,9.889596205244e-03,1.206530737040e+00,2.992336008025e-01,5.239896413
122.0,352.0,9.716301458359e-03,1.185388777920e+00,3.056273352386e-01,5.148078052
122.0,354.0,9.530050616577e-03,1.162666175222e+00,3.126514850117e-01,5.049395042
122.0,356.0,9.330572014292e-03,1.138329785744e+00,3.203536344405e-01,4.943703445
122.0,358.0,9.137606428434e-03,1.114787984269e+00,3.279848094677e-01,4.841462701
122.0,360.0,9.010906417364e-03,1.099330582918e+00,3.330939878871e-01,4.774332059
122.0,362.0,8.910235699738e-03,1.087048755368e+00,3.372102164672e-01,4.720992760
122.0,364.0,8.775368570623e-03,1.070594965616e+00,3.428044998426e-01,4.649534859
122.0,366.0,8.606089352376e-03,1.049942900990e+00,3.499577307807e-01,4.559844082
122.0,368.0,8.442191877956e-03,1.029947409111e+00,3.570257363764e-01,4.473004764
122.0,370.0,8.293479004540e-03,1.011804438554e+00,3.635623613945e-01,4.394210844
122.0,372.0,8.159762155435e-03,9.954909829631e-01,3.695419611880e-01,4.323362407
122.0,374.0,8.020860888458e-03,9.785450283919e-01,3.758575632932e-01,4.249767061
122.0,376.0,7.906602489062e-03,9.646055036656e-01,3.811335258647e-01,4.189228475
122.0,378.0,7.796821586622e-03,9.512122335679e-01,3.862724870489e-01,4.131062242
122.0,380.0,7.711359792400e-03,9.407858946728e-01,3.903209636239e-01,4.085781227
122.0,382.0,7.610065357832e-03,9.284279736555e-01,3.951744469779e-01,4.032111458
122.0,384.0,7.512792851830e-03,9.165607279233e-01,3.998920161586e-01,3.980572665
122.0,386.0,7.419402855952e-03,9.051671484261e-01,4.044742722145e-01,3.931090978
122.0,388.0,7.359761676293e-03,8.978909245077e-01,4.074280507334e-01,3.899490739
122.0,390.0,7.313741071094e-03,8.922764106735e-01,4.097219948251e-01,3.875107215
122.0,392.0,7.241217993107e-03,8.834285951591e-01,4.133632241562e-01,3.836681640
122.0,394.0,7.222074345802e-03,8.810930701878e-01,4.143297725480e-01,3.826538584
122.0,396.0,7.216196752604e-03,8.803760038177e-01,4.146269810404e-01,3.823424405
122.0,398.0,7.223476338366e-03,8.812641132807e-01,4.142589103626e-01,3.827281415
122.0,400.0,7.253808522356e-03,8.849646397274e-01,4.127287672227e-01,3.843352597
122.0,402.0,7.297092822081e-03,8.902453242939e-01,4.105550212762e-01,3.866286319
122.0,404.0,7.303232667298e-03,8.909943854104e-01,4.102476056245e-01,3.869539450
122.0,406.0,7.292135223641e-03,8.896404972842e-01,4.108034111509e-01,3.863659588
122.0,408.0,7.213711225286e-03,8.800727694849e-01,4.147527292409e-01,3.822107475
122.0,410.0,7.187874816150e-03,8.769207275703e-01,4.160621097547e-01,3.808418331
122.0,412.0,7.144543399123e-03,8.716342946930e-01,4.182674181423e-01,3.785459644
122.0,414.0,7.143637492892e-03,8.715237741328e-01,4.183136478462e-01,3.784979660
122.0,416.0,7.135080595916e-03,8.704798327018e-01,4.187505708157e-01,3.780445880
122.0,418.0,7.168799057154e-03,8.745934849728e-01,4.170315148026e-01,3.798311244
122.0,420.0,7.204721953181e-03,8.789760782881e-01,4.152078344173e-01,3.817344605
122.0,422.0,7.222780971318e-03,8.811792785008e-01,4.142940554168e-01,3.826912982
122.0,424.0,7.232910298468e-03,8.824150564131e-01,4.137823961877e-01,3.832279897
122.0,426.0,7.285046515327e-03,8.887756748699e-01,4.111588368167e-01,3.859903712
122.0,428.0,7.349128495696e-03,8.965936764749e-01,4.079569289396e-01,3.893856862
122.0,430.0,7.455097310597e-03,9.095218718928e-01,4.027167281961e-01,3.950003301
122.0,432.0,7.572896136960e-03,9.238933287091e-01,3.969704919223e-01,4.012417745
122.0,434.0,7.722470170618e-03,9.421413608154e-01,3.897922551771e-01,4.091667942
122.0,436.0,7.903766543389e-03,9.642595182935e-01,3.812654153041e-01,4.187725879
122.0,438.0,8.216734244034e-03,1.002441577772e+00,3.669823305334e-01,4.353548457
122.0,440.0,8.571324042880e-03,1.045701533231e+00,3.514451824017e-01,4.541424056
122.0,442.0,9.027488419921e-03,1.101353587230e+00,3.324208184552e-01,4.783117856
122.0,444.0,9.485181496220e-03,1.157192142539e+00,3.143676423245e-01,5.025621620
122.0,446.0,1.007435896844e-02,1.229071794150e+00,2.925640113151e-01,5.337790981
122.0,448.0,1.061497804633e-02,1.295027321652e+00,2.738903810915e-01,5.624232197
122.0,450.0,1.112699739305e-02,1.357493681952e+00,2.573048572890e-01,5.895520153
122.0,452.0,1.141037706817e-02,1.392066002317e+00,2.485612456816e-01,6.045665833
122.0,454.0,1.156507847319e-02,1.410939573729e+00,2.439140002694e-01,6.127632712
122.0,456.0,1.165106429946e-02,1.421429844534e+00,2.413686504002e-01,6.173191379
122.0,458.0,1.175829847849e-02,1.434512414376e+00,2.382314939524e-01,6.230008258
122.0,460.0,1.186674613428e-02,1.447743028382e+00,2.351003044674e-01,6.287468084
122.0,462.0,1.205637353789e-02,1.470877571623e+00,2.297237976162e-01,6.387940129
122.0,464.0,1.222714806386e-02,1.491712063791e+00,2.249871332899e-01,6.478423179
122.0,466.0,1.241903814858e-02,1.515122654127e+00,2.197812261201e-01,6.580094081
122.0,468.0,1.257201325038e-02,1.533785616546e+00,2.157174959296e-01,6.661146297
122.0,470.0,1.283604381141e-02,1.565997344992e+00,2.088795842455e-01,6.801040056
122.0,472.0,1.314110122105e-02,1.603214348968e+00,2.012485940151e-01,6.962671451
122.0,474.0,1.344715778091e-02,1.640553249271e+00,1.938727526556e-01,7.124832234
122.0,476.0,1.378418667130e-02,1.681670773899e+00,1.860628472502e-01,7.303403375
122.0,478.0,1.413216191905e-02,1.724123754124e+00,1.783292435959e-01,7.487774325
122.0,480.0,1.446105836676e-02,1.764249120745e+00,1.713153753630e-01,7.662036578
122.0,482.0,1.482085164323e-02,1.808143900474e+00,1.639581772458e-01,7.852669185
122.0,484.0,1.518151813511e-02,1.852145212483e+00,1.569002207208e-01,8.043764455
122.0,486.0,1.556303495983e-02,1.898690265099e+00,1.497646428047e-01,8.245907050
122.0,488.0,1.607537993942e-02,1.961196352609e+00,1.406900053439e-01,8.517367539
122.0,490.0,1.672853157561e-02,2.040880852224e+00,1.299142252291e-01,8.863432923
122.0,492.0,1.754246902578e-02,2.140181221145e+00,1.176335234082e-01,9.294688946
122.0,494.0,1.853717207993e-02,2.261534993751e+00,1.041904302854e-01,9.821721684
122.0,496.0,1.976262113856e-02,2.411039778904e+00,8.972195505830e-02,10.471012716
122.0,498.0,2.124879719143e-02,2.592353257354e+00,7.484370618516e-02,11.258447148
122.0,500.0,2.268568179718e-02,2.767653179256e+00,6.280923392743e-02,12.019765036
122.0,502.0,2.434325706370e-02,2.969877361771e+00,5.130960246484e-02,12.898013501
122.0,504.0,2.613150562929e-02,3.188043686773e+00,4.125249485185e-02,13.845497812
122.0,506.0,2.854041064458e-02,3.481930098639e+00,3.074800703688e-02,15.121830282
122.0,508.0,3.153995575512e-02,3.847874602125e+00,2.132501244271e-02,16.711107068
122.0,510.0,3.480012508463e-02,4.245615260325e+00,1.432691618366e-02,18.438472798
122.0,512.0,3.746090321893e-02,4.570230192709e+00,1.035557566521e-02,19.848257537
122.0,514.0,3.912227519045e-02,4.772917573235e+00,8.455674088189e-03,20.728517646
122.0,516.0,3.992422646334e-02,4.870755628527e+00,7.667569264278e-03,21.153422922
122.0,518.0,4.046674291916e-02,4.936942636138e+00,7.176506055643e-03,21.440869443
122.0,520.0,4.082981084306e-02,4.981236922853e+00,6.865565128839e-03,21.633237086
122.0,522.0,4.125341691052e-02,5.032916863083e+00,6.519765544756e-03,21.857680215
122.0,524.0,4.177754817459e-02,5.096860877300e+00,6.115915071461e-03,22.135385540
122.0,526.0,4.246219205357e-02,5.180387430536e+00,5.625826375199e-03,22.498136752
122.0,528.0,4.317733631914e-02,5.267635030935e+00,5.155789448573e-03,22.877048266
122.0,530.0,4.395296908500e-02,5.362262228370e+00,4.690283604216e-03,23.288008963
122.0,532.0,4.480907879581e-02,5.466707613089e+00,4.225120013185e-03,23.741609505
122.0,534.0,4.584565421664e-02,5.593169814430e+00,3.723207263919e-03,24.290827868
122.0,536.0,4.687268442274e-02,5.718467499574e+00,3.284740913961e-03,24.834988800
122.0,538.0,4.789015878967e-02,5.842599372340e+00,2.901291279383e-03,25.374086674
122.0,540.0,4.895806698389e-02,5.972884172035e+00,2.546885160779e-03,25.939906370
122.0,542.0,5.021639895350e-02,6.126400672327e+00,2.184429304707e-03,26.606620059
122.0,544.0,5.177514491951e-02,6.316567680180e+00,1.806132102547e-03,27.432504881
122.0,546.0,5.359429536727e-02,6.538504034807e+00,1.446651020662e-03,28.396362222
122.0,548.0,5.558384103828e-02,6.781228606670e+00,1.134879720638e-03,29.450501644
122.0,550.0,5.760377292229e-02,7.027660296519e+00,8.870046826054e-04,30.520740875
124.0,350.0,9.889596205244e-03,1.226309929450e+00,2.933731503823e-01,5.325796355
124.0,352.0,9.716301458359e-03,1.204821380837e+00,2.997455350286e-01,5.232472774
124.0,354.0,9.530050616577e-03,1.181726276456e+00,3.067487481360e-01,5.132172010
124.0,356.0,9.330572014292e-03,1.156990929772e+00,3.144309034718e-01,5.024747764
124.0,358.0,9.137606428434e-03,1.133063197126e+00,3.220452558724e-01,4.920830942
124.0,360.0,9.010906417364e-03,1.117352395753e+00,3.271447989823e-01,4.852599798
124.0,362.0,8.910235699738e-03,1.104869226768e+00,3.312541985919e-01,4.798386084
124.0,364.0,8.775368570623e-03,1.088145702757e+00,3.368405174079e-01,4.725756742
124.0,366.0,8.606089352376e-03,1.067155079695e+00,3.439857387141e-01,4.634595624
124.0,368.0,8.442191877956e-03,1.046831792867e+00,3.510481824968e-01,4.546332711
124.0,370.0,8.293479004540e-03,1.028391396563e+00,3.575817053372e-01,4.466247088
124.0,372.0,8.159762155435e-03,1.011810507274e+00,3.635601550430e-01,4.394237200
124.0,374.0,8.020860888458e-03,9.945867501688e-01,3.698762642693e-01,4.319435374
124.0,376.0,7.906602489062e-03,9.804187086437e-01,3.751539857448e-01,4.257904351
124.0,378.0,7.796821586622e-03,9.668058767411e-01,3.802958118958e-01,4.198784573
124.0,380.0,7.711359792400e-03,9.562086142576e-01,3.843473360522e-01,4.152761247
124.0,382.0,7.610065357832e-03,9.436481043712e-01,3.892053804544e-01,4.098211646
124.0,384.0,7.512792851830e-03,9.315863136269e-01,3.939283206076e-01,4.045827954
124.0,386.0,7.419402855952e-03,9.200059541380e-01,3.985166682542e-01,3.995535092
124.0,388.0,7.359761676293e-03,9.126104478603e-01,4.014748258298e-01,3.963416816
124.0,390.0,7.313741071094e-03,9.069038928157e-01,4.037724134426e-01,3.938633563
124.0,392.0,7.241217993107e-03,8.979110311453e-01,4.074198588076e-01,3.899578061
124.0,394.0,7.222074345802e-03,8.955372188794e-01,4.083881458769e-01,3.889268725
124.0,396.0,7.216196752604e-03,8.948083973229e-01,4.086858964514e-01,3.886103493
124.0,398.0,7.223476338366e-03,8.957110659574e-01,4.083171549621e-01,3.890023733
124.0,400.0,7.253808522356e-03,8.994722567721e-01,4.067842807526e-01,3.906358377
124.0,402.0,7.297092822081e-03,9.048395099380e-01,4.046068152654e-01,3.929668062
124.0,404.0,7.303232667298e-03,9.056008507450e-01,4.042988888195e-01,3.932974523
124.0,406.0,7.292135223641e-03,9.042247677315e-01,4.048556206196e-01,3.926998270
124.0,408.0,7.213711225286e-03,8.945001919355e-01,4.088118750591e-01,3.884764974
124.0,410.0,7.187874816150e-03,8.912964772026e-01,4.101236919077e-01,3.870851418
124.0,412.0,7.144543399123e-03,8.859233814913e-01,4.123332565431e-01,3.847516360
124.0,414.0,7.143637492892e-03,8.858110491186e-01,4.123795775177e-01,3.847028506
124.0,416.0,7.135080595916e-03,8.847499938936e-01,4.128173672416e-01,3.842420402
124.0,418.0,7.168799057154e-03,8.889310830871e-01,4.110949443197e-01,3.860578642
124.0,420.0,7.204721953181e-03,8.933855221944e-01,4.092678193525e-01,3.879924025
124.0,422.0,7.222780971318e-03,8.956248404434e-01,4.083523638365e-01,3.889649261
124.0,424.0,7.232910298468e-03,8.968808770100e-01,4.078397803147e-01,3.895104158
124.0,426.0,7.285046515327e-03,9.033457679005e-01,4.052116450914e-01,3.923180822
124.0,428.0,7.349128495696e-03,9.112919334663e-01,4.020045252980e-01,3.957690581
124.0,430.0,7.455097310597e-03,9.244320665140e-01,3.967566865085e-01,4.014757454
124.0,432.0,7.572896136960e-03,9.390391209830e-01,3.910033618378e-01,4.078195085
124.0,434.0,7.722470170618e-03,9.575863011566e-01,3.838181903449e-01,4.158744465
124.0,436.0,7.903766543389e-03,9.800670513802e-01,3.752859345679e-01,4.256377123
124.0,438.0,8.216734244034e-03,1.018875046260e+00,3.610008210554e-01,4.424918103
124.0,440.0,8.571324042880e-03,1.062844181317e+00,3.454718271637e-01,4.615873631
124.0,442.0,9.027488419921e-03,1.119408564070e+00,3.264728252938e-01,4.861529624
124.0,444.0,9.485181496220e-03,1.176162505531e+00,3.084601845071e-01,5.108008860
124.0,446.0,1.007435896844e-02,1.249220512087e+00,2.867282109495e-01,5.425295751
124.0,448.0,1.061497804633e-02,1.316257277745e+00,2.681369885537e-01,5.716432725
124.0,450.0,1.112699739305e-02,1.379747676738e+00,2.516420401902e-01,5.992168024
124.0,452.0,1.141037706817e-02,1.414886756453e+00,2.429531247646e-01,6.144775108
124.0,454.0,1.156507847319e-02,1.434069730676e+00,2.383369784981e-01,6.228085707
124.0,456.0,1.165106429946e-02,1.444731973133e+00,2.358092713067e-01,6.274391238
124.0,458.0,1.175829847849e-02,1.458029011333e+00,2.326944611872e-01,6.332139541
124.0,460.0,1.186674613428e-02,1.471476520651e+00,2.295862459682e-01,6.390541332
124.0,462.0,1.205637353789e-02,1.494990318698e+00,2.242507757594e-01,6.492660459
124.0,464.0,1.222714806386e-02,1.516166359919e+00,2.195519588461e-01,6.584626838
124.0,466.0,1.241903814858e-02,1.539960730424e+00,2.143895202473e-01,6.687964476
124.0,468.0,1.257201325038e-02,1.558929643047e+00,2.103611122213e-01,6.770345417
124.0,470.0,1.283604381141e-02,1.591669432615e+00,2.035854556798e-01,6.912532516
124.0,472.0,1.314110122105e-02,1.629496551410e+00,1.960282394291e-01,7.076813606
124.0,474.0,1.344715778091e-02,1.667447564833e+00,1.887281677990e-01,7.241632763
124.0,476.0,1.378418667130e-02,1.709239147241e+00,1.810034572190e-01,7.423131299
124.0,478.0,1.413216191905e-02,1.752388077962e+00,1.733594528406e-01,7.610524724
124.0,480.0,1.446105836676e-02,1.793171237478e+00,1.664315379710e-01,7.787643735
124.0,482.0,1.482085164323e-02,1.837785603761e+00,1.591695004903e-01,7.981401466
124.0,484.0,1.518151813511e-02,1.882508248754e+00,1.522078514092e-01,8.175629446
124.0,486.0,1.556303495983e-02,1.929816335019e+00,1.451748595730e-01,8.381085854
124.0,488.0,1.607537993942e-02,1.993347112488e+00,1.362386553369e-01,8.656996515
124.0,490.0,1.672853157561e-02,2.074337915376e+00,1.256395839986e-01,9.008735103
124.0,492.0,1.754246902578e-02,2.175266159197e+00,1.135779198395e-01,9.447060896
124.0,494.0,1.853717207993e-02,2.298609337911e+00,1.003983668881e-01,9.982733515
124.0,496.0,1.976262113856e-02,2.450565021181e+00,8.624484256715e-02,10.642668662
124.0,498.0,2.124879719143e-02,2.634850851737e+00,7.172966696602e-02,11.443011855
124.0,500.0,2.268568179718e-02,2.813024542850e+00,6.002317490907e-02,12.216810364
124.0,502.0,2.434325706370e-02,3.018563875899e+00,4.887135331707e-02,13.109456346
124.0,504.0,2.613150562929e-02,3.240306698032e+00,3.915188545120e-02,14.072473186
124.0,506.0,2.854041064458e-02,3.539010919928e+00,2.904203778209e-02,15.369729139
124.0,508.0,3.153995575512e-02,3.910954513635e+00,2.002138125668e-02,16.985059642
124.0,510.0,3.480012508463e-02,4.315215510494e+00,1.336366916482e-02,18.740742844
124.0,512.0,3.746090321893e-02,4.645151999147e+00,9.608069130358e-03,20.173638808
124.0,514.0,3.912227519045e-02,4.851162123616e+00,7.819285290990e-03,21.068329411
124.0,516.0,3.992422646334e-02,4.950604081454e+00,7.079131265245e-03,21.500200347
124.0,518.0,4.046674291916e-02,5.017876121976e+00,6.618568825045e-03,21.792359106
124.0,520.0,4.082981084306e-02,5.062896544539e+00,6.327205910997e-03,21.987880317
124.0,522.0,4.125341691052e-02,5.115423696904e+00,6.003433659224e-03,22.216002842
124.0,524.0,4.177754817459e-02,5.180415973649e+00,5.625665798889e-03,22.498260713
124.0,526.0,4.246219205357e-02,5.265311814643e+00,5.167781387160e-03,22.866958666
124.0,528.0,4.317733631914e-02,5.353989703573e+00,4.729245024099e-03,23.252081844
124.0,530.0,4.395296908500e-02,5.450168166540e+00,4.295582256804e-03,23.669779602
124.0,532.0,4.480907879581e-02,5.556325770680e+00,3.862943695708e-03,24.130816219
124.0,534.0,4.584565421664e-02,5.684861122863e+00,3.397004983200e-03,24.689038160
124.0,536.0,4.687268442274e-02,5.812212868420e+00,2.990804487456e-03,25.242119764
124.0,538.0,4.789015878967e-02,5.938379689919e+00,2.636297812128e-03,25.790055308
124.0,540.0,4.895806698389e-02,6.070800306002e+00,2.309324304753e-03,26.365150736
124.0,542.0,5.021639895350e-02,6.226833470234e+00,1.975698108882e-03,27.042794159
124.0,544.0,5.177514491951e-02,6.420117970019e+00,1.628464113513e-03,27.882218075
124.0,546.0,5.359429536727e-02,6.645692625541e+00,1.299607964789e-03,28.861876357
124.0,548.0,5.558384103828e-02,6.892396288747e+00,1.015477545712e-03,29.933296753
124.0,550.0,5.760377292229e-02,7.142867842364e+00,7.904818653086e-04,31.021080889
126.0,350.0,9.889596205244e-03,1.246089121861e+00,2.876274761069e-01,5.411696296
126.0,352.0,9.716301458359e-03,1.224253983753e+00,2.939769301049e-01,5.316867496
126.0,354.0,9.530050616577e-03,1.200786377689e+00,3.009574526073e-01,5.214948978
126.0,356.0,9.330572014292e-03,1.175652073801e+00,3.086176725629e-01,5.105792083
126.0,358.0,9.137606428434e-03,1.151338409983e+00,3.162132630418e-01,5.000199183
126.0,360.0,9.010906417364e-03,1.135374208588e+00,3.213018649182e-01,4.930867537
126.0,362.0,8.910235699738e-03,1.122689698167e+00,3.254033796318e-01,4.875779408
126.0,364.0,8.775368570623e-03,1.105696439898e+00,3.309802940735e-01,4.801978625
126.0,366.0,8.606089352376e-03,1.084367258399e+00,3.381156580673e-01,4.709347167
126.0,368.0,8.442191877956e-03,1.063716176622e+00,3.451707086583e-01,4.619660658
126.0,370.0,8.293479004540e-03,1.044978354572e+00,3.516994319804e-01,4.538283331
126.0,372.0,8.159762155435e-03,1.028130031585e+00,3.576751768864e-01,4.465111994
126.0,374.0,8.020860888458e-03,1.010628471946e+00,3.639901500748e-01,4.389103686
126.0,376.0,7.906602489062e-03,9.962319136218e-01,3.692682576295e-01,4.326580228
126.0,378.0,7.796821586622e-03,9.823995199144e-01,3.744116119955e-01,4.266506905
126.0,380.0,7.711359792400e-03,9.716313338424e-01,3.784651312575e-01,4.219741267
126.0,382.0,7.610065357832e-03,9.588682350868e-01,3.833264760237e-01,4.164311834
126.0,384.0,7.512792851830e-03,9.466118993306e-01,3.880535632278e-01,4.111083244
126.0,386.0,7.419402855952e-03,9.348447598500e-01,3.926468153510e-01,4.059979206
126.0,388.0,7.359761676293e-03,9.273299712129e-01,3.956085877862e-01,4.027342894
126.0,390.0,7.313741071094e-03,9.215313749578e-01,3.979092260517e-01,4.002159910
126.0,392.0,7.241217993107e-03,9.123934671315e-01,4.015619475817e-01,3.962474481
126.0,394.0,7.222074345802e-03,9.099813675711e-01,4.025317241075e-01,3.951998866
126.0,396.0,7.216196752604e-03,9.092407908281e-01,4.028299401530e-01,3.948782582
126.0,398.0,7.223476338366e-03,9.101580186341e-01,4.024606227308e-01,3.952766052
126.0,400.0,7.253808522356e-03,9.139798738169e-01,4.009254120591e-01,3.969364158
126.0,402.0,7.297092822081e-03,9.194336955822e-01,3.987447880928e-01,3.993049805
126.0,404.0,7.303232667298e-03,9.202073160795e-01,3.984364302429e-01,3.996409596
126.0,406.0,7.292135223641e-03,9.188090381788e-01,3.989939447874e-01,3.990336952
126.0,408.0,7.213711225286e-03,9.089276143860e-01,4.029561167571e-01,3.947422474
126.0,410.0,7.187874816150e-03,9.056722268349e-01,4.042700325755e-01,3.933284505
126.0,412.0,7.144543399123e-03,9.002124682895e-01,4.064832857566e-01,3.909573075
126.0,414.0,7.143637492892e-03,9.000983241044e-01,4.065296861082e-01,3.909077353
126.0,416.0,7.135080595916e-03,8.990201550854e-01,4.069682301908e-01,3.904394925
126.0,418.0,7.168799057154e-03,9.032686812014e-01,4.052428827236e-01,3.922846039
126.0,420.0,7.204721953181e-03,9.077949661008e-01,4.034127828840e-01,3.942503445
126.0,422.0,7.222780971318e-03,9.100704023861e-01,4.024958863653e-01,3.952385539
126.0,424.0,7.232910298468e-03,9.113466976070e-01,4.019825104684e-01,3.957928419
126.0,426.0,7.285046515327e-03,9.179158609312e-01,3.993504763001e-01,3.986457933
126.0,428.0,7.349128495696e-03,9.259901904577e-01,3.961389717785e-01,4.021524300
126.0,430.0,7.455097310597e-03,9.393422611352e-01,3.908848509828e-01,4.079511606
126.0,432.0,7.572896136960e-03,9.541849132570e-01,3.851259276934e-01,4.143972425
126.0,434.0,7.722470170618e-03,9.730312414979e-01,3.779356856968e-01,4.225820989
126.0,436.0,7.903766543389e-03,9.958745844670e-01,3.694002315215e-01,4.325028367
126.0,438.0,8.216734244034e-03,1.035308514748e+00,3.551168052512e-01,4.496287750
126.0,440.0,8.571324042880e-03,1.079986829403e+00,3.395999983502e-01,4.690323205
126.0,442.0,9.027488419921e-03,1.137463540910e+00,3.206312593495e-01,4.939941392
126.0,444.0,9.485181496220e-03,1.195132868524e+00,3.026637370265e-01,5.190396099
126.0,446.0,1.007435896844e-02,1.269369230023e+00,2.810088178130e-01,5.512800521
126.0,448.0,1.061497804633e-02,1.337487233838e+00,2.625044528549e-01,5.808633253
126.0,450.0,1.112699739305e-02,1.402001671524e+00,2.461038515101e-01,6.088815896
126.0,452.0,1.141037706817e-02,1.437707510589e+00,2.374715361238e-01,6.243884384
126.0,454.0,1.156507847319e-02,1.457199887622e+00,2.328874736869e-01,6.328538702
126.0,456.0,1.165106429946e-02,1.468034101732e+00,2.303779398941e-01,6.375591096
126.0,458.0,1.175829847849e-02,1.481545608290e+00,2.272861214480e-01,6.434270824
126.0,460.0,1.186674613428e-02,1.495210012919e+00,2.242015145714e-01,6.493614579
126.0,462.0,1.205637353789e-02,1.519103065774e+00,2.189081451314e-01,6.597380789
126.0,464.0,1.222714806386e-02,1.540620656046e+00,2.142480857829e-01,6.690830496
126.0,466.0,1.241903814858e-02,1.564798806721e+00,2.091300845083e-01,6.795834870
126.0,468.0,1.257201325038e-02,1.584073669548e+00,2.051377304574e-01,6.879544536
126.0,470.0,1.283604381141e-02,1.617341520238e+00,1.984255087162e-01,7.024024976
126.0,472.0,1.314110122105e-02,1.655778753852e+00,1.909432999605e-01,7.190955761
126.0,474.0,1.344715778091e-02,1.694341880395e+00,1.837200990490e-01,7.358433291
126.0,476.0,1.378418667130e-02,1.736807520584e+00,1.760816412810e-01,7.542859223
126.0,478.0,1.413216191905e-02,1.780652401800e+00,1.685281633185e-01,7.733275123
126.0,480.0,1.446105836676e-02,1.822093354212e+00,1.616869284073e-01,7.913250892
126.0,482.0,1.482085164323e-02,1.867427307047e+00,1.545206851644e-01,8.110133748
126.0,484.0,1.518151813511e-02,1.912871285024e+00,1.476558154232e-01,8.307494437
126.0,486.0,1.556303495983e-02,1.960942404939e+00,1.407257377800e-01,8.516264658
126.0,488.0,1.607537993942e-02,2.025497872367e+00,1.319281434571e-01,8.796625491
126.0,490.0,1.672853157561e-02,2.107794978527e+00,1.215055937062e-01,9.154037282
126.0,492.0,1.754246902578e-02,2.210351097248e+00,1.096621396803e-01,9.599432846
126.0,494.0,1.853717207993e-02,2.335683682071e+00,9.674431755573e-02,10.143745346
126.0,496.0,1.976262113856e-02,2.490090263459e+00,8.290248317258e-02,10.814324609
126.0,498.0,2.124879719143e-02,2.677348446120e+00,6.874519428965e-02,11.627576563
126.0,500.0,2.268568179718e-02,2.858395906445e+00,5.736069843373e-02,12.413855693
126.0,502.0,2.434325706370e-02,3.067250390026e+00,4.654897056897e-02,13.320899190
126.0,504.0,2.613150562929e-02,3.292569709291e+00,3.715824072917e-02,14.299448560
126.0,506.0,2.854041064458e-02,3.596091741217e+00,2.743071957557e-02,15.617627996
126.0,508.0,3.153995575512e-02,3.974034425145e+00,1.879744307312e-02,17.259012217
126.0,510.0,3.480012508463e-02,4.384815760663e+00,1.246518450011e-02,19.043012890
126.0,512.0,3.746090321893e-02,4.720073805585e+00,8.914520582751e-03,20.499020079
126.0,514.0,3.912227519045e-02,4.929406673997e+00,7.230792225932e-03,21.408141176
126.0,516.0,3.992422646334e-02,5.030452534381e+00,6.535852203388e-03,21.846977772
126.0,518.0,4.046674291916e-02,5.098809607814e+00,6.104008406348e-03,22.143848769
126.0,520.0,4.082981084306e-02,5.144556166226e+00,5.831061811940e-03,22.342523548
126.0,522.0,4.125341691052e-02,5.197930530726e+00,5.527992602387e-03,22.574325468
126.0,524.0,4.177754817459e-02,5.263971069998e+00,5.174714709247e-03,22.861135886
126.0,526.0,4.246219205357e-02,5.350236198750e+00,4.747029624520e-03,23.235780580
126.0,528.0,4.317733631914e-02,5.440344376212e+00,4.337989113221e-03,23.627115422
126.0,530.0,4.395296908500e-02,5.538074104710e+00,3.934096204413e-03,24.051550240
126.0,532.0,4.480907879581e-02,5.645943928272e+00,3.531813049012e-03,24.520022932
126.0,534.0,4.584565421664e-02,5.776552431297e+00,3.099382343743e-03,25.087248453
126.0,536.0,4.687268442274e-02,5.905958237265e+00,2.723171086087e-03,25.649250728
126.0,538.0,4.789015878967e-02,6.034160007498e+00,2.395507891132e-03,26.206023942
126.0,540.0,4.895806698389e-02,6.168716439970e+00,2.093921950879e-03,26.790395103
126.0,542.0,5.021639895350e-02,6.327266268141e+00,1.786912036489e-03,27.478968258
126.0,544.0,5.177514491951e-02,6.523668259858e+00,1.468273203971e-03,28.331931270
126.0,546.0,5.359429536727e-02,6.752881216276e+00,1.167510918681e-03,29.327390492
126.0,548.0,5.558384103828e-02,7.003563970823e+00,9.086378292724e-04,30.416091862
126.0,550.0,5.760377292229e-02,7.258075388209e+00,7.044625486603e-04,31.521420903
128.0,350.0,9.889596205244e-03,1.265868314271e+00,2.819943301009e-01,5.497596237
128.0,352.0,9.716301458359e-03,1.243686586670e+00,2.883193420234e-01,5.401262218
128.0,354.0,9.530050616577e-03,1.219846478922e+00,2.952754944568e-01,5.297725946
128.0,356.0,9.330572014292e-03,1.194313217829e+00,3.029119172653e-01,5.186836402
128.0,358.0,9.137606428434e-03,1.169613622840e+00,3.104868831329e-01,5.079567424
128.0,360.0,9.010906417364e-03,1.153396021423e+00,3.155632879417e-01,5.009135276
128.0,362.0,8.910235699738e-03,1.140510169566e+00,3.196559014976e-01,4.953172732
128.0,364.0,8.775368570623e-03,1.123247177040e+00,3.252220246780e-01,4.878200508
128.0,366.0,8.606089352376e-03,1.101579437104e+00,3.323457497328e-01,4.784098709
128.0,368.0,8.442191877956e-03,1.080600560378e+00,3.393916392567e-01,4.692988605
128.0,370.0,8.293479004540e-03,1.061565312581e+00,3.459139229136e-01,4.610319574
128.0,372.0,8.159762155435e-03,1.044449555896e+00,3.518854593557e-01,4.535986788
128.0,374.0,8.020860888458e-03,1.026670193723e+00,3.581977059631e-01,4.458771999
128.0,376.0,7.906602489062e-03,1.012045118600e+00,3.634748697178e-01,4.395256104
128.0,378.0,7.796821586622e-03,9.979931630876e-01,3.686184565069e-01,4.334229237
128.0,380.0,7.711359792400e-03,9.870540534272e-01,3.726729500690e-01,4.286721287
128.0,382.0,7.610065357832e-03,9.740883658025e-01,3.775363717973e-01,4.230412022
128.0,384.0,7.512792851830e-03,9.616374850342e-01,3.822664176608e-01,4.176338533
128.0,386.0,7.419402855952e-03,9.496835655619e-01,3.868634209973e-01,4.124423321
128.0,388.0,7.359761676293e-03,9.420494945655e-01,3.898280655747e-01,4.091268972
128.0,390.0,7.313741071094e-03,9.361588571000e-01,3.921311781236e-01,4.065686258
128.0,392.0,7.241217993107e-03,9.268759031177e-01,3.957882618131e-01,4.025370901
128.0,394.0,7.222074345802e-03,9.244255162627e-01,3.967592853731e-01,4.014729006
128.0,396.0,7.216196752604e-03,9.236731843333e-01,3.970578923634e-01,4.011461670
128.0,398.0,7.223476338366e-03,9.246049713108e-01,3.966880913047e-01,4.015508370
128.0,400.0,7.253808522356e-03,9.284874908616e-01,3.951509279988e-01,4.032369938
128.0,402.0,7.297092822081e-03,9.340278812264e-01,3.929676911815e-01,4.056431548
128.0,404.0,7.303232667298e-03,9.348137814141e-01,3.926589791236e-01,4.059844669
128.0,406.0,7.292135223641e-03,9.333933086260e-01,3.932171368485e-01,4.053675634
128.0,408.0,7.213711225286e-03,9.233550368366e-01,3.971842354347e-01,4.010079973
128.0,410.0,7.187874816150e-03,9.200479764672e-01,3.984999220074e-01,3.995717593
128.0,412.0,7.144543399123e-03,9.145015550877e-01,4.007163113273e-01,3.971629791
128.0,414.0,7.143637492892e-03,9.143855990902e-01,4.007627794810e-01,3.971126200
128.0,416.0,7.135080595916e-03,9.132903162772e-01,4.012019685396e-01,3.966369447
128.0,418.0,7.168799057154e-03,9.176062793157e-01,3.994741270047e-01,3.985113437
128.0,420.0,7.204721953181e-03,9.222044100072e-01,3.976415092976e-01,4.005082865
128.0,422.0,7.222780971318e-03,9.245159643287e-01,3.967234008859e-01,4.015121817
128.0,424.0,7.232910298468e-03,9.258125182039e-01,3.962093609353e-01,4.020752679
128.0,426.0,7.285046515327e-03,9.324859539619e-01,3.935740861670e-01,4.049735043
128.0,428.0,7.349128495696e-03,9.406884474491e-01,3.903590011714e-01,4.085358019
128.0,430.0,7.455097310597e-03,9.542524557564e-01,3.850999162041e-01,4.144265759
128.0,432.0,7.572896136960e-03,9.693307055309e-01,3.793368412092e-01,4.209749766
128.0,434.0,7.722470170618e-03,9.884761818391e-01,3.721433379558e-01,4.292897513
128.0,436.0,7.903766543389e-03,1.011682117554e+00,3.636068354261e-01,4.393679611
128.0,438.0,8.216734244034e-03,1.051741983236e+00,3.493286940543e-01,4.567657397
128.0,440.0,8.571324042880e-03,1.097129477489e+00,3.338279703625e-01,4.764772780
128.0,442.0,9.027488419921e-03,1.155518517750e+00,3.148942163243e-01,5.018353160
128.0,444.0,9.485181496220e-03,1.214103231516e+00,2.969762138255e-01,5.272783339
128.0,446.0,1.007435896844e-02,1.289517947960e+00,2.754035099203e-01,5.600305291
128.0,448.0,1.061497804633e-02,1.358717189930e+00,2.569902352538e-01,5.900833781
128.0,450.0,1.112699739305e-02,1.424255666310e+00,2.406875484014e-01,6.185463767
128.0,452.0,1.141037706817e-02,1.460528264726e+00,2.321136248964e-01,6.342993660
128.0,454.0,1.156507847319e-02,1.480330044568e+00,2.275625701981e-01,6.428991698
128.0,456.0,1.165106429946e-02,1.491336230331e+00,2.250717068745e-01,6.476790955
128.0,458.0,1.175829847849e-02,1.505062205247e+00,2.220034836209e-01,6.536402107
128.0,460.0,1.186674613428e-02,1.518943505188e+00,2.189430770302e-01,6.596687826
128.0,462.0,1.205637353789e-02,1.543215812850e+00,2.136927992449e-01,6.702101119
128.0,464.0,1.222714806386e-02,1.565074952174e+00,2.090723421594e-01,6.797034155
128.0,466.0,1.241903814858e-02,1.589636883018e+00,2.039996740327e-01,6.903705265
128.0,468.0,1.257201325038e-02,1.609217696049e+00,2.000440481270e-01,6.988743656
128.0,470.0,1.283604381141e-02,1.643013607860e+00,1.933963424736e-01,7.135517436
128.0,472.0,1.314110122105e-02,1.682060956294e+00,1.859902629641e-01,7.305097915
128.0,474.0,1.344715778091e-02,1.721236195956e+00,1.788449238298e-01,7.475233820
128.0,476.0,1.378418667130e-02,1.764375893926e+00,1.712936585444e-01,7.662587147
128.0,478.0,1.413216191905e-02,1.808916725638e+00,1.638315151907e-01,7.856025522
128.0,480.0,1.446105836676e-02,1.851015470945e+00,1.570775775823e-01,8.038858049
128.0,482.0,1.482085164323e-02,1.897069010333e+00,1.500076463777e-01,8.238866030
128.0,484.0,1.518151813511e-02,1.943234321294e+00,1.432399158548e-01,8.439359428
128.0,486.0,1.556303495983e-02,1.992068474858e+00,1.364129666249e-01,8.651443462
128.0,488.0,1.607537993942e-02,2.057648632246e+00,1.277540136682e-01,8.936254467
128.0,490.0,1.672853157561e-02,2.141252041678e+00,1.175076264346e-01,9.299339461
128.0,492.0,1.754246902578e-02,2.245436035300e+00,1.058813622951e-01,9.751804796
128.0,494.0,1.853717207993e-02,2.372758026231e+00,9.322325919658e-02,10.304757177
128.0,496.0,1.976262113856e-02,2.529615505736e+00,7.968965461128e-02,10.985980555
128.0,498.0,2.124879719143e-02,2.719846040503e+00,6.588489725123e-02,11.812141270
128.0,500.0,2.268568179718e-02,2.903767270039e+00,5.481632269185e-02,12.610901021
128.0,502.0,2.434325706370e-02,3.115936904154e+00,4.433694821122e-02,13.532342034
128.0,504.0,2.613150562929e-02,3.344832720549e+00,3.526611396040e-02,14.526423934
128.0,506.0,2.854041064458e-02,3.653172562506e+00,2.590880096222e-02,15.865526853
128.0,508.0,3.153995575512e-02,4.037114336655e+00,1.764832613480e-02,17.532964792
128.0,510.0,3.480012508463e-02,4.454416010833e+00,1.162710799746e-02,19.345282936
128.0,512.0,3.746090321893e-02,4.794995612023e+00,8.271035120803e-03,20.824401351
128.0,514.0,3.912227519045e-02,5.007651224378e+00,6.686590176578e-03,21.747952940
128.0,516.0,3.992422646334e-02,5.110300987308e+00,6.034266412640e-03,22.193755197
128.0,518.0,4.046674291916e-02,5.179743093652e+00,5.629452470718e-03,22.495338432
128.0,520.0,4.082981084306e-02,5.226215787912e+00,5.373822558163e-03,22.697166779
128.0,522.0,4.125341691052e-02,5.280437364547e+00,5.090204031003e-03,22.932648095
128.0,524.0,4.177754817459e-02,5.347526166348e+00,4.759911676122e-03,23.224011059
128.0,526.0,4.246219205357e-02,5.435160582857e+00,4.360534737801e-03,23.604602494
128.0,528.0,4.317733631914e-02,5.526699048850e+00,3.979102256391e-03,24.002149001
128.0,530.0,4.395296908500e-02,5.625980042880e+00,3.603030280951e-03,24.433320879
128.0,532.0,4.480907879581e-02,5.735562085864e+00,3.229066845326e-03,24.909229645
128.0,534.0,4.584565421664e-02,5.868243739730e+00,2.827835390355e-03,25.485458746
128.0,536.0,4.687268442274e-02,5.999703606111e+00,2.479486972554e-03,26.056381692
128.0,538.0,4.789015878967e-02,6.129940325078e+00,2.176710851890e-03,26.621992576
128.0,540.0,4.895806698389e-02,6.266632573938e+00,1.898611263627e-03,27.215639470
128.0,542.0,5.021639895350e-02,6.427699066048e+00,1.616165249030e-03,27.915142357
128.0,544.0,5.177514491951e-02,6.627218549697e+00,1.323840165472e-03,28.781644465
128.0,546.0,5.359429536727e-02,6.860069807011e+00,1.048840713637e-03,29.792904627
128.0,548.0,5.558384103828e-02,7.114731652900e+00,8.130388586836e-04,30.898886971
128.0,550.0,5.760377292229e-02,7.373282934053e+00,6.278037539434e-04,32.021760918
130.0,350.0,9.889596205244e-03,1.285647506682e+00,2.764715085130e-01,5.583496178
130.0,352.0,9.716301458359e-03,1.263119189587e+00,2.827706342643e-01,5.485656940
130.0,354.0,9.530050616577e-03,1.238906580155e+00,2.897008094379e-01,5.380502914
130.0,356.0,9.330572014292e-03,1.212974361858e+00,2.973116505591e-01,5.267880720
130.0,358.0,9.137606428434e-03,1.187888835696e+00,3.048642035765e-01,5.158935665
130.0,360.0,9.010906417364e-03,1.171417834257e+00,3.099272041946e-01,5.087403014
130.0,362.0,8.910235699738e-03,1.158330640966e+00,3.140099389192e-01,5.030566056
130.0,364.0,8.775368570623e-03,1.140797914181e+00,3.195639354655e-01,4.954422391
130.0,366.0,8.606089352376e-03,1.118791615809e+00,3.266743042804e-01,4.858850251
130.0,368.0,8.442191877956e-03,1.097484944134e+00,3.337093267418e-01,4.766316552
130.0,370.0,8.293479004540e-03,1.078152270590e+00,3.402235863495e-01,4.682355818
130.0,372.0,8.159762155435e-03,1.060769080207e+00,3.461894604592e-01,4.606861581
130.0,374.0,8.020860888458e-03,1.042711915500e+00,3.524974412930e-01,4.528440311
130.0,376.0,7.906602489062e-03,1.027858323578e+00,3.577723732997e-01,4.463931981
130.0,378.0,7.796821586622e-03,1.013586806261e+00,3.629149367279e-01,4.401951569
130.0,380.0,7.711359792400e-03,1.002476773012e+00,3.669694147296e-01,4.353701308
130.0,382.0,7.610065357832e-03,9.893084965182e-01,3.718337264579e-01,4.296512209
130.0,384.0,7.512792851830e-03,9.766630707379e-01,3.765655773285e-01,4.241593823
130.0,386.0,7.419402855952e-03,9.645223712738e-01,3.811652117234e-01,4.188867435
130.0,388.0,7.359761676293e-03,9.567690179181e-01,3.841320067395e-01,4.155195049
130.0,390.0,7.313741071094e-03,9.507863392422e-01,3.864370333465e-01,4.129212606
130.0,392.0,7.241217993107e-03,9.413583391039e-01,3.900975905024e-01,4.088267322
130.0,394.0,7.222074345802e-03,9.388696649543e-01,3.910696253290e-01,4.077459147
130.0,396.0,7.216196752604e-03,9.381055778385e-01,3.913685507790e-01,4.074140759
130.0,398.0,7.223476338366e-03,9.390519239876e-01,3.909983558521e-01,4.078250688
130.0,400.0,7.253808522356e-03,9.429951079063e-01,3.894596131895e-01,4.095375718
130.0,402.0,7.297092822081e-03,9.486220668705e-01,3.872742940445e-01,4.119813291
130.0,404.0,7.303232667298e-03,9.494202467487e-01,3.869653028273e-01,4.123279742
130.0,406.0,7.292135223641e-03,9.479775790733e-01,3.875239680484e-01,4.117014316
130.0,408.0,7.213711225286e-03,9.377824592872e-01,3.914950296509e-01,4.072737473
130.0,410.0,7.187874816150e-03,9.344237260995e-01,3.928121677193e-01,4.058150680
130.0,412.0,7.144543399123e-03,9.287906418860e-01,3.950311557457e-01,4.033686506
130.0,414.0,7.143637492892e-03,9.286728740760e-01,3.950776804393e-01,4.033175047
130.0,416.0,7.135080595916e-03,9.275604774691e-01,3.955174080409e-01,4.028343970
130.0,418.0,7.168799057154e-03,9.319438774300e-01,3.937874912784e-01,4.047380834
130.0,420.0,7.204721953181e-03,9.366138539135e-01,3.919528002709e-01,4.067662284
130.0,422.0,7.222780971318e-03,9.389615262713e-01,3.910337028081e-01,4.077858096
130.0,424.0,7.232910298468e-03,9.402783388008e-01,3.905191236053e-01,4.083576940
130.0,426.0,7.285046515327e-03,9.470560469925e-01,3.878812484145e-01,4.113012153
130.0,428.0,7.349128495696e-03,9.553867044405e-01,3.846633647567e-01,4.149191738
130.0,430.0,7.455097310597e-03,9.691626503776e-01,3.794005960772e-01,4.209019911
130.0,432.0,7.572896136960e-03,9.844764978048e-01,3.736347743720e-01,4.275527106
130.0,434.0,7.722470170618e-03,1.003921122180e+00,3.664397653520e-01,4.359974036
130.0,436.0,7.903766543389e-03,1.027489650641e+00,3.579042986087e-01,4.462330855
130.0,438.0,8.216734244034e-03,1.068175451724e+00,3.436349242987e-01,4.639027044
130.0,440.0,8.571324042880e-03,1.114272125574e+00,3.281540469309e-01,4.839222355
130.0,442.0,9.027488419921e-03,1.173573494590e+00,3.092598259934e-01,5.096764928
130.0,444.0,9.485181496220e-03,1.233073594509e+00,2.913955680473e-01,5.355170579
130.0,446.0,1.007435896844e-02,1.309666665897e+00,2.699100116028e-01,5.687810061
130.0,448.0,1.061497804633e-02,1.379947146023e+00,2.515918503382e-01,5.993034308
130.0,450.0,1.112699739305e-02,1.446509661097e+00,2.353904483820e-01,6.282111638
130.0,452.0,1.141037706817e-02,1.483349018862e+00,2.268766006317e-01,6.442102936
130.0,454.0,1.156507847319e-02,1.503460201515e+00,2.223594190591e-01,6.529444693
130.0,456.0,1.165106429946e-02,1.514638358930e+00,2.198876908904e-01,6.577990814
130.0,458.0,1.175829847849e-02,1.528578802204e+00,2.168436261126e-01,6.638533390
130.0,460.0,1.186674613428e-02,1.542676997456e+00,2.138079712401e-01,6.699761074
130.0,462.0,1.205637353789e-02,1.567328559926e+00,2.086017056227e-01,6.806821449
130.0,464.0,1.222714806386e-02,1.589529248302e+00,2.040216326615e-01,6.903237814
130.0,466.0,1.241903814858e-02,1.614474959315e+00,1.989951235533e-01,7.011575660
130.0,468.0,1.257201325038e-02,1.634361722549e+00,1.950768447218e-01,7.097942775
130.0,470.0,1.283604381141e-02,1.668685695483e+00,1.884946422673e-01,7.247009896
130.0,472.0,1.314110122105e-02,1.708343158737e+00,1.811657069121e-01,7.419240070
130.0,474.0,1.344715778091e-02,1.748130511518e+00,1.740991156943e-01,7.592034348
130.0,476.0,1.378418667130e-02,1.791944267269e+00,1.666358698389e-01,7.782315072
130.0,478.0,1.413216191905e-02,1.837181049476e+00,1.592657561867e-01,7.978775920
130.0,480.0,1.446105836676e-02,1.879937587679e+00,1.525996295568e-01,8.164465207
130.0,482.0,1.482085164323e-02,1.926710713620e+00,1.456264185462e-01,8.367598311
130.0,484.0,1.518151813511e-02,1.973597357564e+00,1.389560813117e-01,8.571224419
130.0,486.0,1.556303495983e-02,2.023194544778e+00,1.322323674189e-01,8.786622266
130.0,488.0,1.607537993942e-02,2.089799392125e+00,1.237119509200e-01,9.075883443
130.0,490.0,1.672853157561e-02,2.174709104829e+00,1.136412065412e-01,9.444641640
130.0,492.0,1.754246902578e-02,2.280520973351e+00,1.022309332478e-01,9.904176746
130.0,494.0,1.853717207993e-02,2.409832370391e+00,8.983035153693e-02,10.465769008
130.0,496.0,1.976262113856e-02,2.569140748013e+00,7.660133700513e-02,11.157636501
130.0,498.0,2.124879719143e-02,2.762343634886e+00,6.314360924657e-02,11.996705978
130.0,500.0,2.268568179718e-02,2.949138633633e+00,5.238480903313e-02,12.807946350
130.0,502.0,2.434325706370e-02,3.164623418281e+00,4.223004188185e-02,13.743784879
130.0,504.0,2.613150562929e-02,3.397095731808e+00,3.347033577109e-02,14.753399308
130.0,506.0,2.854041064458e-02,3.710253383795e+00,2.447132184961e-02,16.113425710
130.0,508.0,3.153995575512e-02,4.100194248166e+00,1.656945650261e-02,17.806917367
130.0,510.0,3.480012508463e-02,4.524016261002e+00,1.084537821189e-02,19.647552982
130.0,512.0,3.746090321893e-02,4.869917418461e+00,7.673998992377e-03,21.149782622
130.0,514.0,3.912227519045e-02,5.085895774758e+00,6.183345723746e-03,22.087764705
130.0,516.0,3.992422646334e-02,5.190149440234e+00,5.571174195132e-03,22.540532621
130.0,518.0,4.046674291916e-02,5.260676579491e+00,5.191790870917e-03,22.846828096
130.0,520.0,4.082981084306e-02,5.307875409598e+00,4.952437449299e-03,23.051810010
130.0,522.0,4.125341691052e-02,5.362944198368e+00,4.687086061956e-03,23.290970721
130.0,524.0,4.177754817459e-02,5.431081262697e+00,4.378359085960e-03,23.586886232
130.0,526.0,4.246219205357e-02,5.520084966964e+00,4.005507591812e-03,23.973424408
130.0,528.0,4.317733631914e-02,5.613053721488e+00,3.649906524330e-03,24.377182579
130.0,530.0,4.395296908500e-02,5.713885981050e+00,3.299824541882e-03,24.815091518
130.0,532.0,4.480907879581e-02,5.825180243455e+00,2.952271976712e-03,25.298436358
130.0,534.0,4.584565421664e-02,5.959935048163e+00,2.580079547491e-03,25.883669039
130.0,536.0,4.687268442274e-02,6.093448974956e+00,2.257609034729e-03,26.463512656
130.0,538.0,4.789015878967e-02,6.225720642657e+00,1.977897944013e-03,27.037961210
130.0,540.0,4.895806698389e-02,6.364548707906e+00,1.721518191669e-03,27.640883836
130.0,542.0,5.021639895350e-02,6.528131863955e+00,1.461734018707e-03,28.351316457
130.0,544.0,5.177514491951e-02,6.730768839536e+00,1.193614906938e-03,29.231357660
130.0,546.0,5.359429536727e-02,6.967258397745e+00,9.422325949865e-04,30.258418761
130.0,548.0,5.558384103828e-02,7.225899334976e+00,7.274979804208e-04,31.381682080
130.0,550.0,5.760377292229e-02,7.488490479898e+00,5.594868800548e-04,32.522100932
132.0,350.0,9.889596205244e-03,1.305426699092e+00,2.710568506540e-01,5.669396119
132.0,352.0,9.716301458359e-03,1.282551792503e+00,2.773287114248e-01,5.570051662
132.0,354.0,9.530050616577e-03,1.257966681388e+00,2.842313722762e-01,5.463279881
132.0,356.0,9.330572014292e-03,1.231635505887e+00,2.918149221601e-01,5.348925039
132.0,358.0,9.137606428434e-03,1.206164048553e+00,2.993433464387e-01,5.238303906
132.0,360.0,9.010906417364e-03,1.189439647092e+00,3.043917831076e-01,5.165670753
132.0,362.0,8.910235699738e-03,1.176151112365e+00,3.084636988651e-01,5.107959380
132.0,364.0,8.775368570623e-03,1.158348651322e+00,3.140042835392e-01,5.030644274
132.0,366.0,8.606089352376e-03,1.136003794514e+00,3.210996414513e-01,4.933601794
132.0,368.0,8.442191877956e-03,1.114369327890e+00,3.281221511478e-01,4.839644499
132.0,370.0,8.293479004540e-03,1.094739228599e+00,3.346268566861e-01,4.754392061
132.0,372.0,8.159762155435e-03,1.077088604517e+00,3.405856631658e-01,4.677736375
132.0,374.0,8.020860888458e-03,1.058753637276e+00,3.468878891449e-01,4.598108624
132.0,376.0,7.906602489062e-03,1.043671528556e+00,3.521593423939e-01,4.532607858
132.0,378.0,7.796821586622e-03,1.029180449434e+00,3.572996657527e-01,4.469673901
132.0,380.0,7.711359792400e-03,1.017899492597e+00,3.613531685679e-01,4.420681328
132.0,382.0,7.610065357832e-03,1.004528627234e+00,3.662172189486e-01,4.362612397
132.0,384.0,7.512792851830e-03,9.916886564416e-01,3.709497551379e-01,4.306849113
132.0,386.0,7.419402855952e-03,9.793611769857e-01,3.755509328165e-01,4.253311550
132.0,388.0,7.359761676293e-03,9.714885412707e-01,3.785191771255e-01,4.219121127
132.0,390.0,7.313741071094e-03,9.654138213844e-01,3.808255733610e-01,4.192738954
132.0,392.0,7.241217993107e-03,9.558407750901e-01,3.844887400617e-01,4.151163742
132.0,394.0,7.222074345802e-03,9.533138136459e-01,3.854615569013e-01,4.140189288
132.0,396.0,7.216196752604e-03,9.525379713437e-01,3.857607303237e-01,4.136819848
132.0,398.0,7.223476338366e-03,9.534988766643e-01,3.853902288224e-01,4.140993006
132.0,400.0,7.253808522356e-03,9.575027249510e-01,3.838502697535e-01,4.158381499
132.0,402.0,7.297092822081e-03,9.632162525147e-01,3.816633840220e-01,4.183195033
132.0,404.0,7.303232667298e-03,9.640267120833e-01,3.813541865933e-01,4.186714815
132.0,406.0,7.292135223641e-03,9.625618495206e-01,3.819132274234e-01,4.180352997
132.0,408.0,7.213711225286e-03,9.522098817378e-01,3.858873151741e-01,4.135394973
132.0,410.0,7.187874816150e-03,9.487994757318e-01,3.872055942471e-01,4.120583767
132.0,412.0,7.144543399123e-03,9.430797286842e-01,3.894266582084e-01,4.095743222
132.0,414.0,7.143637492892e-03,9.429601490617e-01,3.894732284855e-01,4.095223894
132.0,416.0,7.135080595916e-03,9.418306386609e-01,3.899133910853e-01,4.090318493
132.0,418.0,7.168799057154e-03,9.462814755443e-01,3.881818065416e-01,4.109648232
132.0,420.0,7.204721953181e-03,9.510232978199e-01,3.863454746250e-01,4.130241704
132.0,422.0,7.222780971318e-03,9.534070882140e-01,3.854256048178e-01,4.140594374
132.0,424.0,7.232910298468e-03,9.547441593978e-01,3.849106077187e-01,4.146401201
132.0,426.0,7.285046515327e-03,9.616261400232e-01,3.822707545022e-01,4.176289263
132.0,428.0,7.349128495696e-03,9.700849614319e-01,3.790508320338e-01,4.213025457
132.0,430.0,7.455097310597e-03,9.840728449988e-01,3.737856235404e-01,4.273774064
132.0,432.0,7.572896136960e-03,9.996222900787e-01,3.680184191312e-01,4.341304446
132.0,434.0,7.722470170618e-03,1.019366062522e+00,3.608236072929e-01,4.427050560
132.0,436.0,7.903766543389e-03,1.043297183727e+00,3.522911961005e-01,4.530982099
132.0,438.0,8.216734244034e-03,1.084608920212e+00,3.380339582966e-01,4.710396691
132.0,440.0,8.571324042880e-03,1.131414773660e+00,3.225765606165e-01,4.913671929
132.0,442.0,9.027488419921e-03,1.191628471430e+00,3.037262515961e-01,5.175176696
132.0,444.0,9.485181496220e-03,1.252043957501e+00,2.859197912985e-01,5.437557818
132.0,446.0,1.007435896844e-02,1.329815383834e+00,2.645260925852e-01,5.775314831
132.0,448.0,1.061497804633e-02,1.401177102116e+00,2.463068649053e-01,6.085234836
132.0,450.0,1.112699739305e-02,1.468763655883e+00,2.302099280061e-01,6.378759510
132.0,452.0,1.141037706817e-02,1.506169772998e+00,2.217577358380e-01,6.541212212
132.0,454.0,1.156507847319e-02,1.526590358461e+00,2.172752364382e-01,6.629897688
132.0,456.0,1.165106429946e-02,1.537940487529e+00,2.148230769498e-01,6.679190672
132.0,458.0,1.175829847849e-02,1.552095399161e+00,2.118036952336e-01,6.740664672
132.0,460.0,1.186674613428e-02,1.566410489725e+00,2.087933045697e-01,6.802834321
132.0,462.0,1.205637353789e-02,1.591441307001e+00,2.036319040346e-01,6.911541779
132.0,464.0,1.222714806386e-02,1.613983544430e+00,1.990929367506e-01,7.009441472
132.0,466.0,1.241903814858e-02,1.639313035613e+00,1.941133454538e-01,7.119446055
132.0,468.0,1.257201325038e-02,1.659505749050e+00,1.902329797008e-01,7.207141895
132.0,470.0,1.283604381141e-02,1.694357783106e+00,1.837171774245e-01,7.358502356
132.0,472.0,1.314110122105e-02,1.734625361179e+00,1.764662990303e-01,7.533382225
132.0,474.0,1.344715778091e-02,1.775024827080e+00,1.694792417725e-01,7.708834876
132.0,476.0,1.378418667130e-02,1.819512640612e+00,1.621047349500e-01,7.902042996
132.0,478.0,1.413216191905e-02,1.865445373315e+00,1.548272386066e-01,8.101526319
132.0,480.0,1.446105836676e-02,1.908859704412e+00,1.482493383161e-01,8.290072364
132.0,482.0,1.482085164323e-02,1.956352416906e+00,1.413731519071e-01,8.496330593
132.0,484.0,1.518151813511e-02,2.003960393835e+00,1.348003621635e-01,8.703089410
132.0,486.0,1.556303495983e-02,2.054320614698e+00,1.281798895356e-01,8.921801070
132.0,488.0,1.607537993942e-02,2.121950152003e+00,1.197977766881e-01,9.215512419
132.0,490.0,1.672853157561e-02,2.208166167981e+00,1.099020056485e-01,9.589943819
132.0,492.0,1.754246902578e-02,2.315605911403e+00,9.870635857130e-02,10.056548696
132.0,494.0,1.853717207993e-02,2.446906714551e+00,8.656093046728e-02,10.626780839
132.0,496.0,1.976262113856e-02,2.608665990290e+00,7.363270501794e-02,11.329292447
132.0,498.0,2.124879719143e-02,2.804841229269e+00,6.051637863956e-02,12.181270685
132.0,500.0,2.268568179718e-02,2.994509997228e+00,5.006115118052e-02,13.004991678
132.0,502.0,2.434325706370e-02,3.213309932408e+00,4.022325643268e-02,13.955227723
132.0,504.0,2.613150562929e-02,3.449358743066e+00,3.176600001597e-02,14.980374682
132.0,506.0,2.854041064458e-02,3.767334205085e+00,2.311359734247e-02,16.361324568
132.0,508.0,3.153995575512e-02,4.163274159676e+00,1.555653984943e-02,18.080869942
132.0,510.0,3.480012508463e-02,4.593616511171e+00,1.011620676307e-02,19.949823028
132.0,512.0,3.746090321893e-02,4.944839224899e+00,7.120059300303e-03,21.475163893
132.0,514.0,3.912227519045e-02,5.164140325139e+00,5.717976327201e-03,22.427576470
132.0,516.0,3.992422646334e-02,5.269997893161e+00,5.143621409802e-03,22.887310046
132.0,518.0,4.046674291916e-02,5.341610065329e+00,4.788155258001e-03,23.198317759
132.0,520.0,4.082981084306e-02,5.389535031284e+00,4.564095003836e-03,23.406453241
132.0,522.0,4.125341691052e-02,5.445451032189e+00,4.315892961927e-03,23.649293348
132.0,524.0,4.177754817459e-02,5.514636359046e+00,4.027391596734e-03,23.949761404
132.0,526.0,4.246219205357e-02,5.605009351071e+00,3.679386137892e-03,24.342246322
132.0,528.0,4.317733631914e-02,5.699408394126e+00,3.347945535944e-03,24.752216157
132.0,530.0,4.395296908500e-02,5.801791919220e+00,3.022134469636e-03,25.196862157
132.0,532.0,4.480907879581e-02,5.914798401047e+00,2.699203900686e-03,25.687643071
132.0,534.0,4.584565421664e-02,6.051626356596e+00,2.354030398687e-03,26.281879332
132.0,536.0,4.687268442274e-02,6.187194343802e+00,2.055585937780e-03,26.870643620
132.0,538.0,4.789015878967e-02,6.321500960236e+00,1.797243889116e-03,27.453929844
132.0,540.0,4.895806698389e-02,6.462464841873e+00,1.560943485916e-03,28.066128203
132.0,542.0,5.021639895350e-02,6.628564661862e+00,1.322059326994e-03,28.787490556
132.0,544.0,5.177514491951e-02,6.834319129375e+00,1.076199818697e-03,29.681070855
132.0,546.0,5.359429536727e-02,7.074446988480e+00,8.464605268574e-04,30.723932896
132.0,548.0,5.558384103828e-02,7.337067017053e+00,6.509569694777e-04,31.864477189
132.0,550.0,5.760377292229e-02,7.603698025742e+00,4.986041688781e-04,33.022440946
134.0,350.0,9.889596205244e-03,1.325205891503e+00,2.657482381517e-01,5.755296061
134.0,352.0,9.716301458359e-03,1.301984395420e+00,2.719915184286e-01,5.654446385
134.0,354.0,9.530050616577e-03,1.277026782621e+00,2.788651959336e-01,5.546056849
134.0,356.0,9.330572014292e-03,1.250296649915e+00,2.864198178417e-01,5.429969358
134.0,358.0,9.137606428434e-03,1.224439261410e+00,2.939224677936e-01,5.317672147
134.0,360.0,9.010906417364e-03,1.207461459927e+00,2.989552268063e-01,5.243938492
134.0,362.0,8.910235699738e-03,1.193971583765e+00,3.030154199738e-01,5.185352704
134.0,364.0,8.775368570623e-03,1.175899388463e+00,3.085413563247e-01,5.106866157
134.0,366.0,8.606089352376e-03,1.153215973218e+00,3.156201096602e-01,5.008353336
134.0,368.0,8.442191877956e-03,1.131253711646e+00,3.226285196312e-01,4.912972446
134.0,370.0,8.293479004540e-03,1.111326186608e+00,3.291221940756e-01,4.826428304
134.0,372.0,8.159762155435e-03,1.093408128828e+00,3.350725750004e-01,4.748611168
134.0,374.0,8.020860888458e-03,1.074795359053e+00,3.413676059436e-01,4.667776936
134.0,376.0,7.906602489062e-03,1.059484733534e+00,3.466343733908e-01,4.601283734
134.0,378.0,7.796821586622e-03,1.044774092607e+00,3.517712781348e-01,4.537396233
134.0,380.0,7.711359792400e-03,1.033322212182e+00,3.558228756755e-01,4.487661348
134.0,382.0,7.610065357832e-03,1.019748757949e+00,3.606855481670e-01,4.428712585
134.0,384.0,7.512792851830e-03,1.006714242145e+00,3.654176831910e-01,4.372104402
134.0,386.0,7.419402855952e-03,9.941999826976e-01,3.700193480450e-01,4.317755664
134.0,388.0,7.359761676293e-03,9.862080646233e-01,3.729883606103e-01,4.283047205
134.0,390.0,7.313741071094e-03,9.800413035266e-01,3.752955974996e-01,4.256265302
134.0,392.0,7.241217993107e-03,9.703232110763e-01,3.789605340650e-01,4.214060162
134.0,394.0,7.222074345802e-03,9.677579623375e-01,3.799339100391e-01,4.202919429
134.0,396.0,7.216196752604e-03,9.669703648489e-01,3.802332629018e-01,4.199498936
134.0,398.0,7.223476338366e-03,9.679458293410e-01,3.798625396981e-01,4.203735325
134.0,400.0,7.253808522356e-03,9.720103419957e-01,3.783217170663e-01,4.221387279
134.0,402.0,7.297092822081e-03,9.778104381589e-01,3.761337660237e-01,4.246576776
134.0,404.0,7.303232667298e-03,9.786331774179e-01,3.758244332752e-01,4.250149888
134.0,406.0,7.292135223641e-03,9.771461199679e-01,3.763837215425e-01,4.243691679
134.0,408.0,7.213711225286e-03,9.666373041883e-01,3.803599247353e-01,4.198052472
134.0,410.0,7.187874816150e-03,9.631752253641e-01,3.816790429043e-01,4.183016855
134.0,412.0,7.144543399123e-03,9.573688154825e-01,3.839016743808e-01,4.157799937
134.0,414.0,7.143637492892e-03,9.572474240475e-01,3.839482795846e-01,4.157272741
134.0,416.0,7.135080595916e-03,9.561007998527e-01,3.843887764654e-01,4.152293015
134.0,418.0,7.168799057154e-03,9.606190736586e-01,3.826559204325e-01,4.171915629
134.0,420.0,7.204721953181e-03,9.654327417263e-01,3.808183680791e-01,4.192821124
134.0,422.0,7.222780971318e-03,9.678526501566e-01,3.798979366289e-01,4.203330653
134.0,424.0,7.232910298468e-03,9.692099799947e-01,3.793826396172e-01,4.209225461
134.0,426.0,7.285046515327e-03,9.761962330538e-01,3.767414133707e-01,4.239566373
134.0,428.0,7.349128495696e-03,9.847832184233e-01,3.735201904565e-01,4.276859176
134.0,430.0,7.455097310597e-03,9.989830396200e-01,3.682537502842e-01,4.338528216
134.0,432.0,7.572896136960e-03,1.014768082353e+00,3.624864870982e-01,4.407081786
134.0,434.0,7.722470170618e-03,1.034811002863e+00,3.552935240387e-01,4.494127084
134.0,436.0,7.903766543389e-03,1.059104716814e+00,3.467661252808e-01,4.599633343
134.0,438.0,8.216734244034e-03,1.101042388701e+00,3.325242834234e-01,4.781766338
134.0,440.0,8.571324042880e-03,1.148557421746e+00,3.170938723211e-01,4.988121504
134.0,442.0,9.027488419921e-03,1.209683448269e+00,2.982916892368e-01,5.253588464
134.0,444.0,9.485181496220e-03,1.271014320493e+00,2.805469129266e-01,5.519945058
134.0,446.0,1.007435896844e-02,1.349964101771e+00,2.592495670792e-01,5.862819602
134.0,448.0,1.061497804633e-02,1.422407058208e+00,2.411328968641e-01,6.177435364
134.0,450.0,1.112699739305e-02,1.491017650669e+00,2.251434215657e-01,6.475407381
134.0,452.0,1.141037706817e-02,1.528990527135e+00,2.167543645624e-01,6.640321488
134.0,454.0,1.156507847319e-02,1.549720515407e+00,2.123073021555e-01,6.730350683
134.0,456.0,1.165106429946e-02,1.561242616128e+00,2.098751148975e-01,6.780390531
134.0,458.0,1.175829847849e-02,1.575611996118e+00,2.068809036209e-01,6.842795955
134.0,460.0,1.186674613428e-02,1.590143981994e+00,2.038962522318e-01,6.905907568
134.0,462.0,1.205637353789e-02,1.615554054077e+00,1.987805047756e-01,7.016262109
134.0,464.0,1.222714806386e-02,1.638437840557e+00,1.942833068578e-01,7.115645131
134.0,466.0,1.241903814858e-02,1.664151111910e+00,1.893513278641e-01,7.227316450
134.0,468.0,1.257201325038e-02,1.684649775551e+00,1.855093905044e-01,7.316341015
134.0,470.0,1.283604381141e-02,1.720029870729e+00,1.790607991550e-01,7.469994816
134.0,472.0,1.314110122105e-02,1.760907563621e+00,1.718887929963e-01,7.647524380
134.0,474.0,1.344715778091e-02,1.801919142642e+00,1.649819602888e-01,7.825635405
134.0,476.0,1.378418667130e-02,1.847081013954e+00,1.576968099283e-01,8.021770920
134.0,478.0,1.413216191905e-02,1.893709697153e+00,1.505124164071e-01,8.224276718
134.0,480.0,1.446105836676e-02,1.937781821146e+00,1.440230646364e-01,8.415679521
134.0,482.0,1.482085164323e-02,1.985994120193e+00,1.372441091368e-01,8.625062875
134.0,484.0,1.518151813511e-02,2.034323430105e+00,1.307689269004e-01,8.834954401
134.0,486.0,1.556303495983e-02,2.085446684617e+00,1.242516064869e-01,9.056979874
134.0,488.0,1.607537993942e-02,2.154100911882e+00,1.160074446541e-01,9.355141395
134.0,490.0,1.672853157561e-02,2.241623231132e+00,1.062858377975e-01,9.735245998
134.0,492.0,1.754246902578e-02,2.350690849455e+00,9.530329923518e-02,10.208920646
134.0,494.0,1.853717207993e-02,2.483981058711e+00,8.341050163075e-02,10.787792670
134.0,496.0,1.976262113856e-02,2.648191232567e+00,7.077912031608e-02,11.500948393
134.0,498.0,2.124879719143e-02,2.847338823652e+00,5.799845981793e-02,12.365835392
134.0,500.0,2.268568179718e-02,3.039881360822e+00,4.784056492282e-02,13.202037006
134.0,502.0,2.434325706370e-02,3.261996446536e+00,3.831183408664e-02,14.166670567
134.0,504.0,2.613150562929e-02,3.501621754325e+00,3.014845037457e-02,15.207350056
134.0,506.0,2.854041064458e-02,3.824415026374e+00,2.183120247419e-02,16.609223425
134.0,508.0,3.153995575512e-02,4.226354071186e+00,1.460554436707e-02,18.354822517
134.0,510.0,3.480012508463e-02,4.663216761340e+00,9.436059976315e-03,20.252093074
134.0,512.0,3.746090321893e-02,5.019761031337e+00,6.606105172829e-03,21.800545164
134.0,514.0,3.912227519045e-02,5.242384875520e+00,5.287631444069e-03,22.767388235
134.0,516.0,3.992422646334e-02,5.349846346088e+00,4.748880627443e-03,23.234087471
134.0,518.0,4.046674291916e-02,5.422543551167e+00,4.415900282723e-03,23.549807422
134.0,520.0,4.082981084306e-02,5.471194652970e+00,4.206204200922e-03,23.761096472
134.0,522.0,4.125341691052e-02,5.527957866010e+00,3.974096445552e-03,24.007615974
134.0,524.0,4.177754817459e-02,5.598191455395e+00,3.704557519153e-03,24.312636577
134.0,526.0,4.246219205357e-02,5.689933735178e+00,3.379816924922e-03,24.711068236
134.0,528.0,4.317733631914e-02,5.785763066765e+00,3.070966129387e-03,25.127249735
134.0,530.0,4.395296908500e-02,5.889697857390e+00,2.767812844787e-03,25.578632795
134.0,532.0,4.480907879581e-02,6.004416558639e+00,2.467828762034e-03,26.076849785
134.0,534.0,4.584565421664e-02,6.143317665030e+00,2.147786149979e-03,26.680089625
134.0,536.0,4.687268442274e-02,6.280939712647e+00,1.871640962894e-03,27.277774584
134.0,538.0,4.789015878967e-02,6.417281277816e+00,1.633090123149e-03,27.869898478
134.0,540.0,4.895806698389e-02,6.560380975841e+00,1.415346394837e-03,28.491372570
134.0,542.0,5.021639895350e-02,6.728997459769e+00,1.195731125994e-03,29.223664655
134.0,544.0,5.177514491951e-02,6.937869419214e+00,9.703347729912e-04,30.130784049
134.0,546.0,5.359429536727e-02,7.181635579214e+00,7.604230922811e-04,31.189447031
134.0,548.0,5.558384103828e-02,7.448234699130e+00,5.824689380807e-04,32.347272298
134.0,550.0,5.760377292229e-02,7.718905571587e+00,4.443466434785e-04,33.522780961
136.0,350.0,9.889596205244e-03,1.344985083913e+00,2.605435941219e-01,5.841196002
136.0,352.0,9.716301458359e-03,1.321416998337e+00,2.667570397490e-01,5.738841107
136.0,354.0,9.530050616577e-03,1.296086883854e+00,2.736003308864e-01,5.628833817
136.0,356.0,9.330572014292e-03,1.268957793944e+00,2.811244587671e-01,5.511013677
136.0,358.0,9.137606428434e-03,1.242714474267e+00,2.885997571072e-01,5.397040388
136.0,360.0,9.010906417364e-03,1.225483272762e+00,2.936157695269e-01,5.322206230
136.0,362.0,8.910235699738e-03,1.211792055164e+00,2.976633719940e-01,5.262746028
136.0,364.0,8.775368570623e-03,1.193450125605e+00,3.031734710422e-01,5.183088040
136.0,366.0,8.606089352376e-03,1.170428151923e+00,3.102340855060e-01,5.083104878
136.0,368.0,8.442191877956e-03,1.148138095402e+00,3.172268660172e-01,4.986300393
136.0,370.0,8.293479004540e-03,1.127913144617e+00,3.237080840010e-01,4.898464548
136.0,372.0,8.159762155435e-03,1.109727653139e+00,3.296487276470e-01,4.819485962
136.0,374.0,8.020860888458e-03,1.090837080830e+00,3.359351710863e-01,4.737445249
136.0,376.0,7.906602489062e-03,1.075297938512e+00,3.411960847020e-01,4.669959611
136.0,378.0,7.796821586622e-03,1.060367735781e+00,3.463284295549e-01,4.605118564
136.0,380.0,7.711359792400e-03,1.048744931766e+00,3.503772205895e-01,4.554641368
136.0,382.0,7.610065357832e-03,1.034968888665e+00,3.552374326638e-01,4.494812773
136.0,384.0,7.512792851830e-03,1.021739827849e+00,3.599681124982e-01,4.437359692
136.0,386.0,7.419402855952e-03,1.009038788409e+00,3.645692393861e-01,4.382199778
136.0,388.0,7.359761676293e-03,1.000927587976e+00,3.675383588416e-01,4.346973282
136.0,390.0,7.313741071094e-03,9.946687856688e-01,3.698459225296e-01,4.319791649
136.0,392.0,7.241217993107e-03,9.848056470626e-01,3.735118130008e-01,4.276956583
136.0,394.0,7.222074345802e-03,9.822021110291e-01,3.744855314704e-01,4.265649569
136.0,396.0,7.216196752604e-03,9.814027583541e-01,3.747849971551e-01,4.262178025
136.0,398.0,7.223476338366e-03,9.823927820178e-01,3.744141347507e-01,4.266477643
136.0,400.0,7.253808522356e-03,9.865179590404e-01,3.728727915077e-01,4.284393059
136.0,402.0,7.297092822081e-03,9.924046238030e-01,3.706842622739e-01,4.309958519
136.0,404.0,7.303232667298e-03,9.932396427525e-01,3.703748630857e-01,4.313584961
136.0,406.0,7.292135223641e-03,9.917303904152e-01,3.709342742536e-01,4.307030361
136.0,408.0,7.213711225286e-03,9.810647266389e-01,3.749117077855e-01,4.260709972
136.0,410.0,7.187874816150e-03,9.775509749964e-01,3.762313715421e-01,4.245449942
136.0,412.0,7.144543399123e-03,9.716579022807e-01,3.784550761635e-01,4.219856653
136.0,414.0,7.143637492892e-03,9.715346990333e-01,3.785017059303e-01,4.219321588
136.0,416.0,7.135080595916e-03,9.703709610446e-01,3.789424391436e-01,4.214267538
136.0,418.0,7.168799057154e-03,9.749566717729e-01,3.772086969932e-01,4.234183026
136.0,420.0,7.204721953181e-03,9.798421856326e-01,3.753703330089e-01,4.255400544
136.0,422.0,7.222780971318e-03,9.822982120992e-01,3.744495447393e-01,4.266066931
136.0,424.0,7.232910298468e-03,9.836758005916e-01,3.739340624982e-01,4.272049722
136.0,426.0,7.285046515327e-03,9.907663260845e-01,3.712920511887e-01,4.302843483
136.0,428.0,7.349128495696e-03,9.994814754147e-01,3.680702451701e-01,4.340692895
136.0,430.0,7.455097310597e-03,1.013893234241e+00,3.628037464735e-01,4.403282369
136.0,432.0,7.572896136960e-03,1.029913874627e+00,3.570377092510e-01,4.472859126
136.0,434.0,7.722470170618e-03,1.050255943204e+00,3.498481963831e-01,4.561203607
136.0,436.0,7.903766543389e-03,1.074912249901e+00,3.413277055269e-01,4.668284587
136.0,438.0,8.216734244034e-03,1.117475857189e+00,3.271044117090e-01,4.853135984
136.0,440.0,8.571324042880e-03,1.165700069832e+00,3.117043708056e-01,5.062571079
136.0,442.0,9.027488419921e-03,1.227738425109e+00,2.929543672966e-01,5.332000232
136.0,444.0,9.485181496220e-03,1.289984683486e+00,2.752749993109e-01,5.602332298
136.0,446.0,1.007435896844e-02,1.370112819708e+00,2.540782928970e-01,5.950324372
136.0,448.0,1.061497804633e-02,1.443637014301e+00,2.360676141626e-01,6.269635892
136.0,450.0,1.112699739305e-02,1.513271645455e+00,2.201884198189e-01,6.572055252
136.0,452.0,1.141037706817e-02,1.551811281271e+00,2.118638810020e-01,6.739430764
136.0,454.0,1.156507847319e-02,1.572850672354e+00,2.074529582269e-01,6.830803679
136.0,456.0,1.165106429946e-02,1.584544744727e+00,2.050411179221e-01,6.881590390
136.0,458.0,1.175829847849e-02,1.599128593075e+00,2.020725286960e-01,6.944927238
136.0,460.0,1.186674613428e-02,1.613877474262e+00,1.991140556918e-01,7.008980815
136.0,462.0,1.205637353789e-02,1.639666801153e+00,1.940446869865e-01,7.120982439
136.0,464.0,1.222714806386e-02,1.662892136685e+00,1.895898666203e-01,7.221848790
136.0,466.0,1.241903814858e-02,1.688989188207e+00,1.847061328012e-01,7.335186844
136.0,468.0,1.257201325038e-02,1.709793802052e+00,1.809030906177e-01,7.425540134
136.0,470.0,1.283604381141e-02,1.745701958352e+00,1.745224384759e-01,7.581487276
136.0,472.0,1.314110122105e-02,1.787189766063e+00,1.674300266969e-01,7.761666535
136.0,474.0,1.344715778091e-02,1.828813458204e+00,1.606040181443e-01,7.942435933
136.0,476.0,1.378418667130e-02,1.874649387297e+00,1.534087444714e-01,8.141498844
136.0,478.0,1.413216191905e-02,1.921974020991e+00,1.463178423678e-01,8.347027117
136.0,480.0,1.446105836676e-02,1.966703937879e+00,1.399172730407e-01,8.541286678
136.0,482.0,1.482085164323e-02,2.015635823479e+00,1.332356620663e-01,8.753795157
136.0,484.0,1.518151813511e-02,2.064686466375e+00,1.268580586003e-01,8.966819392
136.0,486.0,1.556303495983e-02,2.116572754537e+00,1.204437121182e-01,9.192158678
136.0,488.0,1.607537993942e-02,2.186251671761e+00,1.123370365230e-01,9.494770371
136.0,490.0,1.672853157561e-02,2.275080294283e+00,1.027886547626e-01,9.880548177
136.0,492.0,1.754246902578e-02,2.385775787506e+00,9.201756580401e-02,10.361292596
136.0,494.0,1.853717207993e-02,2.521055402870e+00,8.037473424483e-02,10.948804500
136.0,496.0,1.976262113856e-02,2.687716474844e+00,6.803612432135e-02,11.672604339
136.0,498.0,2.124879719143e-02,2.889836418034e+00,5.558530462120e-02,12.550400100
136.0,500.0,2.268568179718e-02,3.085252724416e+00,4.571847826434e-02,13.399082335
136.0,502.0,2.434325706370e-02,3.310682960663e+00,3.649124315777e-02,14.378113411
136.0,504.0,2.613150562929e-02,3.553884765583e+00,2.861326762988e-02,15.434325430
136.0,506.0,2.854041064458e-02,3.881495847663e+00,2.061995778534e-02,16.857122282
136.0,508.0,3.153995575512e-02,4.289433982696e+00,1.371268471800e-02,18.628775092
136.0,510.0,3.480012508463e-02,4.732817011510e+00,8.801641757824e-03,20.554363120
136.0,512.0,3.746090321893e-02,5.094682837774e+00,6.129250293270e-03,22.125926435
136.0,514.0,3.912227519045e-02,5.320629425901e+00,4.889675068311e-03,23.107199999
136.0,516.0,3.992422646334e-02,5.429694799014e+00,4.384433731987e-03,23.580864896
136.0,518.0,4.046674291916e-02,5.503477037006e+00,4.072586258428e-03,23.901297085
136.0,520.0,4.082981084306e-02,5.552854274656e+00,3.876377193065e-03,24.115739703
136.0,522.0,4.125341691052e-02,5.610464699831e+00,3.659368454656e-03,24.365938600
136.0,524.0,4.177754817459e-02,5.681746551744e+00,3.407601690345e-03,24.675511750
136.0,526.0,4.246219205357e-02,5.774858119286e+00,3.104638115676e-03,25.079890150
136.0,528.0,4.317733631914e-02,5.872117739403e+00,2.816901549500e-03,25.502283313
136.0,530.0,4.395296908500e-02,5.977603795560e+00,2.534893142823e-03,25.960403434
136.0,532.0,4.480907879581e-02,6.094034716230e+00,2.256287047146e-03,26.466056498
136.0,534.0,4.584565421664e-02,6.235008973463e+00,1.959611629745e-03,27.078299918
136.0,536.0,4.687268442274e-02,6.374685081493e+00,1.704156381692e-03,27.684905548
136.0,538.0,4.789015878967e-02,6.513061595395e+00,1.483929569313e-03,28.285867112
136.0,540.0,4.895806698389e-02,6.658297109809e+00,1.283329880583e-03,28.916616937
136.0,542.0,5.021639895350e-02,6.829430257676e+00,1.081474103679e-03,29.659838755
136.0,544.0,5.177514491951e-02,7.041419709053e+00,8.748835999771e-04,30.580497244
136.0,546.0,5.359429536727e-02,7.288824169949e+00,6.831308264559e-04,31.654961166
136.0,548.0,5.558384103828e-02,7.559402381206e+00,5.211866217534e-04,32.830067406
136.0,550.0,5.760377292229e-02,7.834113117431e+00,3.959933588499e-04,34.023120975
138.0,350.0,9.889596205244e-03,1.364764276324e+00,2.554408823556e-01,5.927095943
138.0,352.0,9.716301458359e-03,1.340849601254e+00,2.616232986483e-01,5.823235829
138.0,354.0,9.530050616577e-03,1.315146985088e+00,2.684348644173e-01,5.711610785
138.0,356.0,9.330572014292e-03,1.287618937972e+00,2.759270008362e-01,5.592057996
138.0,358.0,9.137606428434e-03,1.260989687124e+00,2.833734366331e-01,5.476408629
138.0,360.0,9.010906417364e-03,1.243505085596e+00,2.883716770429e-01,5.400473969
138.0,362.0,8.910235699738e-03,1.229612526564e+00,2.924058552349e-01,5.340139352
138.0,364.0,8.775368570623e-03,1.211000862746e+00,2.978989741882e-01,5.259309923
138.0,366.0,8.606089352376e-03,1.187640330628e+00,3.049399732905e-01,5.157856421
138.0,368.0,8.442191877956e-03,1.165022479158e+00,3.119156503527e-01,5.059628340
138.0,370.0,8.293479004540e-03,1.144500102627e+00,3.183830368594e-01,4.970500791
138.0,372.0,8.159762155435e-03,1.126047177450e+00,3.243126765571e-01,4.890360755
138.0,374.0,8.020860888458e-03,1.106878802607e+00,3.305891865775e-01,4.807113561
138.0,376.0,7.906602489062e-03,1.091111143491e+00,3.358431164146e-01,4.738635488
138.0,378.0,7.796821586622e-03,1.075961378954e+00,3.409697964937e-01,4.672840896
138.0,380.0,7.711359792400e-03,1.064167651351e+00,3.450149079789e-01,4.621621388
138.0,382.0,7.610065357832e-03,1.050189019381e+00,3.498716103454e-01,4.560912961
138.0,384.0,7.512792851830e-03,1.036765413553e+00,3.545998126966e-01,4.502614981
138.0,386.0,7.419402855952e-03,1.023877594121e+00,3.591994067575e-01,4.446643893
138.0,388.0,7.359761676293e-03,1.015647111328e+00,3.621679909769e-01,4.410899360
138.0,390.0,7.313741071094e-03,1.009296267811e+00,3.644753824002e-01,4.383317997
138.0,392.0,7.241217993107e-03,9.992880830488e-01,3.681414340291e-01,4.339853003
138.0,394.0,7.222074345802e-03,9.966462597207e-01,3.691152844616e-01,4.328379710
138.0,396.0,7.216196752604e-03,9.958351518594e-01,3.694147982231e-01,4.324857113
138.0,398.0,7.223476338366e-03,9.968397346945e-01,3.690438767996e-01,4.329219961
138.0,400.0,7.253808522356e-03,1.001025576085e+00,3.675023462172e-01,4.347398839
138.0,402.0,7.297092822081e-03,1.006998809447e+00,3.653137120609e-01,4.373340262
138.0,404.0,7.303232667298e-03,1.007846108087e+00,3.650043133446e-01,4.377020033
138.0,406.0,7.292135223641e-03,1.006314660862e+00,3.655637264337e-01,4.370369043
138.0,408.0,7.213711225286e-03,9.954921490895e-01,3.695415302556e-01,4.323367471
138.0,410.0,7.187874816150e-03,9.919267246287e-01,3.708614543134e-01,4.307883030
138.0,412.0,7.144543399123e-03,9.859469890790e-01,3.730857514622e-01,4.281913368
138.0,414.0,7.143637492892e-03,9.858219740191e-01,3.731323957153e-01,4.281370435
138.0,416.0,7.135080595916e-03,9.846411222364e-01,3.735732700224e-01,4.276242060
138.0,418.0,7.168799057154e-03,9.892942698873e-01,3.718390164367e-01,4.296450424
138.0,420.0,7.204721953181e-03,9.942516295390e-01,3.700002382079e-01,4.317979963
138.0,422.0,7.222780971318e-03,9.967437740419e-01,3.690792921901e-01,4.328803209
138.0,424.0,7.232910298468e-03,9.981416211886e-01,3.685637361728e-01,4.334873982
138.0,426.0,7.285046515327e-03,1.005336419115e+00,3.659215111036e-01,4.366120593
138.0,428.0,7.349128495696e-03,1.014179732406e+00,3.626998187542e-01,4.404526614
138.0,430.0,7.455097310597e-03,1.028803428862e+00,3.574344004742e-01,4.468036521
138.0,432.0,7.572896136960e-03,1.045059666900e+00,3.516708356433e-01,4.538636466
138.0,434.0,7.722470170618e-03,1.065700883545e+00,3.444863253381e-01,4.628280131
138.0,436.0,7.903766543389e-03,1.090719782988e+00,3.359745778683e-01,4.736935831
138.0,438.0,8.216734244034e-03,1.133909325677e+00,3.217728794357e-01,4.924505631
138.0,440.0,8.571324042880e-03,1.182842717917e+00,3.064064722163e-01,5.137020654
138.0,442.0,9.027488419921e-03,1.245793401949e+00,2.877125458566e-01,5.410412001
138.0,444.0,9.485181496220e-03,1.308955046478e+00,2.701021531662e-01,5.684719537
138.0,446.0,1.007435896844e-02,1.390261537645e+00,2.490101705810e-01,6.037829142
138.0,448.0,1.061497804633e-02,1.464866970394e+00,2.311087337364e-01,6.361836420
138.0,450.0,1.112699739305e-02,1.535525640241e+00,2.153424687481e-01,6.668703124
138.0,452.0,1.141037706817e-02,1.574632035407e+00,2.070837381468e-01,6.838540040
138.0,454.0,1.156507847319e-02,1.595980829300e+00,2.027096074423e-01,6.931256674
138.0,456.0,1.165106429946e-02,1.607846873325e+00,2.003184610966e-01,6.982790248
138.0,458.0,1.175829847849e-02,1.622645190032e+00,1.973759111591e-01,7.047058521
138.0,460.0,1.186674613428e-02,1.637610966531e+00,1.944440211141e-01,7.112054063
138.0,462.0,1.205637353789e-02,1.663779548229e+00,1.894216970129e-01,7.225702769
138.0,464.0,1.222714806386e-02,1.687346432813e+00,1.850098091619e-01,7.328052448
138.0,466.0,1.241903814858e-02,1.713827264504e+00,1.801748943576e-01,7.443057239
138.0,468.0,1.257201325038e-02,1.734937828552e+00,1.764111676831e-01,7.534739254
138.0,470.0,1.283604381141e-02,1.771374045975e+00,1.700991041887e-01,7.692979736
138.0,472.0,1.314110122105e-02,1.813471968505e+00,1.630869200432e-01,7.875808690
138.0,474.0,1.344715778091e-02,1.855707773766e+00,1.563422485644e-01,8.059236462
138.0,476.0,1.378418667130e-02,1.902217760639e+00,1.492372793781e-01,8.261226768
138.0,478.0,1.413216191905e-02,1.950238344829e+00,1.422401653381e-01,8.469777516
138.0,480.0,1.446105836676e-02,1.995626054613e+00,1.359285288406e-01,8.666893835
138.0,482.0,1.482085164323e-02,2.045277526766e+00,1.293442884937e-01,8.882527438
138.0,484.0,1.518151813511e-02,2.095049502645e+00,1.230641515022e-01,9.098684383
138.0,486.0,1.556303495983e-02,2.147698824457e+00,1.167525169209e-01,9.327337483
138.0,488.0,1.607537993942e-02,2.218402431640e+00,1.087827579721e-01,9.634399347
138.0,490.0,1.672853157561e-02,2.308537357434e+00,9.940654151905e-02,10.025850356
138.0,492.0,1.754246902578e-02,2.420860725558e+00,8.884511327989e-02,10.513664546
138.0,494.0,1.853717207993e-02,2.558129747030e+00,7.744945514805e-02,11.109816331
138.0,496.0,1.976262113856e-02,2.727241717121e+00,6.539943124468e-02,11.844260286
138.0,498.0,2.124879719143e-02,2.932334012417e+00,5.327255412525e-02,12.734964807
138.0,500.0,2.268568179718e-02,3.130624088011e+00,4.369052201159e-02,13.596127663
138.0,502.0,2.434325706370e-02,3.359369474791e+00,3.475716730732e-02,14.589556256
138.0,504.0,2.613150562929e-02,3.606147776842e+00,2.715625759491e-02,15.661300804
138.0,506.0,2.854041064458e-02,3.938576668952e+00,1.947591570240e-02,17.105021139
138.0,508.0,3.153995575512e-02,4.352513894207e+00,1.287440696832e-02,18.902727667
138.0,510.0,3.480012508463e-02,4.802417261679e+00,8.209877621329e-03,20.856633165
138.0,512.0,3.746090321893e-02,5.169604644212e+00,5.686816690728e-03,22.451307706
138.0,514.0,3.912227519045e-02,5.398873976282e+00,4.521669584306e-03,23.447011764
138.0,516.0,3.992422646334e-02,5.509543251941e+00,4.047955857028e-03,23.927642321
138.0,518.0,4.046674291916e-02,5.584410522844e+00,3.755963171819e-03,24.252786748
138.0,520.0,4.082981084306e-02,5.634513896342e+00,3.572413374420e-03,24.470382934
138.0,522.0,4.125341691052e-02,5.692971533652e+00,3.369565301294e-03,24.724261227
138.0,524.0,4.177754817459e-02,5.765301648093e+00,3.134449720380e-03,25.038386923
138.0,526.0,4.246219205357e-02,5.859782503393e+00,2.851863885951e-03,25.448712064
138.0,528.0,4.317733631914e-02,5.958472412041e+00,2.583856026168e-03,25.877316891
138.0,530.0,4.395296908500e-02,6.065509733730e+00,2.321574328131e-03,26.342174073
138.0,532.0,4.480907879581e-02,6.183652873822e+00,2.062878639490e-03,26.855263211
138.0,534.0,4.584565421664e-02,6.326700281896e+00,1.787923690387e-03,27.476510211
138.0,536.0,4.687268442274e-02,6.468430450338e+00,1.551659228899e-03,28.092036512
138.0,538.0,4.789015878967e-02,6.608841912974e+00,1.348392801761e-03,28.701835746
138.0,540.0,4.895806698389e-02,6.756213243777e+00,1.163627214091e-03,29.341861303
138.0,542.0,5.021639895350e-02,6.929863055583e+00,9.781348093252e-04,30.096012854
138.0,544.0,5.177514491951e-02,7.144969998892e+00,7.888218940658e-04,31.030210439
138.0,546.0,5.359429536727e-02,7.396012760683e+00,6.136948375073e-04,32.120475301
138.0,548.0,5.558384103828e-02,7.670570063283e+00,4.663518978193e-04,33.312862515
138.0,550.0,5.760377292229e-02,7.949320663276e+00,3.529018223828e-04,34.523460989
140.0,350.0,9.889596205244e-03,1.384543468734e+00,2.504381065232e-01,6.012995884
140.0,352.0,9.716301458359e-03,1.360282204170e+00,2.565883564311e-01,5.907630551
140.0,354.0,9.530050616577e-03,1.334207086321e+00,2.633669199204e-01,5.794387753
140.0,356.0,9.330572014292e-03,1.306280082001e+00,2.708256340426e-01,5.673102314
140.0,358.0,9.137606428434e-03,1.279264899981e+00,2.782417608183e-01,5.555776870
140.0,360.0,9.010906417364e-03,1.261526898431e+00,2.832212461017e-01,5.478741708
140.0,362.0,8.910235699738e-03,1.247432997963e+00,2.872412000271e-01,5.417532676
140.0,364.0,8.775368570623e-03,1.228551599887e+00,2.927162410263e-01,5.335531806
140.0,366.0,8.606089352376e-03,1.204852509333e+00,2.997362045461e-01,5.232607963
140.0,368.0,8.442191877956e-03,1.181906862914e+00,3.066933584675e-01,5.132956287
140.0,370.0,8.293479004540e-03,1.161087060636e+00,3.131455875519e-01,5.042537034
140.0,372.0,8.159762155435e-03,1.142366701761e+00,3.190630005655e-01,4.961235549
140.0,374.0,8.020860888458e-03,1.122920524384e+00,3.253282766688e-01,4.876781874
140.0,376.0,7.906602489062e-03,1.106924348469e+00,3.305741299511e-01,4.807311364
140.0,378.0,7.796821586622e-03,1.091555022127e+00,3.356940759104e-01,4.740563228
140.0,380.0,7.711359792400e-03,1.079590370936e+00,3.397346623375e-01,4.688601408
140.0,382.0,7.610065357832e-03,1.065409150096e+00,3.445868381826e-01,4.627013149
140.0,384.0,7.512792851830e-03,1.051790999256e+00,3.493115717717e-01,4.567870271
140.0,386.0,7.419402855952e-03,1.038716399833e+00,3.539086677533e-01,4.511088007
140.0,388.0,7.359761676293e-03,1.030366634681e+00,3.568760934277e-01,4.474825438
140.0,390.0,7.313741071094e-03,1.023923749953e+00,3.591828279927e-01,4.446844345
140.0,392.0,7.241217993107e-03,1.013770519035e+00,3.628482707419e-01,4.402749423
140.0,394.0,7.222074345802e-03,1.011090408412e+00,3.638220485801e-01,4.391109851
140.0,396.0,7.216196752604e-03,1.010267545365e+00,3.641215475062e-01,4.387536202
140.0,398.0,7.223476338366e-03,1.011286687371e+00,3.637506449749e-01,4.391962279
140.0,400.0,7.253808522356e-03,1.015533193130e+00,3.622092508521e-01,4.410404620
140.0,402.0,7.297092822081e-03,1.021592995091e+00,3.600209714894e-01,4.436722005
140.0,404.0,7.303232667298e-03,1.022452573422e+00,3.597116382310e-01,4.440455106
140.0,406.0,7.292135223641e-03,1.020898931310e+00,3.602709357419e-01,4.433707724
140.0,408.0,7.213711225286e-03,1.009919571540e+00,3.642482743212e-01,4.386024971
140.0,410.0,7.187874816150e-03,1.006302474261e+00,3.655681814403e-01,4.370316117
140.0,412.0,7.144543399123e-03,1.000236075877e+00,3.677926039601e-01,4.343970084
140.0,414.0,7.143637492892e-03,1.000109249005e+00,3.678392529039e-01,4.343419281
140.0,416.0,7.135080595916e-03,9.989112834282e-01,3.682801757190e-01,4.338216583
140.0,418.0,7.168799057154e-03,1.003631868002e+00,3.665457749165e-01,4.358717821
140.0,420.0,7.204721953181e-03,1.008661073445e+00,3.647069686528e-01,4.380559383
140.0,422.0,7.222780971318e-03,1.011189335985e+00,3.637860583283e-01,4.391539488
140.0,424.0,7.232910298468e-03,1.012607441786e+00,3.632705368271e-01,4.397698243
140.0,426.0,7.285046515327e-03,1.019906512146e+00,3.606286529961e-01,4.429397703
140.0,428.0,7.349128495696e-03,1.028877989397e+00,3.574077509676e-01,4.468360333
140.0,430.0,7.455097310597e-03,1.043713623484e+00,3.521445185839e-01,4.532790674
140.0,432.0,7.572896136960e-03,1.060205459174e+00,3.463846351174e-01,4.604413806
140.0,434.0,7.722470170618e-03,1.081145823887e+00,3.392066318244e-01,4.695356654
140.0,436.0,7.903766543389e-03,1.106527316074e+00,3.307054046478e-01,4.805587074
140.0,438.0,8.216734244034e-03,1.150342794165e+00,3.165282467437e-01,4.995875278
140.0,440.0,8.571324042880e-03,1.199985366003e+00,3.011986196196e-01,5.211470228
140.0,442.0,9.027488419921e-03,1.263848378789e+00,2.825645161297e-01,5.488823769
140.0,444.0,9.485181496220e-03,1.327925409471e+00,2.650265128604e-01,5.767106777
140.0,446.0,1.007435896844e-02,1.410410255582e+00,2.440431425518e-01,6.125333912
140.0,448.0,1.061497804633e-02,1.486096926486e+00,2.262540204792e-01,6.454036947
140.0,450.0,1.112699739305e-02,1.557779635027e+00,2.106031683440e-01,6.765350995
140.0,452.0,1.141037706817e-02,1.597452789544e+00,2.024114464535e-01,6.937649316
140.0,454.0,1.156507847319e-02,1.619110986247e+00,1.980747119762e-01,7.031709669
140.0,456.0,1.165106429946e-02,1.631149001924e+00,1.957045799533e-01,7.083990107
140.0,458.0,1.175829847849e-02,1.646161786989e+00,1.927884535185e-01,7.149189804
140.0,460.0,1.186674613428e-02,1.661344458799e+00,1.898835178444e-01,7.215127310
140.0,462.0,1.205637353789e-02,1.687892295305e+00,1.849088468047e-01,7.330423099
140.0,464.0,1.222714806386e-02,1.711800728940e+00,1.805403954140e-01,7.434256107
140.0,466.0,1.241903814858e-02,1.738665340801e+00,1.757548169324e-01,7.550927634
140.0,468.0,1.257201325038e-02,1.760081855053e+00,1.720307816579e-01,7.643938373
140.0,470.0,1.283604381141e-02,1.797046133597e+00,1.657878809079e-01,7.804472195
140.0,472.0,1.314110122105e-02,1.839754170947e+00,1.588564728436e-01,7.989950845
140.0,474.0,1.344715778091e-02,1.882602089327e+00,1.521935688073e-01,8.176036990
140.0,476.0,1.378418667130e-02,1.929786133982e+00,1.451792440705e-01,8.380954692
140.0,478.0,1.413216191905e-02,1.978502668667e+00,1.382761275590e-01,8.592527914
140.0,480.0,1.446105836676e-02,2.024548171346e+00,1.320534952635e-01,8.792500992
140.0,482.0,1.482085164323e-02,2.074919230052e+00,1.255665690889e-01,9.011259720
140.0,484.0,1.518151813511e-02,2.125412538915e+00,1.193837076812e-01,9.230549374
140.0,486.0,1.556303495983e-02,2.178824894376e+00,1.131744444574e-01,9.462516287
140.0,488.0,1.607537993942e-02,2.250553191519e+00,1.053409347290e-01,9.774028323
140.0,490.0,1.672853157561e-02,2.341994420585e+00,9.613571186043e-02,10.171152535
140.0,492.0,1.754246902578e-02,2.455945663609e+00,8.578203612262e-02,10.666036496
140.0,494.0,1.853717207993e-02,2.595204091190e+00,7.463064306326e-02,11.270828162
140.0,496.0,1.976262113856e-02,2.766766959398e+00,6.286492138979e-02,12.015916232
140.0,498.0,2.124879719143e-02,2.974831606800e+00,5.105603076871e-02,12.919529514
140.0,500.0,2.268568179718e-02,3.175995451605e+00,4.175252077744e-02,13.793172992
140.0,502.0,2.434325706370e-02,3.408055988918e+00,3.310549531036e-02,14.800999100
140.0,504.0,2.613150562929e-02,3.658410788101e+00,2.577343965395e-02,15.888276178
140.0,506.0,2.854041064458e-02,3.995657490241e+00,1.839534767217e-02,17.352919996
140.0,508.0,3.153995575512e-02,4.415593805717e+00,1.208737444158e-02,19.176680241
140.0,510.0,3.480012508463e-02,4.872017511848e+00,7.657899788671e-03,21.158903211
140.0,512.0,3.746090321893e-02,5.244526450650e+00,5.276319700870e-03,22.776688977
140.0,514.0,3.912227519045e-02,5.477118526663e+00,4.181360835639e-03,23.786823529
140.0,516.0,3.992422646334e-02,5.589391704868e+00,3.737300555121e-03,24.274419746
140.0,518.0,4.046674291916e-02,5.665344008682e+00,3.463955936813e-03,24.604276411
140.0,520.0,4.082981084306e-02,5.716173518028e+00,3.292284698343e-03,24.825026165
140.0,522.0,4.125341691052e-02,5.775478367473e+00,3.102713066579e-03,25.082583853
140.0,524.0,4.177754817459e-02,5.848856744443e+00,2.883193501585e-03,25.401262096
140.0,526.0,4.246219205357e-02,5.944706887500e+00,2.619670093891e-03,25.817533978
140.0,528.0,4.317733631914e-02,6.044827084680e+00,2.370090628531e-03,26.252350469
140.0,530.0,4.395296908500e-02,6.153415671900e+00,2.126206927617e-03,26.723944712
140.0,532.0,4.480907879581e-02,6.273271031413e+00,1.886049156133e-03,27.244469924
140.0,534.0,4.584565421664e-02,6.418391590330e+00,1.631277889008e-03,27.874720504
140.0,536.0,4.687268442274e-02,6.562175819184e+00,1.412808348162e-03,28.499167476
140.0,538.0,4.789015878967e-02,6.704622230554e+00,1.225235473058e-03,29.117804380
140.0,540.0,4.895806698389e-02,6.854129377745e+00,1.055089820520e-03,29.767105670
140.0,542.0,5.021639895350e-02,7.030295853490e+00,8.846700091650e-04,30.532186953
140.0,544.0,5.177514491951e-02,7.248520288731e+00,7.112260197516e-04,31.479923634
140.0,546.0,5.359429536727e-02,7.503201351418e+00,5.513165838776e-04,32.585989435
140.0,548.0,5.558384103828e-02,7.781737745359e+00,4.172864066771e-04,33.795657624
140.0,550.0,5.760377292229e-02,8.064528209121e+00,3.144994567656e-04,35.023801004
142.0,350.0,9.889596205244e-03,1.404322661145e+00,2.455333093925e-01,6.098895825
142.0,352.0,9.716301458359e-03,1.379714807087e+00,2.516503117122e-01,5.992025273
142.0,354.0,9.530050616577e-03,1.353267187554e+00,2.583946562192e-01,5.877164721
142.0,356.0,9.330572014292e-03,1.324941226029e+00,2.658185818433e-01,5.754146633
142.0,358.0,9.137606428434e-03,1.297540112838e+00,2.732030157206e-01,5.635145111
142.0,360.0,9.010906417364e-03,1.279548711266e+00,2.781628038716e-01,5.557009446
142.0,362.0,8.910235699738e-03,1.265253469363e+00,2.821677661917e-01,5.494926000
142.0,364.0,8.775368570623e-03,1.246102337028e+00,2.876236750867e-01,5.411753689
142.0,366.0,8.606089352376e-03,1.222064688037e+00,2.946212375710e-01,5.307359505
142.0,368.0,8.442191877956e-03,1.198791246670e+00,3.015585015427e-01,5.206284234
142.0,370.0,8.293479004540e-03,1.177674018645e+00,3.079942950809e-01,5.114573278
142.0,372.0,8.159762155435e-03,1.158686226072e+00,3.138983015113e-01,5.032110342
142.0,374.0,8.020860888458e-03,1.138962246161e+00,3.201510875054e-01,4.946450186
142.0,376.0,7.906602489062e-03,1.122737553447e+00,3.253878077346e-01,4.875987241
142.0,378.0,7.796821586622e-03,1.107148665300e+00,3.304999849259e-01,4.808285560
142.0,380.0,7.711359792400e-03,1.095013090521e+00,3.345352276796e-01,4.755581428
142.0,382.0,7.610065357832e-03,1.080629280812e+00,3.393818919216e-01,4.693113336
142.0,384.0,7.512792851830e-03,1.066816584960e+00,3.441021957844e-01,4.633125561
142.0,386.0,7.419402855952e-03,1.053555205545e+00,3.486958573833e-01,4.575532121
142.0,388.0,7.359761676293e-03,1.045086158034e+00,3.516615196078e-01,4.538751515
142.0,390.0,7.313741071094e-03,1.038551232095e+00,3.539671268750e-01,4.510370693
142.0,392.0,7.241217993107e-03,1.028252955021e+00,3.576312129267e-01,4.465645844
142.0,394.0,7.222074345802e-03,1.025534557104e+00,3.586047194607e-01,4.453839992
142.0,396.0,7.216196752604e-03,1.024699938870e+00,3.589041424329e-01,4.450215291
142.0,398.0,7.223476338366e-03,1.025733640048e+00,3.585333344834e-01,4.454704598
142.0,400.0,7.253808522356e-03,1.030040810175e+00,3.569923913501e-01,4.473410400
142.0,402.0,7.297092822081e-03,1.036187180736e+00,3.548049132374e-01,4.500103748
142.0,404.0,7.303232667298e-03,1.037059038756e+00,3.544957085389e-01,4.503890179
142.0,406.0,7.292135223641e-03,1.035483201757e+00,3.550547763767e-01,4.497046406
142.0,408.0,7.213711225286e-03,1.024346993991e+00,3.590308381691e-01,4.448682470
142.0,410.0,7.187874816150e-03,1.020678223893e+00,3.603504589847e-01,4.432749204
142.0,412.0,7.144543399123e-03,1.014525162675e+00,3.625745528947e-01,4.406026799
142.0,414.0,7.143637492892e-03,1.014396523991e+00,3.626211970084e-01,4.405468128
142.0,416.0,7.135080595916e-03,1.013181444620e+00,3.630620783428e-01,4.400191106
142.0,418.0,7.168799057154e-03,1.017969466116e+00,3.613278842997e-01,4.420985219
142.0,420.0,7.204721953181e-03,1.023070517352e+00,3.594894252723e-01,4.443138803
142.0,422.0,7.222780971318e-03,1.025634897927e+00,3.585687385731e-01,4.454275766
142.0,424.0,7.232910298468e-03,1.027073262382e+00,3.580533567870e-01,4.460522504
142.0,426.0,7.285046515327e-03,1.034476605176e+00,3.554123532381e-01,4.492674813
142.0,428.0,7.349128495696e-03,1.043576246389e+00,3.521928984979e-01,4.532194053
142.0,430.0,7.455097310597e-03,1.058623818105e+00,3.469329247666e-01,4.597544826
142.0,432.0,7.572896136960e-03,1.075351251448e+00,3.411778950219e-01,4.670191146
142.0,434.0,7.722470170618e-03,1.096590764228e+00,3.340078563661e-01,4.762433178
142.0,436.0,7.903766543389e-03,1.122334849161e+00,3.255188691870e-01,4.874238318
142.0,438.0,8.216734244034e-03,1.166776262653e+00,3.113690972413e-01,5.067244925
142.0,440.0,8.571324042880e-03,1.217128014089e+00,2.960792825443e-01,5.285919803
142.0,442.0,9.027488419921e-03,1.281903355629e+00,2.775085999046e-01,5.567235537
142.0,444.0,9.485181496220e-03,1.346895772463e+00,2.600462517443e-01,5.849494017
142.0,446.0,1.007435896844e-02,1.430558973518e+00,2.391751922727e-01,6.212838682
142.0,448.0,1.061497804633e-02,1.507326882579e+00,2.215012862361e-01,6.546237475
142.0,450.0,1.112699739305e-02,1.580033629813e+00,2.059681714173e-01,6.861998866
142.0,452.0,1.141037706817e-02,1.620273543680e+00,1.978445725485e-01,7.036758592
142.0,454.0,1.156507847319e-02,1.642241143193e+00,1.935457920298e-01,7.132162664
142.0,456.0,1.165106429946e-02,1.654451130523e+00,1.911969690913e-01,7.185189966
142.0,458.0,1.175829847849e-02,1.669678383946e+00,1.883076186541e-01,7.251321087
142.0,460.0,1.186674613428e-02,1.685077951068e+00,1.854299769279e-01,7.318200557
142.0,462.0,1.205637353789e-02,1.712005042380e+00,1.805035123528e-01,7.435143429
142.0,464.0,1.222714806386e-02,1.736255025068e+00,1.761789524778e-01,7.540459766
142.0,466.0,1.241903814858e-02,1.763503417098e+00,1.714431735069e-01,7.658798029
142.0,468.0,1.257201325038e-02,1.785225881554e+00,1.677591630197e-01,7.753137493
142.0,470.0,1.283604381141e-02,1.822718221220e+00,1.615859271395e-01,7.915964655
142.0,472.0,1.314110122105e-02,1.866036373389e+00,1.547357627309e-01,8.104093000
142.0,474.0,1.344715778091e-02,1.909496404889e+00,1.481549779345e-01,8.292837519
142.0,476.0,1.378418667130e-02,1.957354507325e+00,1.412315541849e-01,8.500682617
142.0,478.0,1.413216191905e-02,2.006766992505e+00,1.344225620609e-01,8.715278313
142.0,480.0,1.446105836676e-02,2.053470288080e+00,1.282889306612e-01,8.918108149
142.0,482.0,1.482085164323e-02,2.104560933339e+00,1.218991843889e-01,9.139992002
142.0,484.0,1.518151813511e-02,2.155775575186e+00,1.158133338242e-01,9.362414365
142.0,486.0,1.556303495983e-02,2.209950964296e+00,1.097060278959e-01,9.597695091
142.0,488.0,1.607537993942e-02,2.282703951398e+00,1.020080087730e-01,9.913657299
142.0,490.0,1.672853157561e-02,2.375451483737e+00,9.297250416001e-02,10.316454714
142.0,492.0,1.754246902578e-02,2.491030601661e+00,8.282456344179e-02,10.818408446
142.0,494.0,1.853717207993e-02,2.632278435350e+00,7.191442306971e-02,11.431839993
142.0,496.0,1.976262113856e-02,2.806292201676e+00,6.042863471639e-02,12.187572178
142.0,498.0,2.124879719143e-02,3.017329201183e+00,4.893173080694e-02,13.104094222
142.0,500.0,2.268568179718e-02,3.221366815200e+00,3.990048438442e-02,13.990218320
142.0,502.0,2.434325706370e-02,3.456742503045e+00,3.153231130875e-02,15.012441944
142.0,504.0,2.613150562929e-02,3.710673799359e+00,2.446103588738e-02,16.115251552
142.0,506.0,2.854041064458e-02,4.052738311530e+00,1.737473201008e-02,17.600818853
142.0,508.0,3.153995575512e-02,4.478673717227e+00,1.134845443759e-02,19.450632816
142.0,510.0,3.480012508463e-02,4.941617762017e+00,7.143033292114e-03,21.461173257
142.0,512.0,3.746090321893e-02,5.319448257088e+00,4.895454012291e-03,23.102070248
142.0,514.0,3.912227519045e-02,5.555363077044e+00,3.866664317644e-03,24.126635293
142.0,516.0,3.992422646334e-02,5.669240157794e+00,3.450486105242e-03,24.621197171
142.0,518.0,4.046674291916e-02,5.746277494521e+00,3.194650794824e-03,24.955766074
142.0,520.0,4.082981084306e-02,5.797833139715e+00,3.034122146266e-03,25.179669396
142.0,522.0,4.125341691052e-02,5.857985201294e+00,2.856994155840e-03,25.440906480
142.0,524.0,4.177754817459e-02,5.932411840792e+00,2.652077879422e-03,25.764137268
142.0,526.0,4.246219205357e-02,6.029631271607e+00,2.406381116095e-03,26.186355892
142.0,528.0,4.317733631914e-02,6.131181757318e+00,2.174010289491e-03,26.627384047
142.0,530.0,4.395296908500e-02,6.241321610070e+00,1.947280276262e-03,27.105715350
142.0,532.0,4.480907879581e-02,6.362889189005e+00,1.724377455491e-03,27.633676637
142.0,534.0,4.584565421664e-02,6.510082898763e+00,1.488356335046e-03,28.272930797
142.0,536.0,4.687268442274e-02,6.655921188029e+00,1.286382597069e-03,28.906298439
142.0,538.0,4.789015878967e-02,6.800402548133e+00,1.113326889967e-03,29.533773014
142.0,540.0,4.895806698389e-02,6.952045511712e+00,9.566762584139e-04,30.192350037
142.0,542.0,5.021639895350e-02,7.130728651397e+00,8.001361547045e-04,30.968361053
142.0,544.0,5.177514491951e-02,7.352070578570e+00,6.412631989262e-04,31.929636828
142.0,546.0,5.359429536727e-02,7.610389942152e+00,4.952786907791e-04,33.051503570
142.0,548.0,5.558384103828e-02,7.892905427436e+00,3.733831598235e-04,34.278452733
142.0,550.0,5.760377292229e-02,8.179735754965e+00,2.802759918836e-04,35.524141018
144.0,350.0,9.889596205244e-03,1.424101853555e+00,2.407245720637e-01,6.184795767
144.0,352.0,9.716301458359e-03,1.399147410004e+00,2.468072996985e-01,6.076419995
144.0,354.0,9.530050616577e-03,1.372327288787e+00,2.535162668979e-01,5.959941689
144.0,356.0,9.330572014292e-03,1.343602370058e+00,2.609041005405e-01,5.835190952
144.0,358.0,9.137606428434e-03,1.315815325694e+00,2.682555184359e-01,5.714513352
144.0,360.0,9.010906417364e-03,1.297570524100e+00,2.731947073982e-01,5.635277185
144.0,362.0,8.910235699738e-03,1.283073940762e+00,2.771839425197e-01,5.572319323
144.0,364.0,8.775368570623e-03,1.263653074170e+00,2.826197076744e-01,5.487975572
144.0,366.0,8.606089352376e-03,1.239276866742e+00,2.895935569722e-01,5.382111048
144.0,368.0,8.442191877956e-03,1.215675630426e+00,2.965096156861e-01,5.279612181
144.0,370.0,8.293479004540e-03,1.194260976654e+00,3.029277421534e-01,5.186609521
144.0,372.0,8.159762155435e-03,1.175005750383e+00,3.088172038658e-01,5.102985136
144.0,374.0,8.020860888458e-03,1.155003967938e+00,3.150562867771e-01,5.016118499
144.0,376.0,7.906602489062e-03,1.138550758425e+00,3.202828528597e-01,4.944663118
144.0,378.0,7.796821586622e-03,1.122742308474e+00,3.253862605105e-01,4.876007892
144.0,380.0,7.711359792400e-03,1.110435810106e+00,3.294153672417e-01,4.822561448
144.0,382.0,7.610065357832e-03,1.095849411528e+00,3.342555658009e-01,4.759213524
144.0,384.0,7.512792851830e-03,1.081842170664e+00,3.389705086009e-01,4.698380850
144.0,386.0,7.419402855952e-03,1.068394011257e+00,3.435598278171e-01,4.639976236
144.0,388.0,7.359761676293e-03,1.059805681386e+00,3.465231396843e-01,4.602677593
144.0,390.0,7.313741071094e-03,1.053178714238e+00,3.488271630588e-01,4.573897041
144.0,392.0,7.241217993107e-03,1.042735391007e+00,3.524891663336e-01,4.528542264
144.0,394.0,7.222074345802e-03,1.039978705795e+00,3.534622085752e-01,4.516570132
144.0,396.0,7.216196752604e-03,1.039132332375e+00,3.537614962304e-01,4.512894379
144.0,398.0,7.223476338366e-03,1.040180592725e+00,3.533908563781e-01,4.517446916
144.0,400.0,7.253808522356e-03,1.044548427219e+00,3.518506696944e-01,4.536416180
144.0,402.0,7.297092822081e-03,1.050781366380e+00,3.496644263156e-01,4.563485491
144.0,404.0,7.303232667298e-03,1.051665504091e+00,3.493554114359e-01,4.567325252
144.0,406.0,7.292135223641e-03,1.050067472204e+00,3.499141388364e-01,4.560385088
144.0,408.0,7.213711225286e-03,1.038774416441e+00,3.538881357685e-01,4.511339970
144.0,410.0,7.187874816150e-03,1.035053973526e+00,3.552072086222e-01,4.495182292
144.0,412.0,7.144543399123e-03,1.028814249474e+00,3.574305328364e-01,4.468083514
144.0,414.0,7.143637492892e-03,1.028683798976e+00,3.574771628686e-01,4.467516975
144.0,416.0,7.135080595916e-03,1.027451605812e+00,3.579179152754e-01,4.462165628
144.0,418.0,7.168799057154e-03,1.032307064230e+00,3.561842719431e-01,4.483252616
144.0,420.0,7.204721953181e-03,1.037479961258e+00,3.543465247180e-01,4.505718223
144.0,422.0,7.222780971318e-03,1.040080459870e+00,3.534262441852e-01,4.517012045
144.0,424.0,7.232910298468e-03,1.041539082979e+00,3.529111042867e-01,4.523346764
144.0,426.0,7.285046515327e-03,1.049046698207e+00,3.502715044543e-01,4.555951923
144.0,428.0,7.349128495696e-03,1.058274503380e+00,3.470541347146e-01,4.596027772
144.0,430.0,7.455097310597e-03,1.073534012726e+00,3.417984603909e-01,4.662298979
144.0,432.0,7.572896136960e-03,1.090497043722e+00,3.360494209339e-01,4.735968486
144.0,434.0,7.722470170618e-03,1.112035704569e+00,3.288887587908e-01,4.829509702
144.0,436.0,7.903766543389e-03,1.138142382248e+00,3.204136754572e-01,4.942889562
144.0,438.0,8.216734244034e-03,1.183209731141e+00,3.062940376230e-01,5.138614572
144.0,440.0,8.571324042880e-03,1.234270662175e+00,2.910469565322e-01,5.360369378
144.0,442.0,9.027488419921e-03,1.299958332469e+00,2.725431489976e-01,5.645647305
144.0,444.0,9.485181496220e-03,1.365866135456e+00,2.551595774944e-01,5.931881256
144.0,446.0,1.007435896844e-02,1.450707691455e+00,2.344043434310e-01,6.300343453
144.0,448.0,1.061497804633e-02,1.528556838672e+00,2.168483888168e-01,6.638438003
144.0,450.0,1.112699739305e-02,1.602287624599e+00,2.014351824361e-01,6.958646738
144.0,452.0,1.141037706817e-02,1.643094297816e+00,1.933807379608e-01,7.135867868
144.0,454.0,1.156507847319e-02,1.665371300139e+00,1.891204245040e-01,7.232615660
144.0,456.0,1.165106429946e-02,1.677753259122e+00,1.867931808158e-01,7.286389824
144.0,458.0,1.175829847849e-02,1.693194980903e+00,1.839309284142e-01,7.353452370
144.0,460.0,1.186674613428e-02,1.708811443336e+00,1.810808896624e-01,7.421273805
144.0,462.0,1.205637353789e-02,1.736117789456e+00,1.762031321632e-01,7.539863759
144.0,464.0,1.222714806386e-02,1.760709321196e+00,1.719228720253e-01,7.646663424
144.0,466.0,1.241903814858e-02,1.788341493396e+00,1.672373039621e-01,7.766668423
144.0,468.0,1.257201325038e-02,1.810369908055e+00,1.635936110145e-01,7.862336613
144.0,470.0,1.283604381141e-02,1.848390308843e+00,1.574904734082e-01,8.027457115
144.0,472.0,1.314110122105e-02,1.892318575831e+00,1.507219431434e-01,8.218235155
144.0,474.0,1.344715778091e-02,1.936390720451e+00,1.442235546403e-01,8.409638047
144.0,476.0,1.378418667130e-02,1.984922880667e+00,1.373912092268e-01,8.620410541
144.0,478.0,1.413216191905e-02,2.035031316343e+00,1.306763901333e-01,8.838028712
144.0,480.0,1.446105836676e-02,2.082392404813e+00,1.246316857980e-01,9.043715306
144.0,482.0,1.482085164323e-02,2.134202636625e+00,1.183389118815e-01,9.268724283
144.0,484.0,1.518151813511e-02,2.186138611456e+00,1.123497381007e-01,9.494279356
144.0,486.0,1.556303495983e-02,2.241077034216e+00,1.063439066514e-01,9.732873895
144.0,488.0,1.607537993942e-02,2.314854711276e+00,9.878053465740e-02,10.053286275
144.0,490.0,1.672853157561e-02,2.408908546888e+00,8.991337727162e-02,10.461756893
144.0,492.0,1.754246902578e-02,2.526115539712e+00,7.996905435442e-02,10.970780395
144.0,494.0,1.853717207993e-02,2.669352779510e+00,6.929706127636e-02,11.592851824
144.0,496.0,1.976262113856e-02,2.845817443953e+00,5.808676465283e-02,12.359228124
144.0,498.0,2.124879719143e-02,3.059826795566e+00,4.689581708006e-02,13.288658929
144.0,500.0,2.268568179718e-02,3.266738178794e+00,3.813059964925e-02,14.187263649
144.0,502.0,2.434325706370e-02,3.505429017173e+00,3.003388552717e-02,15.223884789
144.0,504.0,2.613150562929e-02,3.762936810618e+00,2.321546075018e-02,16.342226926
144.0,506.0,2.854041064458e-02,4.109819132820e+00,1.641074242260e-02,17.848717710
144.0,508.0,3.153995575512e-02,4.541753628737e+00,1.065470576298e-02,19.724585391
144.0,510.0,3.480012508463e-02,5.011218012187e+00,6.662783011045e-03,21.763443303
144.0,512.0,3.746090321893e-02,5.394370063526e+00,4.542080720110e-03,23.427451519
144.0,514.0,3.912227519045e-02,5.633607627425e+00,3.575652409118e-03,24.466447058
144.0,516.0,3.992422646334e-02,5.749088610721e+00,3.185682871064e-03,24.967974596
144.0,518.0,4.046674291916e-02,5.827210980359e+00,2.946282772367e-03,25.307255737
144.0,520.0,4.082981084306e-02,5.879492761401e+00,2.796203257603e-03,25.534312627
144.0,522.0,4.125341691052e-02,5.940492035115e+00,2.630734918555e-03,25.799229106
144.0,524.0,4.177754817459e-02,6.015966937141e+00,2.439488391831e-03,26.127012441
144.0,526.0,4.246219205357e-02,6.114555655714e+00,2.210457755503e-03,26.555177806
144.0,528.0,4.317733631914e-02,6.217536429956e+00,1.994151903693e-03,27.002417626
144.0,530.0,4.395296908500e-02,6.329227548240e+00,1.783410836013e-03,27.487485989
144.0,532.0,4.480907879581e-02,6.452507346597e+00,1.576564215909e-03,28.022883351
144.0,534.0,4.584565421664e-02,6.601774207196e+00,1.357956602611e-03,28.671141090
144.0,536.0,4.687268442274e-02,6.749666556875e+00,1.171270107650e-03,29.313429403
144.0,538.0,4.789015878967e-02,6.896182865712e+00,1.011639632691e-03,29.949741648
144.0,540.0,4.895806698389e-02,7.049961645680e+00,8.674422268256e-04,30.617594403
144.0,542.0,5.021639895350e-02,7.231161449304e+00,7.236798573849e-04,31.404535152
144.0,544.0,5.177514491951e-02,7.455620868409e+00,5.781825732988e-04,32.379350023
144.0,546.0,5.359429536727e-02,7.717578532887e+00,4.449367000980e-04,33.517017705
144.0,548.0,5.558384103828e-02,8.004073109512e+00,3.340990308071e-04,34.761247842
144.0,550.0,5.760377292229e-02,8.294943300810e+00,2.497766846220e-04,36.024481032
146.0,350.0,9.889596205244e-03,1.443881045966e+00,2.360100132183e-01,6.270695708
146.0,352.0,9.716301458359e-03,1.418580012920e+00,2.420574914850e-01,6.160814717
146.0,354.0,9.530050616577e-03,1.391387390020e+00,2.487299796453e-01,6.042718657
146.0,356.0,9.330572014292e-03,1.362263514087e+00,2.560804786739e-01,5.916235271
146.0,358.0,9.137606428434e-03,1.334090538551e+00,2.633976165362e-01,5.793881593
146.0,360.0,9.010906417364e-03,1.315592336935e+00,2.683153430710e-01,5.713544924
146.0,362.0,8.910235699738e-03,1.300894412162e+00,2.722881462604e-01,5.649712647
146.0,364.0,8.775368570623e-03,1.281203811311e+00,2.777027973857e-01,5.564197454
146.0,366.0,8.606089352376e-03,1.256489045447e+00,2.846516732169e-01,5.456862590
146.0,368.0,8.442191877956e-03,1.232560014182e+00,2.915452615150e-01,5.352940128
146.0,370.0,8.293479004540e-03,1.210847934663e+00,2.979445347909e-01,5.258645764
146.0,372.0,8.159762155435e-03,1.191325274694e+00,3.038183543662e-01,5.173859930
146.0,374.0,8.020860888458e-03,1.171045689715e+00,3.100425633760e-01,5.085786811
146.0,376.0,7.906602489062e-03,1.154363963403e+00,3.152579887676e-01,5.013338994
146.0,378.0,7.796821586622e-03,1.138335951647e+00,3.203516591771e-01,4.943730224
146.0,380.0,7.711359792400e-03,1.125858529690e+00,3.243738631881e-01,4.889541468
146.0,382.0,7.610065357832e-03,1.111069542243e+00,3.292066722721e-01,4.825313712
146.0,384.0,7.512792851830e-03,1.096867756367e+00,3.339153516276e-01,4.763636140
146.0,386.0,7.419402855952e-03,1.083232816969e+00,3.384994481306e-01,4.704420350
146.0,388.0,7.359761676293e-03,1.074525204739e+00,3.414598403334e-01,4.666603671
146.0,390.0,7.313741071094e-03,1.067806196380e+00,3.437618367612e-01,4.637423388
146.0,392.0,7.241217993107e-03,1.057217826994e+00,3.474210524461e-01,4.591438684
146.0,394.0,7.222074345802e-03,1.054422854487e+00,3.483934430053e-01,4.579300273
146.0,396.0,7.216196752604e-03,1.053564725880e+00,3.486925376977e-01,4.575573468
146.0,398.0,7.223476338366e-03,1.054627545401e+00,3.483221373310e-01,4.580189234
146.0,400.0,7.253808522356e-03,1.059056044264e+00,3.467830036832e-01,4.599421961
146.0,402.0,7.297092822081e-03,1.065375552024e+00,3.445984158307e-01,4.626867234
146.0,404.0,7.303232667298e-03,1.066271969426e+00,3.442896502263e-01,4.630760325
146.0,406.0,7.292135223641e-03,1.064651742652e+00,3.448479296831e-01,4.623723770
146.0,408.0,7.213711225286e-03,1.053201838892e+00,3.488190966445e-01,4.573997470
146.0,410.0,7.187874816150e-03,1.049429723158e+00,3.501373674191e-01,4.557615379
146.0,412.0,7.144543399123e-03,1.043103336272e+00,3.523594934718e-01,4.530140230
146.0,414.0,7.143637492892e-03,1.042971073962e+00,3.524061004344e-01,4.529565822
146.0,416.0,7.135080595916e-03,1.041721767004e+00,3.528466389545e-01,4.524140151
146.0,418.0,7.168799057154e-03,1.046644662344e+00,3.511138804733e-01,4.545520014
146.0,420.0,7.204721953181e-03,1.051889405164e+00,3.492771991405e-01,4.568297642
146.0,422.0,7.222780971318e-03,1.054526021812e+00,3.483575020396e-01,4.579748323
146.0,424.0,7.232910298468e-03,1.056004903576e+00,3.478427032397e-01,4.586171025
146.0,426.0,7.285046515327e-03,1.063616791238e+00,3.452050152868e-01,4.619229033
146.0,428.0,7.349128495696e-03,1.072972760372e+00,3.419903494256e-01,4.659861491
146.0,430.0,7.455097310597e-03,1.088444207347e+00,3.367399839730e-01,4.727053131
146.0,432.0,7.572896136960e-03,1.105642835996e+00,3.309980363844e-01,4.801745826
146.0,434.0,7.722470170618e-03,1.127480644910e+00,3.238481179327e-01,4.896586225
146.0,436.0,7.903766543389e-03,1.153949915335e+00,3.153885477559e-01,5.011540806
146.0,438.0,8.216734244034e-03,1.199643199629e+00,3.013016972930e-01,5.209984219
146.0,440.0,8.571324042880e-03,1.251413310260e+00,2.861001626953e-01,5.434818952
146.0,442.0,9.027488419921e-03,1.318013309308e+00,2.676665447164e-01,5.724059073
146.0,444.0,9.485181496220e-03,1.384836498448e+00,2.503647314675e-01,6.014268496
146.0,446.0,1.007435896844e-02,1.470856409392e+00,2.297286591356e-01,6.387848223
146.0,448.0,1.061497804633e-02,1.549786794764e+00,2.122932310304e-01,6.730638531
146.0,450.0,1.112699739305e-02,1.624541619385e+00,1.970019563889e-01,7.055294609
146.0,452.0,1.141037706817e-02,1.665915051953e+00,1.890176178834e-01,7.234977144
146.0,454.0,1.156507847319e-02,1.688501457086e+00,1.847962417031e-01,7.333068655
146.0,456.0,1.165106429946e-02,1.701055387721e+00,1.824908238092e-01,7.387589683
146.0,458.0,1.175829847849e-02,1.716711577860e+00,1.796559622446e-01,7.455583653
146.0,460.0,1.186674613428e-02,1.732544935605e+00,1.768338061848e-01,7.524347052
146.0,462.0,1.205637353789e-02,1.760230536532e+00,1.720052057683e-01,7.644584089
146.0,464.0,1.222714806386e-02,1.785163617324e+00,1.677696087401e-01,7.752867083
146.0,466.0,1.241903814858e-02,1.813179569693e+00,1.631346134373e-01,7.874538818
146.0,468.0,1.257201325038e-02,1.835513934555e+00,1.595314919497e-01,7.971535732
146.0,470.0,1.283604381141e-02,1.874062396466e+00,1.534988204321e-01,8.138949575
146.0,472.0,1.314110122105e-02,1.918600778273e+00,1.468122413591e-01,8.332377310
146.0,474.0,1.344715778091e-02,1.963285036013e+00,1.403964551382e-01,8.526438575
146.0,476.0,1.378418667130e-02,2.012491254010e+00,1.336552902908e-01,8.740138465
146.0,478.0,1.413216191905e-02,2.063295640181e+00,1.270346188650e-01,8.960779111
146.0,480.0,1.446105836676e-02,2.111314521547e+00,1.210787012159e-01,9.169322463
146.0,482.0,1.482085164323e-02,2.163844339912e+00,1.148826231735e-01,9.397456565
146.0,484.0,1.518151813511e-02,2.216501647726e+00,1.089897271281e-01,9.626144347
146.0,486.0,1.556303495983e-02,2.272203104135e+00,1.030848231294e-01,9.868052699
146.0,488.0,1.607537993942e-02,2.347005471155e+00,9.565517594715e-02,10.192915251
146.0,490.0,1.672853157561e-02,2.442365610039e+00,8.695490656545e-02,10.607059072
146.0,492.0,1.754246902578e-02,2.561200477764e+00,7.721199350281e-02,11.123152345
146.0,494.0,1.853717207993e-02,2.706427123670e+00,6.677495968904e-02,11.753863655
146.0,496.0,1.976262113856e-02,2.885342686230e+00,5.583565214849e-02,12.530884070
146.0,498.0,2.124879719143e-02,3.102324389949e+00,4.494461208174e-02,13.473223636
146.0,500.0,2.268568179718e-02,3.312109542388e+00,3.643922253182e-02,14.384308977
146.0,502.0,2.434325706370e-02,3.554115531300e+00,2.860666543048e-02,15.435327633
146.0,504.0,2.613150562929e-02,3.815199821876e+00,2.203331127613e-02,16.569202300
146.0,506.0,2.854041064458e-02,4.166899954109e+00,1.550023716651e-02,18.096616567
146.0,508.0,3.153995575512e-02,4.604833540248e+00,1.000336702412e-02,19.998537966
146.0,510.0,3.480012508463e-02,5.080818262356e+00,6.214821580250e-03,22.065713349
146.0,512.0,3.746090321893e-02,5.469291869964e+00,4.214215314084e-03,23.752832790
146.0,514.0,3.912227519045e-02,5.711852177806e+00,3.306542564993e-03,24.806258823
146.0,516.0,3.992422646334e-02,5.828937063648e+00,2.941201629409e-03,25.314752021
146.0,518.0,4.046674291916e-02,5.908144466197e+00,2.717224113762e-03,25.658745400
146.0,520.0,4.082981084306e-02,5.961152383087e+00,2.576940637492e-03,25.888955858
146.0,522.0,4.125341691052e-02,6.022998868936e+00,2.422394248709e-03,26.157551733
146.0,524.0,4.177754817459e-02,6.099522033490e+00,2.243939991376e-03,26.489887614
146.0,526.0,4.246219205357e-02,6.199480039821e+00,2.030486133797e-03,26.923999720
146.0,528.0,4.317733631914e-02,6.303891102594e+00,1.829173410185e-03,27.377451204
146.0,530.0,4.395296908500e-02,6.417133486410e+00,1.633331497670e-03,27.869256628
146.0,532.0,4.480907879581e-02,6.542125504188e+00,1.441421493287e-03,28.412090064
146.0,534.0,4.584565421664e-02,6.693465515629e+00,1.238981614251e-03,29.069351382
146.0,536.0,4.687268442274e-02,6.843411925720e+00,1.066458507913e-03,29.720560367
146.0,538.0,4.789015878967e-02,6.991963183292e+00,9.192401222440e-04,30.365710282
146.0,540.0,4.895806698389e-02,7.147877779648e+00,7.865315045318e-04,31.042838770
146.0,542.0,5.021639895350e-02,7.331594247211e+00,6.545292734311e-04,31.840709251
146.0,544.0,5.177514491951e-02,7.559171158248e+00,5.213071459990e-04,32.829063218
146.0,546.0,5.359429536727e-02,7.824767123621e+00,3.997116588697e-04,33.982531840
146.0,548.0,5.558384103828e-02,8.115240791589e+00,2.989480362184e-04,35.244042951
146.0,550.0,5.760377292229e-02,8.410150846654e+00,2.225962764826e-04,36.524821047
148.0,350.0,9.889596205244e-03,1.463660238376e+00,2.313877883831e-01,6.356595649
148.0,352.0,9.716301458359e-03,1.438012615837e+00,2.373990933639e-01,6.245209440
148.0,354.0,9.530050616577e-03,1.410447491253e+00,2.440340556107e-01,6.125495625
148.0,356.0,9.330572014292e-03,1.380924658115e+00,2.513460364248e-01,5.997279589
148.0,358.0,9.137606428434e-03,1.352365751408e+00,2.586276875178e-01,5.873249834
148.0,360.0,9.010906417364e-03,1.333614149770e+00,2.635231260991e-01,5.791812662
148.0,362.0,8.910235699738e-03,1.318714883561e+00,2.674788226185e-01,5.727105971
148.0,364.0,8.775368570623e-03,1.298754548452e+00,2.728714296340e-01,5.640419337
148.0,366.0,8.606089352376e-03,1.273701224152e+00,2.797941221910e-01,5.531614132
148.0,368.0,8.442191877956e-03,1.249444397937e+00,2.866640237455e-01,5.426268075
148.0,370.0,8.293479004540e-03,1.227434892672e+00,2.930433019463e-01,5.330682008
148.0,372.0,8.159762155435e-03,1.207644799004e+00,2.989004216549e-01,5.244734723
148.0,374.0,8.020860888458e-03,1.187087411492e+00,3.051086270587e-01,5.155455123
148.0,376.0,7.906602489062e-03,1.170177168381e+00,3.103119589276e-01,5.082014871
148.0,378.0,7.796821586622e-03,1.153929594820e+00,3.153949566786e-01,5.011452555
148.0,380.0,7.711359792400e-03,1.141281249275e+00,3.194095163217e-01,4.956521489
148.0,382.0,7.610065357832e-03,1.126289672959e+00,3.242340417242e-01,4.891413900
148.0,384.0,7.512792851830e-03,1.111893342071e+00,3.289355835490e-01,4.828891429
148.0,386.0,7.419402855952e-03,1.098071622681e+00,3.335136040578e-01,4.768864465
148.0,388.0,7.359761676293e-03,1.089244728091e+00,3.364705244987e-01,4.730529749
148.0,390.0,7.313741071094e-03,1.082433678522e+00,3.387700641694e-01,4.700949736
148.0,392.0,7.241217993107e-03,1.071700262980e+00,3.424258082546e-01,4.654335105
148.0,394.0,7.222074345802e-03,1.068867003179e+00,3.433973652187e-01,4.642030414
148.0,396.0,7.216196752604e-03,1.067997119385e+00,3.436962109831e-01,4.638252556
148.0,398.0,7.223476338366e-03,1.069074498078e+00,3.433261194087e-01,4.642931553
148.0,400.0,7.253808522356e-03,1.073563661309e+00,3.417883267012e-01,4.662427741
148.0,402.0,7.297092822081e-03,1.079969737668e+00,3.396058027530e-01,4.690248977
148.0,404.0,7.303232667298e-03,1.080878434760e+00,3.392973441165e-01,4.694195398
148.0,406.0,7.292135223641e-03,1.079236013099e+00,3.398550713103e-01,4.687062452
148.0,408.0,7.213711225286e-03,1.067629261342e+00,3.438226656559e-01,4.636654969
148.0,410.0,7.187874816150e-03,1.063805472790e+00,3.451398876129e-01,4.620048467
148.0,412.0,7.144543399123e-03,1.057392423070e+00,3.473603993885e-01,4.592196945
148.0,414.0,7.143637492892e-03,1.057258348948e+00,3.474069745513e-01,4.591614669
148.0,416.0,7.135080595916e-03,1.055991928196e+00,3.478472166605e-01,4.586114673
148.0,418.0,7.168799057154e-03,1.060982260459e+00,3.461156675686e-01,4.607787411
148.0,420.0,7.204721953181e-03,1.066298849071e+00,3.442803959670e-01,4.630877062
148.0,422.0,7.222780971318e-03,1.068971583755e+00,3.433614544021e-01,4.642484601
148.0,424.0,7.232910298468e-03,1.070470724173e+00,3.428470930141e-01,4.648995285
148.0,426.0,7.285046515327e-03,1.078186884268e+00,3.402118101636e-01,4.682506143
148.0,428.0,7.349128495696e-03,1.087671017363e+00,3.370004486372e-01,4.723695210
148.0,430.0,7.455097310597e-03,1.103354401968e+00,3.317563709223e-01,4.791807284
148.0,432.0,7.572896136960e-03,1.120788628270e+00,3.260225825887e-01,4.867523166
148.0,434.0,7.722470170618e-03,1.142925585251e+00,3.188847313425e-01,4.963662749
148.0,436.0,7.903766543389e-03,1.169757448422e+00,3.104422303874e-01,5.080192050
148.0,438.0,8.216734244034e-03,1.216076668117e+00,2.963907279952e-01,5.281353865
148.0,440.0,8.571324042880e-03,1.268555958346e+00,2.812374472819e-01,5.509268527
148.0,442.0,9.027488419921e-03,1.336068286148e+00,2.628771973316e-01,5.802470841
148.0,444.0,9.485181496220e-03,1.403806861441e+00,2.456599880684e-01,6.096655736
148.0,446.0,1.007435896844e-02,1.491005127329e+00,2.251462411308e-01,6.475352993
148.0,448.0,1.061497804633e-02,1.571016750857e+00,2.078337597399e-01,6.822839059
148.0,450.0,1.112699739305e-02,1.646795614171e+00,1.926662976731e-01,7.151942481
148.0,452.0,1.141037706817e-02,1.688735806089e+00,1.847529399621e-01,7.334086420
148.0,454.0,1.156507847319e-02,1.711631614032e+00,1.805709300683e-01,7.433521650
148.0,456.0,1.165106429946e-02,1.724357516320e+00,1.782875618323e-01,7.488789542
148.0,458.0,1.175829847849e-02,1.740228174817e+00,1.754803558506e-01,7.557714936
148.0,460.0,1.186674613428e-02,1.756278427873e+00,1.726863340913e-01,7.627420299
148.0,462.0,1.205637353789e-02,1.784343283608e+00,1.679072922721e-01,7.749304419
148.0,464.0,1.222714806386e-02,1.809617913451e+00,1.637166787945e-01,7.859070742
148.0,466.0,1.241903814858e-02,1.838017645990e+00,1.591325707293e-01,7.982409213
148.0,468.0,1.257201325038e-02,1.860657961056e+00,1.555702375286e-01,8.080734852
148.0,470.0,1.283604381141e-02,1.899734484089e+00,1.496083373435e-01,8.250442035
148.0,472.0,1.314110122105e-02,1.944882980715e+00,1.430039565797e-01,8.446519465
148.0,474.0,1.344715778091e-02,1.990179351575e+00,1.366709111041e-01,8.643239104
148.0,476.0,1.378418667130e-02,2.040059627352e+00,1.300209578418e-01,8.859866389
148.0,478.0,1.413216191905e-02,2.091559964019e+00,1.234943387533e-01,9.083529509
148.0,480.0,1.446105836676e-02,2.140236638280e+00,1.176270046760e-01,9.294929620
148.0,482.0,1.482085164323e-02,2.193486043198e+00,1.115272812415e-01,9.526188847
148.0,484.0,1.518151813511e-02,2.246864683996e+00,1.057302030273e-01,9.758009338
148.0,486.0,1.556303495983e-02,2.303329174055e+00,9.992561956989e-02,10.003231503
148.0,488.0,1.607537993942e-02,2.379156231034e+00,9.262870177019e-02,10.332544227
148.0,490.0,1.672853157561e-02,2.475822673190e+00,8.409378009419e-02,10.752361251
148.0,492.0,1.754246902578e-02,2.596285415815e+00,7.454998672682e-02,11.275524295
148.0,494.0,1.853717207993e-02,2.743501467830e+00,6.434465126436e-02,11.914875486
148.0,496.0,1.976262113856e-02,2.924867928507e+00,5.367177995677e-02,12.702540016
148.0,498.0,2.124879719143e-02,3.144821984332e+00,4.307459131653e-02,13.657788344
148.0,500.0,2.268568179718e-02,3.357480905983e+00,3.482287063245e-02,14.581354306
148.0,502.0,2.434325706370e-02,3.602802045428e+00,2.724726730116e-02,15.646770477
148.0,504.0,2.613150562929e-02,3.867462833135e+00,2.091135778071e-02,16.796177674
148.0,506.0,2.854041064458e-02,4.223980775398e+00,1.464024880966e-02,18.344515424
148.0,508.0,3.153995575512e-02,4.667913451758e+00,9.391845635659e-03,20.272490541
148.0,510.0,3.480012508463e-02,5.150418512525e+00,5.796978111145e-03,22.367983395
148.0,512.0,3.746090321893e-02,5.544213676402e+00,3.910016533795e-03,24.078214062
148.0,514.0,3.912227519045e-02,5.790096728187e+00,3.057686397658e-03,25.146070587
148.0,516.0,3.992422646334e-02,5.908785516574e+00,2.715482794416e-03,25.661529446
148.0,518.0,4.046674291916e-02,5.989077952036e+00,2.505973613143e-03,26.010235063
148.0,520.0,4.082981084306e-02,6.042812004773e+00,2.374871365700e-03,26.243599089
148.0,522.0,4.125341691052e-02,6.105505702757e+00,2.230553087957e-03,26.515874359
148.0,524.0,4.177754817459e-02,6.183077129839e+00,2.064066671421e-03,26.852762787
148.0,526.0,4.246219205357e-02,6.284404423928e+00,1.865167488172e-03,27.292821634
148.0,528.0,4.317733631914e-02,6.390245775233e+00,1.677843778265e-03,27.752484782
148.0,530.0,4.395296908500e-02,6.505039424580e+00,1.495881783046e-03,28.251027267
148.0,532.0,4.480907879581e-02,6.631743661780e+00,1.317863173821e-03,28.801296777
148.0,534.0,4.584565421664e-02,6.785156824063e+00,1.130430411030e-03,29.467561675
148.0,536.0,4.687268442274e-02,6.937157294566e+00,9.710260183979e-04,30.127691331
148.0,538.0,4.789015878967e-02,7.087743500871e+00,8.352800493745e-04,30.781678916
148.0,540.0,4.895806698389e-02,7.245793913616e+00,7.131677343919e-04,31.468083137
148.0,542.0,5.021639895350e-02,7.432027045118e+00,5.919863119119e-04,32.276883351
148.0,544.0,5.177514491951e-02,7.662721448087e+00,4.700265158791e-04,33.278776413
148.0,546.0,5.359429536727e-02,7.931955714356e+00,3.590834610882e-04,34.448045974
148.0,548.0,5.558384103828e-02,8.226408473665e+00,2.674953235959e-04,35.726838060
148.0,550.0,5.760377292229e-02,8.525358392499e+00,1.983736087254e-04,37.025161061
150.0,350.0,9.889596205244e-03,1.483439430787e+00,2.268560892088e-01,6.442495590
150.0,352.0,9.716301458359e-03,1.457445218754e+00,2.328303461473e-01,6.329604162
150.0,354.0,9.530050616577e-03,1.429507592487e+00,2.394267887719e-01,6.208272593
150.0,356.0,9.330572014292e-03,1.399585802144e+00,2.466991250314e-01,6.078323908
150.0,358.0,9.137606428434e-03,1.370640964265e+00,2.539441382591e-01,5.952618075
150.0,360.0,9.010906417364e-03,1.351635962605e+00,2.588164999967e-01,5.870080401
150.0,362.0,8.910235699738e-03,1.336535354961e+00,2.627544442606e-01,5.804499295
150.0,364.0,8.775368570623e-03,1.316305285593e+00,2.681241161827e-01,5.716641220
150.0,366.0,8.606089352376e-03,1.290913402856e+00,2.750194647651e-01,5.606365675
150.0,368.0,8.442191877956e-03,1.266328781693e+00,2.818645107898e-01,5.499596022
150.0,370.0,8.293479004540e-03,1.244021850681e+00,2.882226951264e-01,5.402718251
150.0,372.0,8.159762155435e-03,1.223964323315e+00,2.940620959252e-01,5.315609517
150.0,374.0,8.020860888458e-03,1.203129133269e+00,3.002532081143e-01,5.225123436
150.0,376.0,7.906602489062e-03,1.185990373359e+00,3.054435265223e-01,5.150690747
150.0,378.0,7.796821586622e-03,1.169523237993e+00,3.105149477103e-01,5.079174887
150.0,380.0,7.711359792400e-03,1.156703968860e+00,3.145211457981e-01,5.023501509
150.0,382.0,7.610065357832e-03,1.141509803675e+00,3.193365222134e-01,4.957514088
150.0,384.0,7.512792851830e-03,1.126918927774e+00,3.240300800708e-01,4.894146719
150.0,386.0,7.419402855952e-03,1.112910428393e+00,3.286011977446e-01,4.833308579
150.0,388.0,7.359761676293e-03,1.103964251444e+00,3.315541111538e-01,4.794455826
150.0,390.0,7.313741071094e-03,1.097061160664e+00,3.338507772084e-01,4.764476084
150.0,392.0,7.241217993107e-03,1.086182698966e+00,3.375023860334e-01,4.717231525
150.0,394.0,7.222074345802e-03,1.083311151870e+00,3.384729328483e-01,4.704760554
150.0,396.0,7.216196752604e-03,1.082429512891e+00,3.387714753635e-01,4.700931645
150.0,398.0,7.223476338366e-03,1.083521450755e+00,3.384017598521e-01,4.705673871
150.0,400.0,7.253808522356e-03,1.088071278353e+00,3.368655874955e-01,4.725433521
150.0,402.0,7.297092822081e-03,1.094563923312e+00,3.346855236855e-01,4.753630720
150.0,404.0,7.303232667298e-03,1.095484900095e+00,3.343774279850e-01,4.757630471
150.0,406.0,7.292135223641e-03,1.093820283546e+00,3.349345017135e-01,4.750401133
150.0,408.0,7.213711225286e-03,1.082056683793e+00,3.388978027748e-01,4.699312469
150.0,410.0,7.187874816150e-03,1.078181222423e+00,3.402137363959e-01,4.682481554
150.0,412.0,7.144543399123e-03,1.071681509868e+00,3.424322298641e-01,4.654253661
150.0,414.0,7.143637492892e-03,1.071545623934e+00,3.424787647494e-01,4.653663516
150.0,416.0,7.135080595916e-03,1.070262089387e+00,3.429186303062e-01,4.648089196
150.0,418.0,7.168799057154e-03,1.075319858573e+00,3.411886057451e-01,4.670054809
150.0,420.0,7.204721953181e-03,1.080708292977e+00,3.393550776829e-01,4.693456482
150.0,422.0,7.222780971318e-03,1.083417145698e+00,3.384370587080e-01,4.705220880
150.0,424.0,7.232910298468e-03,1.084936544770e+00,3.379232282105e-01,4.711819546
150.0,426.0,7.285046515327e-03,1.092756977299e+00,3.352908290705e-01,4.745783253
150.0,428.0,7.349128495696e-03,1.102369274354e+00,3.320833543182e-01,4.787528929
150.0,430.0,7.455097310597e-03,1.118264596590e+00,3.268465132919e-01,4.856561436
150.0,432.0,7.572896136960e-03,1.135934420544e+00,3.211219181808e-01,4.933300506
150.0,434.0,7.722470170618e-03,1.158370525593e+00,3.139974149997e-01,5.030739273
150.0,436.0,7.903766543389e-03,1.185564981508e+00,3.055734873496e-01,5.148843294
150.0,438.0,8.216734244034e-03,1.232510136605e+00,2.915598034487e-01,5.352723512
150.0,440.0,8.571324042880e-03,1.285698606432e+00,2.764573812489e-01,5.583718102
150.0,442.0,9.027488419921e-03,1.354123262988e+00,2.581735455588e-01,5.880882609
150.0,444.0,9.485181496220e-03,1.422777224433e+00,2.410436541283e-01,6.179042975
150.0,446.0,1.007435896844e-02,1.511153845266e+00,2.206552290258e-01,6.562857763
150.0,448.0,1.061497804633e-02,1.592246706949e+00,2.034679649368e-01,6.915039587
150.0,450.0,1.112699739305e-02,1.669049608957e+00,1.884260590071e-01,7.248590352
150.0,452.0,1.141037706817e-02,1.711556560226e+00,1.805844831126e-01,7.433195696
150.0,454.0,1.156507847319e-02,1.734761770979e+00,1.764422289395e-01,7.533974646
150.0,456.0,1.165106429946e-02,1.747659644919e+00,1.741811124561e-01,7.589989400
150.0,458.0,1.175829847849e-02,1.763744771773e+00,1.714017998886e-01,7.659846219
150.0,460.0,1.186674613428e-02,1.780011920142e+00,1.686361370899e-01,7.730493546
150.0,462.0,1.205637353789e-02,1.808456030684e+00,1.639070089316e-01,7.854024749
150.0,464.0,1.222714806386e-02,1.834072209579e+00,1.597616583646e-01,7.965274400
150.0,466.0,1.241903814858e-02,1.862855722287e+00,1.552287067310e-01,8.090279608
150.0,468.0,1.257201325038e-02,1.885801987557e+00,1.517073432269e-01,8.189933972
150.0,470.0,1.283604381141e-02,1.925406571712e+00,1.458164599551e-01,8.361934495
150.0,472.0,1.314110122105e-02,1.971165183157e+00,1.392944580652e-01,8.560661620
150.0,474.0,1.344715778091e-02,2.017073667136e+00,1.330442276741e-01,8.760039632
150.0,476.0,1.378418667130e-02,2.067628000695e+00,1.264854495570e-01,8.979594313
150.0,478.0,1.413216191905e-02,2.119824287857e+00,1.200527213792e-01,9.206279908
150.0,480.0,1.446105836676e-02,2.169158755014e+00,1.142737086713e-01,9.420536777
150.0,482.0,1.482085164323e-02,2.223127746484e+00,1.082699377637e-01,9.654921129
150.0,484.0,1.518151813511e-02,2.277227720267e+00,1.025681605668e-01,9.889874329
150.0,486.0,1.556303495983e-02,2.334455243974e+00,9.686323498745e-02,10.138410307
150.0,488.0,1.607537993942e-02,2.411306990913e+00,8.969798347736e-02,10.472173203
150.0,490.0,1.672853157561e-02,2.509279736341e+00,8.132679488543e-02,10.897663430
150.0,492.0,1.754246902578e-02,2.631370353867e+00,7.197975688539e-02,11.427896245
150.0,494.0,1.853717207993e-02,2.780575811990e+00,6.200279514375e-02,12.075887317
150.0,496.0,1.976262113856e-02,2.964393170784e+00,5.159176713952e-02,12.874195963
150.0,498.0,2.124879719143e-02,3.187319578714e+00,4.128237693344e-02,13.842353051
150.0,500.0,2.268568179718e-02,3.402852269577e+00,3.327821602190e-02,14.778399634
150.0,502.0,2.434325706370e-02,3.651488559555e+00,2.595246821708e-02,15.858213321
150.0,504.0,2.613150562929e-02,3.919725844394e+00,1.984653503744e-02,17.023153048
150.0,506.0,2.854041064458e-02,4.281061596687e+00,1.382797455976e-02,18.592414281
150.0,508.0,3.153995575512e-02,4.730993363268e+00,8.817707501019e-03,20.546443116
150.0,510.0,3.480012508463e-02,5.220018762695e+00,5.407227671328e-03,22.670253441
150.0,512.0,3.746090321893e-02,5.619135482840e+00,3.627776028306e-03,24.403595333
150.0,514.0,3.912227519045e-02,5.868341278567e+00,2.827559580030e-03,25.485882352
150.0,516.0,3.992422646334e-02,5.988633969501e+00,2.507086468686e-03,26.008306871
150.0,518.0,4.046674291916e-02,6.070011437874e+00,2.311146775845e-03,26.361724726
150.0,520.0,4.082981084306e-02,6.124471626459e+00,2.188647236015e-03,26.598242319
150.0,522.0,4.125341691052e-02,6.188012536578e+00,2.053904760072e-03,26.874196986
150.0,524.0,4.177754817459e-02,6.266632226189e+00,1.898611923868e-03,27.215637960
150.0,526.0,4.246219205357e-02,6.369328808036e+00,1.713308798829e-03,27.661643548
150.0,528.0,4.317733631914e-02,6.476600447871e+00,1.539033821827e-03,28.127518360
150.0,530.0,4.395296908500e-02,6.592945362750e+00,1.369998871658e-03,28.632797905
150.0,532.0,4.480907879581e-02,6.721361819372e+00,1.204896245132e-03,29.190503490
150.0,534.0,4.584565421664e-02,6.876848132496e+00,1.031389731279e-03,29.865771968
150.0,536.0,4.687268442274e-02,7.030902663411e+00,8.841333454695e-04,30.534822295
150.0,538.0,4.789015878967e-02,7.183523818450e+00,7.589885863335e-04,31.197647550
150.0,540.0,4.895806698389e-02,7.343710047583e+00,6.466469740210e-04,31.893327504
150.0,542.0,5.021639895350e-02,7.532459843025e+00,5.354195873532e-04,32.713057450
150.0,544.0,5.177514491951e-02,7.766271737927e+00,4.237903265379e-04,33.728489607
150.0,546.0,5.359429536727e-02,8.039144305091e+00,3.225848662801e-04,34.913560109
150.0,548.0,5.558384103828e-02,8.337576155742e+00,2.393517918727e-04,36.209633169
150.0,550.0,5.760377292229e-02,8.640565938343e+00,1.767868234840e-04,37.525501075
152.0,350.0,9.889596205244e-03,1.503218623197e+00,2.224131427624e-01,6.528395531
152.0,352.0,9.716301458359e-03,1.476877821671e+00,2.283495245029e-01,6.413998884
152.0,354.0,9.530050616577e-03,1.448567693720e+00,2.349065053161e-01,6.291049560
152.0,356.0,9.330572014292e-03,1.418246946172e+00,2.421381262142e-01,6.159368227
152.0,358.0,9.137606428434e-03,1.388916177122e+00,2.493454044889e-01,6.031986316
152.0,360.0,9.010906417364e-03,1.369657775439e+00,2.541939360773e-01,5.948348140
152.0,362.0,8.910235699738e-03,1.354355826360e+00,2.581135108297e-01,5.881892619
152.0,364.0,8.775368570623e-03,1.333856022735e+00,2.634593946871e-01,5.792863103
152.0,366.0,8.606089352376e-03,1.308125581561e+00,2.703262863687e-01,5.681117217
152.0,368.0,8.442191877956e-03,1.283213165449e+00,2.771453543583e-01,5.572923969
152.0,370.0,8.293479004540e-03,1.260608808690e+00,2.834813880207e-01,5.474754495
152.0,372.0,8.159762155435e-03,1.240283847626e+00,2.893020885724e-01,5.386484310
152.0,374.0,8.020860888458e-03,1.219170855046e+00,2.954750570380e-01,5.294791748
152.0,376.0,7.906602489062e-03,1.201803578337e+00,3.006514741384e-01,5.219366624
152.0,378.0,7.796821586622e-03,1.185116881167e+00,3.057104456169e-01,5.146897219
152.0,380.0,7.711359792400e-03,1.172126688445e+00,3.097075888449e-01,5.090481529
152.0,382.0,7.610065357832e-03,1.156729934390e+00,3.145129791957e-01,5.023614276
152.0,384.0,7.512792851830e-03,1.141944513478e+00,3.191977336652e-01,4.959402008
152.0,386.0,7.419402855952e-03,1.127749234105e+00,3.237611475078e-01,4.897752693
152.0,388.0,7.359761676293e-03,1.118683774797e+00,3.267095350677e-01,4.858381904
152.0,390.0,7.313741071094e-03,1.111688642806e+00,3.290029233130e-01,4.828002432
152.0,392.0,7.241217993107e-03,1.100665134952e+00,3.326497531212e-01,4.780127945
152.0,394.0,7.222074345802e-03,1.097755300562e+00,3.336191184751e-01,4.767490695
152.0,396.0,7.216196752604e-03,1.096861906396e+00,3.339173050285e-01,4.763610734
152.0,398.0,7.223476338366e-03,1.097968403432e+00,3.335480308584e-01,4.768416189
152.0,400.0,7.253808522356e-03,1.102578895398e+00,3.320137499543e-01,4.788439301
152.0,402.0,7.297092822081e-03,1.109158108956e+00,3.298365306382e-01,4.817012463
152.0,404.0,7.303232667298e-03,1.110091365429e+00,3.295288521547e-01,4.821065544
152.0,406.0,7.292135223641e-03,1.108404553993e+00,3.300851742643e-01,4.813739815
152.0,408.0,7.213711225286e-03,1.096484106243e+00,3.340434828707e-01,4.761969968
152.0,410.0,7.187874816150e-03,1.092556972055e+00,3.353578957013e-01,4.744914641
152.0,412.0,7.144543399123e-03,1.085970596667e+00,3.375739786577e-01,4.716310376
152.0,414.0,7.143637492892e-03,1.085832898920e+00,3.376204650345e-01,4.715712363
152.0,416.0,7.135080595916e-03,1.084532250579e+00,3.380598762298e-01,4.710063719
152.0,418.0,7.168799057154e-03,1.089657456687e+00,3.363316821456e-01,4.732322206
152.0,420.0,7.204721953181e-03,1.095117736884e+00,3.345002216165e-01,4.756035902
152.0,422.0,7.222780971318e-03,1.097862707640e+00,3.335832873446e-01,4.767957158
152.0,424.0,7.232910298468e-03,1.099402365367e+00,3.330700784431e-01,4.774643807
152.0,426.0,7.285046515327e-03,1.107327070330e+00,3.304410273257e-01,4.809060363
152.0,428.0,7.349128495696e-03,1.117067531346e+00,3.272380041663e-01,4.851362648
152.0,430.0,7.455097310597e-03,1.133174791211e+00,3.220093195320e-01,4.921315589
152.0,432.0,7.572896136960e-03,1.151080212818e+00,3.162949189510e-01,4.999077847
152.0,434.0,7.722470170618e-03,1.173815465934e+00,3.091850030305e-01,5.097815796
152.0,436.0,7.903766543389e-03,1.201372514595e+00,3.007811020249e-01,5.217494538
152.0,438.0,8.216734244034e-03,1.248943605093e+00,2.868076189901e-01,5.424093159
152.0,440.0,8.571324042880e-03,1.302841254518e+00,2.717585598421e-01,5.658167676
152.0,442.0,9.027488419921e-03,1.372178239828e+00,2.535540560498e-01,5.959294377
152.0,444.0,9.485181496220e-03,1.441747587425e+00,2.365140682957e-01,6.261430215
152.0,446.0,1.007435896844e-02,1.531302563203e+00,2.162537995388e-01,6.650362533
152.0,448.0,1.061497804633e-02,1.613476663042e+00,1.991938788353e-01,7.007240114
152.0,450.0,1.112699739305e-02,1.691303603744e+00,1.842791403673e-01,7.345238223
152.0,452.0,1.141037706817e-02,1.734377314362e+00,1.765100763632e-01,7.532304972
152.0,454.0,1.156507847319e-02,1.757891927925e+00,1.724079293458e-01,7.634427641
152.0,456.0,1.165106429946e-02,1.770961773518e+00,1.701692458220e-01,7.691189259
152.0,458.0,1.175829847849e-02,1.787261368730e+00,1.674180386895e-01,7.761977502
152.0,460.0,1.186674613428e-02,1.803745412411e+00,1.646809336839e-01,7.833566794
152.0,462.0,1.205637353789e-02,1.832568777759e+00,1.600020297711e-01,7.958745079
152.0,464.0,1.222714806386e-02,1.858526505707e+00,1.559021821806e-01,8.071478059
152.0,466.0,1.241903814858e-02,1.887693798584e+00,1.514206129074e-01,8.198150002
152.0,468.0,1.257201325038e-02,1.910946014058e+00,1.479403667089e-01,8.299133091
152.0,470.0,1.283604381141e-02,1.951078659334e+00,1.421206890698e-01,8.473426955
152.0,472.0,1.314110122105e-02,1.997447385600e+00,1.356811833164e-01,8.674803775
152.0,474.0,1.344715778091e-02,2.043967982698e+00,1.295137814944e-01,8.876840161
152.0,476.0,1.378418667130e-02,2.095196374038e+00,1.230460782261e-01,9.099322237
152.0,478.0,1.413216191905e-02,2.148088611696e+00,1.167070171479e-01,9.329030307
152.0,480.0,1.446105836676e-02,2.198080871748e+00,1.110160080116e-01,9.546143934
152.0,482.0,1.482085164323e-02,2.252769449771e+00,1.051077305289e-01,9.783653410
152.0,484.0,1.518151813511e-02,2.307590756537e+00,9.950068439130e-02,10.021739321
152.0,486.0,1.556303495983e-02,2.365581313894e+00,9.389470220570e-02,10.273589111
152.0,488.0,1.607537993942e-02,2.443457750792e+00,8.685999140812e-02,10.611802179
152.0,490.0,1.672853157561e-02,2.542736799493e+00,7.865085335596e-02,11.042965610
152.0,492.0,1.754246902578e-02,2.666455291919e+00,6.949813982215e-02,11.580268195
152.0,494.0,1.853717207993e-02,2.817650156149e+00,5.974617206089e-02,12.236899147
152.0,496.0,1.976262113856e-02,3.003918413061e+00,4.959236378451e-02,13.045851909
152.0,498.0,2.124879719143e-02,3.229817173097e+00,3.956473162454e-02,14.026917758
152.0,500.0,2.268568179718e-02,3.448223633171e+00,3.180207838950e-02,14.975444963
152.0,502.0,2.434325706370e-02,3.700175073682e+00,2.471919841039e-02,16.069656166
152.0,504.0,2.613150562929e-02,3.971988855652e+00,1.883593390363e-02,17.250128422
152.0,506.0,2.854041064458e-02,4.338142417976e+00,1.306076712981e-02,18.840313138
152.0,508.0,3.153995575512e-02,4.794073274778e+00,8.278667323739e-03,20.820395691
152.0,510.0,3.480012508463e-02,5.289619012864e+00,5.043681471449e-03,22.972523487
152.0,512.0,3.746090321893e-02,5.694057289277e+00,3.365908762226e-03,24.728976604
152.0,514.0,3.912227519045e-02,5.946585828948e+00,2.614752508544e-03,25.825694117
152.0,516.0,3.992422646334e-02,6.068482422428e+00,2.314683257943e-03,26.355084296
152.0,518.0,4.046674291916e-02,6.150944923712e+00,2.131466744696e-03,26.713214389
152.0,520.0,4.082981084306e-02,6.206131248145e+00,2.017025761016e-03,26.952885550
152.0,522.0,4.125341691052e-02,6.270519370399e+00,1.891246070862e-03,27.232519612
152.0,524.0,4.177754817459e-02,6.350187322538e+00,1.746419961799e-03,27.578513132
152.0,526.0,4.246219205357e-02,6.454253192143e+00,1.573814179562e-03,28.030465462
152.0,528.0,4.317733631914e-02,6.562955120509e+00,1.411707773639e-03,28.502551938
152.0,530.0,4.395296908500e-02,6.680851300920e+00,1.254709382529e-03,29.014568544
152.0,532.0,4.480907879581e-02,6.810979976963e+00,1.101612815634e-03,29.579710203
152.0,534.0,4.584565421664e-02,6.968539440929e+00,9.410263271484e-04,30.263982261
152.0,536.0,4.687268442274e-02,7.124648032256e+00,8.050163000379e-04,30.941953259
152.0,538.0,4.789015878967e-02,7.279304136030e+00,6.896653099950e-04,31.613616184
152.0,540.0,4.895806698389e-02,7.441626181551e+00,5.863309412996e-04,32.318571870
152.0,542.0,5.021639895350e-02,7.632892640932e+00,4.842580457572e-04,33.149231549
152.0,544.0,5.177514491951e-02,7.869822027766e+00,3.821023597598e-04,34.178202802
152.0,546.0,5.359429536727e-02,8.146332895825e+00,2.897961260527e-04,35.379074244
152.0,548.0,5.558384103828e-02,8.448743837819e+00,2.141692778121e-04,36.692428278
152.0,550.0,5.760377292229e-02,8.755773484188e+00,1.575490870907e-04,38.025841090
154.0,350.0,9.889596205244e-03,1.522997815608e+00,2.180572108334e-01,6.614295473
154.0,352.0,9.716301458359e-03,1.496310424587e+00,2.239549363024e-01,6.498393606
154.0,354.0,9.530050616577e-03,1.467627794953e+00,2.304715630314e-01,6.373826528
154.0,356.0,9.330572014292e-03,1.436908090201e+00,2.376614516125e-01,6.240412546
154.0,358.0,9.137606428434e-03,1.407191389979e+00,2.448299502638e-01,6.111354556
154.0,360.0,9.010906417364e-03,1.387679588274e+00,2.496539329575e-01,6.026615878
154.0,362.0,8.910235699738e-03,1.372176297760e+00,2.535545484695e-01,5.959285943
154.0,364.0,8.775368570623e-03,1.351406759876e+00,2.588758282435e-01,5.869084986
154.0,366.0,8.606089352376e-03,1.325337760266e+00,2.657131965707e-01,5.755868759
154.0,368.0,8.442191877956e-03,1.300097549205e+00,2.725052090708e-01,5.646251916
154.0,370.0,8.293479004540e-03,1.277195766699e+00,2.788180761369e-01,5.546790738
154.0,372.0,8.159762155435e-03,1.256603371937e+00,2.846191318504e-01,5.457359104
154.0,374.0,8.020860888458e-03,1.235212576823e+00,2.907729442090e-01,5.364460061
154.0,376.0,7.906602489062e-03,1.217616783316e+00,2.959346034626e-01,5.288042501
154.0,378.0,7.796821586622e-03,1.200710524340e+00,3.009802821038e-01,5.214619551
154.0,380.0,7.711359792400e-03,1.187549408030e+00,3.049677004856e-01,5.157461549
154.0,382.0,7.610065357832e-03,1.171950065106e+00,3.097622952644e-01,5.089714463
154.0,384.0,7.512792851830e-03,1.156970099182e+00,3.144374533214e-01,5.024657298
154.0,386.0,7.419402855952e-03,1.142588039817e+00,3.189923875963e-01,4.962196808
154.0,388.0,7.359761676293e-03,1.133403298149e+00,3.219357465745e-01,4.922307982
154.0,390.0,7.313741071094e-03,1.126316124948e+00,3.242254652022e-01,4.891528779
154.0,392.0,7.241217993107e-03,1.115147570938e+00,3.278668917045e-01,4.843024366
154.0,394.0,7.222074345802e-03,1.112199449254e+00,3.288349094136e-01,4.830220836
154.0,396.0,7.216196752604e-03,1.111294299901e+00,3.291326888660e-01,4.826289822
154.0,398.0,7.223476338366e-03,1.112415356108e+00,3.287639193664e-01,4.831158507
154.0,400.0,7.253808522356e-03,1.117086512443e+00,3.272317928890e-01,4.851445082
154.0,402.0,7.297092822081e-03,1.123752294600e+00,3.250577908044e-01,4.880394206
154.0,404.0,7.303232667298e-03,1.124697830764e+00,3.247505821693e-01,4.884500617
154.0,406.0,7.292135223641e-03,1.122988824441e+00,3.253060574879e-01,4.877078497
154.0,408.0,7.213711225286e-03,1.110911528694e+00,3.292586954969e-01,4.824627468
154.0,410.0,7.187874816150e-03,1.106932721687e+00,3.305713619933e-01,4.807347729
154.0,412.0,7.144543399123e-03,1.100259683465e+00,3.327846538044e-01,4.778367092
154.0,414.0,7.143637492892e-03,1.100120173905e+00,3.328310836835e-01,4.777761210
154.0,416.0,7.135080595916e-03,1.098802411771e+00,3.332699649898e-01,4.772038241
154.0,418.0,7.168799057154e-03,1.103995054802e+00,3.315438983311e-01,4.794589603
154.0,420.0,7.204721953181e-03,1.109527180790e+00,3.297148197264e-01,4.818615321
154.0,422.0,7.222780971318e-03,1.112308269583e+00,3.287991274374e-01,4.830693437
154.0,424.0,7.232910298468e-03,1.113868185964e+00,3.282866281243e-01,4.837468067
154.0,426.0,7.285046515327e-03,1.121897163360e+00,3.256613753581e-01,4.872337473
154.0,428.0,7.349128495696e-03,1.131765788337e+00,3.224633513795e-01,4.915196367
154.0,430.0,7.455097310597e-03,1.148084985832e+00,3.172437142471e-01,4.986069741
154.0,432.0,7.572896136960e-03,1.166226005092e+00,3.115404775886e-01,5.064855187
154.0,434.0,7.722470170618e-03,1.189260406275e+00,3.044463474294e-01,5.164892320
154.0,436.0,7.903766543389e-03,1.217180047682e+00,2.960638768763e-01,5.286145782
154.0,438.0,8.216734244034e-03,1.265377073581e+00,2.821328912209e-01,5.495462806
154.0,440.0,8.571324042880e-03,1.319983902604e+00,2.671396021833e-01,5.732617251
154.0,442.0,9.027488419921e-03,1.390233216668e+00,2.490172228922e-01,6.037706146
154.0,444.0,9.485181496220e-03,1.460717950418e+00,2.320696004384e-01,6.343817455
154.0,446.0,1.007435896844e-02,1.551451281140e+00,2.119401657574e-01,6.737867303
154.0,448.0,1.061497804633e-02,1.634706619135e+00,1.950095749854e-01,7.099440642
154.0,450.0,1.112699739305e-02,1.713557598530e+00,1.802234879478e-01,7.441886095
154.0,452.0,1.141037706817e-02,1.757198068498e+00,1.725275977246e-01,7.631414248
154.0,454.0,1.156507847319e-02,1.781022084871e+00,1.684658728241e-01,7.734880636
154.0,456.0,1.165106429946e-02,1.794263902117e+00,1.662497834311e-01,7.792389118
154.0,458.0,1.175829847849e-02,1.810777965687e+00,1.635268690111e-01,7.864108785
154.0,460.0,1.186674613428e-02,1.827478904679e+00,1.608184958870e-01,7.936640041
154.0,462.0,1.205637353789e-02,1.856681524835e+00,1.561900842298e-01,8.063465409
154.0,464.0,1.222714806386e-02,1.882980801834e+00,1.521359421119e-01,8.177681718
154.0,466.0,1.241903814858e-02,1.912531874881e+00,1.477059398105e-01,8.306020397
154.0,468.0,1.257201325038e-02,1.936090040559e+00,1.442669262833e-01,8.408332211
154.0,470.0,1.283604381141e-02,1.976750746957e+00,1.385185888334e-01,8.584919415
154.0,472.0,1.314110122105e-02,2.023729588042e+00,1.321616363053e-01,8.788945930
154.0,474.0,1.344715778091e-02,2.070862298260e+00,1.260770188248e-01,8.993640689
154.0,476.0,1.378418667130e-02,2.122764747380e+00,1.197002297091e-01,9.219050162
154.0,478.0,1.413216191905e-02,2.176352935534e+00,1.134545530920e-01,9.451780706
154.0,480.0,1.446105836676e-02,2.227002988481e+00,1.078511774767e-01,9.671751091
154.0,482.0,1.482085164323e-02,2.282411153057e+00,1.020378809217e-01,9.912385692
154.0,484.0,1.518151813511e-02,2.337953792807e+00,9.652494633452e-02,10.153604312
154.0,486.0,1.556303495983e-02,2.396707383814e+00,9.101714498219e-02,10.408767915
154.0,488.0,1.607537993942e-02,2.475608510671e+00,8.411179175866e-02,10.751431155
154.0,490.0,1.672853157561e-02,2.576193862644e+00,7.606295984411e-02,11.188267789
154.0,492.0,1.754246902578e-02,2.701540229970e+00,6.710208047006e-02,11.732640145
154.0,494.0,1.853717207993e-02,2.854724500309e+00,5.757167991626e-02,12.397910978
154.0,496.0,1.976262113856e-02,3.043443655338e+00,4.767044592763e-02,13.217507855
154.0,498.0,2.124879719143e-02,3.272314767480e+00,3.791855277726e-02,14.211482466
154.0,500.0,2.268568179718e-02,3.493594996766e+00,3.039141849510e-02,15.172490291
154.0,502.0,2.434325706370e-02,3.748861587810e+00,2.354453398965e-02,16.281099010
154.0,504.0,2.613150562929e-02,4.024251866911e+00,1.787679337237e-02,17.477103796
154.0,506.0,2.854041064458e-02,4.395223239265e+00,1.233612611029e-02,19.088211995
154.0,508.0,3.153995575512e-02,4.857153186288e+00,7.772579511083e-03,21.094348266
154.0,510.0,3.480012508463e-02,5.359219263033e+00,4.704577711852e-03,23.274793532
154.0,512.0,3.746090321893e-02,5.768979095715e+00,3.122944114309e-03,25.054357875
154.0,514.0,3.912227519045e-02,6.024830379329e+00,2.417961668863e-03,26.165505881
154.0,516.0,3.992422646334e-02,6.148330875354e+00,2.137045790611e-03,26.701861721
154.0,518.0,4.046674291916e-02,6.231878409551e+00,1.965755931742e-03,27.064704052
154.0,520.0,4.082981084306e-02,6.287790869831e+00,1.858861882196e-03,27.307528781
154.0,522.0,4.125341691052e-02,6.353026204220e+00,1.741469112922e-03,27.590842239
154.0,524.0,4.177754817459e-02,6.433742418887e+00,1.606427645707e-03,27.941388305
154.0,526.0,4.246219205357e-02,6.539177576250e+00,1.445676969315e-03,28.399287376
154.0,528.0,4.317733631914e-02,6.649309793148e+00,1.294915556688e-03,28.877585516
154.0,530.0,4.395296908500e-02,6.768757239090e+00,1.149121847599e-03,29.396339183
154.0,532.0,4.480907879581e-02,6.900598134555e+00,1.007182817999e-03,29.968916917
154.0,534.0,4.584565421664e-02,7.060230749363e+00,8.585799543377e-04,30.662192554
154.0,536.0,4.687268442274e-02,7.218393401102e+00,7.329790767958e-04,31.349084223
154.0,538.0,4.789015878967e-02,7.375084453609e+00,6.266737713518e-04,32.029584818
154.0,540.0,4.895806698389e-02,7.539542315519e+00,5.316408899087e-04,32.743816237
154.0,542.0,5.021639895350e-02,7.733325438839e+00,4.379851996820e-04,33.585405648
154.0,544.0,5.177514491951e-02,7.973372317605e+00,3.445152099784e-04,34.627915997
154.0,546.0,5.359429536727e-02,8.253521486560e+00,2.603401568201e-04,35.844588379
154.0,548.0,5.558384103828e-02,8.559911519895e+00,1.916362488857e-04,37.175223387
154.0,550.0,5.760377292229e-02,8.870981030033e+00,1.404047787834e-04,38.526181104
156.0,350.0,9.889596205244e-03,1.542777008018e+00,2.137865892540e-01,6.700195414
156.0,352.0,9.716301458359e-03,1.515743027504e+00,2.196449219827e-01,6.582788328
156.0,354.0,9.530050616577e-03,1.486687896186e+00,2.261203507099e-01,6.456603496
156.0,356.0,9.330572014292e-03,1.455569234230e+00,2.332675422317e-01,6.321456865
156.0,358.0,9.137606428434e-03,1.425466602836e+00,2.403962674549e-01,6.190722797
156.0,360.0,9.010906417364e-03,1.405701401109e+00,2.451950160692e-01,6.104883617
156.0,362.0,8.910235699738e-03,1.389996769159e+00,2.490761093556e-01,6.036679267
156.0,364.0,8.775368570623e-03,1.368957497017e+00,2.543720049474e-01,5.945306869
156.0,366.0,8.606089352376e-03,1.342549938971e+00,2.611788286676e-01,5.830620302
156.0,368.0,8.442191877956e-03,1.316981932961e+00,2.679427520720e-01,5.719579863
156.0,370.0,8.293479004540e-03,1.293782724708e+00,2.742314764419e-01,5.618826981
156.0,372.0,8.159762155435e-03,1.272922896248e+00,2.800119785344e-01,5.528233897
156.0,374.0,8.020860888458e-03,1.251254298599e+00,2.861456595745e-01,5.434128373
156.0,376.0,7.906602489062e-03,1.233429988294e+00,2.912917349817e-01,5.356718377
156.0,378.0,7.796821586622e-03,1.216304167513e+00,2.963233069530e-01,5.282341883
156.0,380.0,7.711359792400e-03,1.202972127614e+00,3.003003532667e-01,5.224441569
156.0,382.0,7.610065357832e-03,1.187170195822e+00,3.050833698909e-01,5.155814651
156.0,384.0,7.512792851830e-03,1.171995684885e+00,3.097481642991e-01,5.089912588
156.0,386.0,7.419402855952e-03,1.157426845529e+00,3.142938679568e-01,5.026640922
156.0,388.0,7.359761676293e-03,1.148122821502e+00,3.172317113457e-01,4.986234059
156.0,390.0,7.313741071094e-03,1.140943607091e+00,3.195173806573e-01,4.955055127
156.0,392.0,7.241217993107e-03,1.129630006925e+00,3.231527986037e-01,4.905920786
156.0,394.0,7.222074345802e-03,1.126643597945e+00,3.241193075004e-01,4.892950977
156.0,396.0,7.216196752604e-03,1.125726693406e+00,3.244166302520e-01,4.888968911
156.0,398.0,7.223476338366e-03,1.126862308785e+00,3.240484268458e-01,4.893900826
156.0,400.0,7.253808522356e-03,1.131594129488e+00,3.225187098187e-01,4.914450862
156.0,402.0,7.297092822081e-03,1.138346480245e+00,3.203482863411e-01,4.943775949
156.0,404.0,7.303232667298e-03,1.139304296098e+00,3.200415985723e-01,4.947935690
156.0,406.0,7.292135223641e-03,1.137573094888e+00,3.205961348436e-01,4.940417179
156.0,408.0,7.213711225286e-03,1.125338951145e+00,3.245424446801e-01,4.887284968
156.0,410.0,7.187874816150e-03,1.121308471319e+00,3.258531460593e-01,4.869780816
156.0,412.0,7.144543399123e-03,1.114548770263e+00,3.280632774127e-01,4.840423807
156.0,414.0,7.143637492892e-03,1.114407448891e+00,3.281096430414e-01,4.839810056
156.0,416.0,7.135080595916e-03,1.113072572963e+00,3.285479211641e-01,4.834012764
156.0,418.0,7.168799057154e-03,1.118332652916e+00,3.268242700758e-01,4.856857001
156.0,420.0,7.204721953181e-03,1.123936624696e+00,3.249978783927e-01,4.881194741
156.0,422.0,7.222780971318e-03,1.126753831526e+00,3.240835806378e-01,4.893429715
156.0,424.0,7.232910298468e-03,1.128334006561e+00,3.235718762520e-01,4.900292328
156.0,426.0,7.285046515327e-03,1.136467256391e+00,3.209508584889e-01,4.935614583
156.0,428.0,7.349128495696e-03,1.146464045329e+00,3.177583644289e-01,4.979030086
156.0,430.0,7.455097310597e-03,1.162995180453e+00,3.125486379573e-01,5.050823894
156.0,432.0,7.572896136960e-03,1.181371797366e+00,3.068575034277e-01,5.130632527
156.0,434.0,7.722470170618e-03,1.204705346616e+00,2.997803177859e-01,5.231968844
156.0,436.0,7.903766543389e-03,1.232987580769e+00,2.914206331479e-01,5.354797026
156.0,438.0,8.216734244034e-03,1.281810542069e+00,2.775343576608e-01,5.566832453
156.0,440.0,8.571324042880e-03,1.337126550689e+00,2.625991508644e-01,5.807066826
156.0,442.0,9.027488419921e-03,1.408288193508e+00,2.445615671191e-01,6.116117914
156.0,444.0,9.485181496220e-03,1.479688313410e+00,2.277086510571e-01,6.426204695
156.0,446.0,1.007435896844e-02,1.571599999077e+00,2.077125764129e-01,6.825372074
156.0,448.0,1.061497804633e-02,1.655936575227e+00,1.909131674042e-01,7.191641170
156.0,450.0,1.112699739305e-02,1.735811593316e+00,1.762570931431e-01,7.538533966
156.0,452.0,1.141037706817e-02,1.780018822635e+00,1.686349730843e-01,7.730523524
156.0,454.0,1.156507847319e-02,1.804152241818e+00,1.646139502636e-01,7.835333631
156.0,456.0,1.165106429946e-02,1.817566030716e+00,1.624205969615e-01,7.893588976
156.0,458.0,1.175829847849e-02,1.834294562644e+00,1.597261388192e-01,7.966240067
156.0,460.0,1.186674613428e-02,1.851212396948e+00,1.570466479684e-01,8.039713288
156.0,462.0,1.205637353789e-02,1.880794271911e+00,1.524689558414e-01,8.168185739
156.0,464.0,1.222714806386e-02,1.907435097962e+00,1.484606857874e-01,8.283885376
156.0,466.0,1.241903814858e-02,1.937369951178e+00,1.440823956288e-01,8.413890792
156.0,468.0,1.257201325038e-02,1.961234067059e+00,1.406846993978e-01,8.517531330
156.0,470.0,1.283604381141e-02,2.002422834580e+00,1.350077851296e-01,8.696411875
156.0,472.0,1.314110122105e-02,2.050011790484e+00,1.287333857500e-01,8.903088084
156.0,474.0,1.344715778091e-02,2.097756613822e+00,1.227314536903e-01,9.110441218
156.0,476.0,1.378418667130e-02,2.150333120723e+00,1.164453609490e-01,9.338778086
156.0,478.0,1.413216191905e-02,2.204617259372e+00,1.102927307362e-01,9.574531105
156.0,480.0,1.446105836676e-02,2.255925105215e+00,1.047765695367e-01,9.797358248
156.0,482.0,1.482085164323e-02,2.312052856344e+00,9.905769148097e-02,10.041117974
156.0,484.0,1.518151813511e-02,2.368316829077e+00,9.363820281116e-02,10.285469303
156.0,486.0,1.556303495983e-02,2.427833453733e+00,8.822777522166e-02,10.543946719
156.0,488.0,1.607537993942e-02,2.507759270550e+00,8.145054354899e-02,10.891060131
156.0,490.0,1.672853157561e-02,2.609650925795e+00,7.356021725617e-02,11.333569968
156.0,492.0,1.754246902578e-02,2.736625168022e+00,6.478862909041e-02,11.885012095
156.0,494.0,1.853717207993e-02,2.891798844469e+00,5.547632951283e-02,12.558922809
156.0,496.0,1.976262113856e-02,3.082968897615e+00,4.582301067183e-02,13.389163801
156.0,498.0,2.124879719143e-02,3.314812361863e+00,3.634086687019e-02,14.396047173
156.0,500.0,2.268568179718e-02,3.538966360360e+00,2.904333191157e-02,15.369535619
156.0,502.0,2.434325706370e-02,3.797548101937e+00,2.242569000768e-02,16.492541854
156.0,504.0,2.613150562929e-02,4.076514878169e+00,1.696649302941e-02,17.704079170
156.0,506.0,2.854041064458e-02,4.452304060554e+00,1.165168982009e-02,19.336110853
156.0,508.0,3.153995575512e-02,4.920233097799e+00,7.297429633738e-03,21.368300841
156.0,510.0,3.480012508463e-02,5.428819513202e+00,4.388273044629e-03,23.577063578
156.0,512.0,3.746090321893e-02,5.843900902153e+00,2.897517618584e-03,25.379739146
156.0,514.0,3.912227519045e-02,6.103074929710e+00,2.235981651413e-03,26.505317646
156.0,516.0,3.992422646334e-02,6.228179328281e+00,1.973040888206e-03,27.048639146
156.0,518.0,4.046674291916e-02,6.312811895389e+00,1.812928300568e-03,27.416193715
156.0,520.0,4.082981084306e-02,6.369450491517e+00,1.713100330132e-03,27.662172012
156.0,522.0,4.125341691052e-02,6.435533038041e+00,1.603553719416e-03,27.949164865
156.0,524.0,4.177754817459e-02,6.517297515236e+00,1.477657056916e-03,28.304263478
156.0,526.0,4.246219205357e-02,6.624101960357e+00,1.327972467620e-03,28.768109289
156.0,528.0,4.317733631914e-02,6.735664465786e+00,1.187785694932e-03,29.252619094
156.0,530.0,4.395296908500e-02,6.856663177260e+00,1.052419818497e-03,29.778109822
156.0,532.0,4.480907879581e-02,6.990216292146e+00,9.208473380809e-04,30.358123630
156.0,534.0,4.584565421664e-02,7.151922057796e+00,7.833569760205e-04,31.060402847
156.0,536.0,4.687268442274e-02,7.312138769947e+00,6.673881348678e-04,31.756215187
156.0,538.0,4.789015878967e-02,7.470864771189e+00,5.694356523501e-04,32.445553452
156.0,540.0,4.895806698389e-02,7.637458449487e+00,4.820520561246e-04,33.169060604
156.0,542.0,5.021639895350e-02,7.833758236746e+00,3.961339141832e-04,34.021579748
156.0,544.0,5.177514491951e-02,8.076922607444e+00,3.106254826091e-04,35.077629192
156.0,546.0,5.359429536727e-02,8.360710077294e+00,2.338782031917e-04,36.310102514
156.0,548.0,5.558384103828e-02,8.671079201972e+00,1.714739493085e-04,37.658018496
156.0,550.0,5.760377292229e-02,8.986188575877e+00,1.251260941543e-04,39.026521118
158.0,350.0,9.889596205244e-03,1.562556200429e+00,2.095996072323e-01,6.786095355
158.0,352.0,9.716301458359e-03,1.535175630421e+00,2.154178539188e-01,6.667183050
158.0,354.0,9.530050616577e-03,1.505747997419e+00,2.218512875630e-01,6.539380464
158.0,356.0,9.330572014292e-03,1.474230378258e+00,2.289548678999e-01,6.402501183
158.0,358.0,9.137606428434e-03,1.443741815693e+00,2.360428752445e-01,6.270091038
158.0,360.0,9.010906417364e-03,1.423723213944e+00,2.408157371805e-01,6.183151356
158.0,362.0,8.910235699738e-03,1.407817240559e+00,2.446767712361e-01,6.114072591
158.0,364.0,8.775368570623e-03,1.386508234158e+00,2.499465374577e-01,6.021528752
158.0,366.0,8.606089352376e-03,1.359762117675e+00,2.567218392783e-01,5.905371844
158.0,368.0,8.442191877956e-03,1.333866316717e+00,2.634566826547e-01,5.792907809
158.0,370.0,8.293479004540e-03,1.310369682717e+00,2.697203270083e-01,5.690863225
158.0,372.0,8.159762155435e-03,1.289242420559e+00,2.754794015884e-01,5.599108691
158.0,374.0,8.020860888458e-03,1.267296020376e+00,2.815920123383e-01,5.503796686
158.0,376.0,7.906602489062e-03,1.249243193272e+00,2.867217076876e-01,5.425394254
158.0,378.0,7.796821586622e-03,1.231897810686e+00,2.917383877435e-01,5.350064214
158.0,380.0,7.711359792400e-03,1.218394847199e+00,2.957044369895e-01,5.291421589
158.0,382.0,7.610065357832e-03,1.202390326537e+00,3.004751191702e-01,5.221914839
158.0,384.0,7.512792851830e-03,1.187021270589e+00,3.051288078861e-01,5.155167877
158.0,386.0,7.419402855952e-03,1.172265651240e+00,3.096645540028e-01,5.091085037
158.0,388.0,7.359761676293e-03,1.162842344854e+00,3.125964101661e-01,5.050160137
158.0,390.0,7.313741071094e-03,1.155571089233e+00,3.148776623035e-01,5.018581475
158.0,392.0,7.241217993107e-03,1.144112442911e+00,3.185064850633e-01,4.968817206
158.0,394.0,7.222074345802e-03,1.141087746637e+00,3.194713288862e-01,4.955681117
158.0,396.0,7.216196752604e-03,1.140159086911e+00,3.197681468428e-01,4.951647999
158.0,398.0,7.223476338366e-03,1.141309261462e+00,3.194005690881e-01,4.956643144
158.0,400.0,7.253808522356e-03,1.146101746532e+00,3.178735087589e-01,4.977456642
158.0,402.0,7.297092822081e-03,1.152940665889e+00,3.157070141519e-01,5.007157692
158.0,404.0,7.303232667298e-03,1.153910761433e+00,3.154008966898e-01,5.011370763
158.0,406.0,7.292135223641e-03,1.152157365335e+00,3.159544045087e-01,5.003755860
158.0,408.0,7.213711225286e-03,1.139766373595e+00,3.198937487133e-01,4.949942467
158.0,410.0,7.187874816150e-03,1.135684220952e+00,3.212022728057e-01,4.932213903
158.0,412.0,7.144543399123e-03,1.128837857061e+00,3.234088854652e-01,4.902480523
158.0,414.0,7.143637492892e-03,1.128694723877e+00,3.234551793219e-01,4.901858903
158.0,416.0,7.135080595916e-03,1.127342734155e+00,3.238927831512e-01,4.895987287
158.0,418.0,7.168799057154e-03,1.132670251030e+00,3.221718271645e-01,4.919124398
158.0,420.0,7.204721953181e-03,1.138346068603e+00,3.203484182100e-01,4.943774161
158.0,422.0,7.222780971318e-03,1.141199393468e+00,3.194356629156e-01,4.956165993
158.0,424.0,7.232910298468e-03,1.142799827158e+00,3.189248362001e-01,4.963116589
158.0,426.0,7.285046515327e-03,1.151037349422e+00,3.163084767160e-01,4.998891693
158.0,428.0,7.349128495696e-03,1.161162302320e+00,3.131220268368e-01,5.042863805
158.0,430.0,7.455097310597e-03,1.177905375074e+00,3.079230468626e-01,5.115578046
158.0,432.0,7.572896136960e-03,1.196517589640e+00,3.022449221966e-01,5.196409867
158.0,434.0,7.722470170618e-03,1.220150286958e+00,2.951858010143e-01,5.299045367
158.0,436.0,7.903766543389e-03,1.248795113855e+00,2.868502105706e-01,5.423448270
158.0,438.0,8.216734244034e-03,1.298244010557e+00,2.730107764072e-01,5.638202099
158.0,440.0,8.571324042880e-03,1.354269198775e+00,2.581358715484e-01,5.881516400
158.0,442.0,9.027488419921e-03,1.426343170348e+00,2.401856362266e-01,6.194529682
158.0,444.0,9.485181496220e-03,1.498658676403e+00,2.234296507095e-01,6.508591934
158.0,446.0,1.007435896844e-02,1.591748717014e+00,2.035693151692e-01,6.912876844
158.0,448.0,1.061497804633e-02,1.677166531320e+00,1.869028097263e-01,7.283841698
158.0,450.0,1.112699739305e-02,1.758065588102e+00,1.723779915539e-01,7.635181837
158.0,452.0,1.141037706817e-02,1.802839576771e+00,1.648301751267e-01,7.829632799
158.0,454.0,1.156507847319e-02,1.827282398764e+00,1.608501007779e-01,7.935786627
158.0,456.0,1.165106429946e-02,1.840868159315e+00,1.586796071122e-01,7.994788835
158.0,458.0,1.175829847849e-02,1.857811159601e+00,1.560137460981e-01,8.068371350
158.0,460.0,1.186674613428e-02,1.874945889216e+00,1.533632652269e-01,8.142786536
158.0,462.0,1.205637353789e-02,1.904907018987e+00,1.488364809456e-01,8.272906069
158.0,464.0,1.222714806386e-02,1.931889394090e+00,1.448742152479e-01,8.390089035
158.0,466.0,1.241903814858e-02,1.962208027476e+00,1.405477447744e-01,8.521761187
158.0,468.0,1.257201325038e-02,1.986378093560e+00,1.371914211701e-01,8.626730450
158.0,470.0,1.283604381141e-02,2.028094922203e+00,1.315859640146e-01,8.807904335
158.0,472.0,1.314110122105e-02,2.076293992926e+00,1.253940634358e-01,9.017230239
158.0,474.0,1.344715778091e-02,2.124650929384e+00,1.194746660839e-01,9.227241746
158.0,476.0,1.378418667130e-02,2.177901494065e+00,1.132789980396e-01,9.458506010
158.0,478.0,1.413216191905e-02,2.232881583210e+00,1.072190240208e-01,9.697281503
158.0,480.0,1.446105836676e-02,2.284847221948e+00,1.017896121370e-01,9.922965405
158.0,482.0,1.482085164323e-02,2.341694559630e+00,9.616454352934e-02,10.169850256
158.0,484.0,1.518151813511e-02,2.398679865347e+00,9.083779228757e-02,10.417334294
158.0,486.0,1.556303495983e-02,2.458959523653e+00,8.552389027460e-02,10.679125523
158.0,488.0,1.607537993942e-02,2.539910030428e+00,7.887349568608e-02,11.030689107
158.0,490.0,1.672853157561e-02,2.643107988946e+00,7.113982382311e-02,11.478872147
158.0,492.0,1.754246902578e-02,2.771710106073e+00,6.255493764142e-02,12.037384045
158.0,494.0,1.853717207993e-02,2.928873188629e+00,5.345724044691e-02,12.719934640
158.0,496.0,1.976262113856e-02,3.122494139892e+00,4.404717149528e-02,13.560819747
158.0,498.0,2.124879719143e-02,3.357309956246e+00,3.482882410187e-02,14.580611880
158.0,500.0,2.268568179718e-02,3.584337723954e+00,2.775504304486e-02,15.566580948
158.0,502.0,2.434325706370e-02,3.846234616065e+00,2.136001385892e-02,16.703984699
158.0,504.0,2.613150562929e-02,4.128777889428e+00,1.610254589405e-02,17.931054544
158.0,506.0,2.854041064458e-02,4.509384881844e+00,1.100522760953e-02,19.584009710
158.0,508.0,3.153995575512e-02,4.983313009309e+00,6.851326407587e-03,21.642253415
158.0,510.0,3.480012508463e-02,5.498419763372e+00,4.093234609708e-03,23.879333624
158.0,512.0,3.746090321893e-02,5.918822708591e+00,2.688363301648e-03,25.705120417
158.0,514.0,3.912227519045e-02,6.181319480091e+00,2.067697767850e-03,26.845129411
158.0,516.0,3.992422646334e-02,6.308027781208e+00,1.821622336609e-03,27.395416571
158.0,518.0,4.046674291916e-02,6.393745381227e+00,1.671982248625e-03,27.767683378
158.0,520.0,4.082981084306e-02,6.451110113203e+00,1.578768583727e-03,28.016815243
158.0,522.0,4.125341691052e-02,6.518039871862e+00,1.476560515472e-03,28.307487492
158.0,524.0,4.177754817459e-02,6.600852611585e+00,1.359208666316e-03,28.667138651
158.0,526.0,4.246219205357e-02,6.709026344464e+00,1.219851261511e-03,29.136931203
158.0,528.0,4.317733631914e-02,6.822019138424e+00,1.089518810549e-03,29.627652673
158.0,530.0,4.395296908500e-02,6.944569115430e+00,9.638555534216e-04,30.159880460
158.0,532.0,4.480907879581e-02,7.079834449738e+00,8.419125156797e-04,30.747330343
158.0,534.0,4.584565421664e-02,7.243613366229e+00,7.147245271447e-04,31.458613140
158.0,536.0,4.687268442274e-02,7.405884138793e+00,6.076666260507e-04,32.163346151
158.0,538.0,4.789015878967e-02,7.566645088768e+00,5.174254564188e-04,32.861522086
158.0,540.0,4.895806698389e-02,7.735374583455e+00,4.370886235892e-04,33.594304970
158.0,542.0,5.021639895350e-02,7.934191034653e+00,3.582816909796e-04,34.457753847
158.0,544.0,5.177514491951e-02,8.180472897283e+00,2.800694647188e-04,35.527342386
158.0,546.0,5.359429536727e-02,8.467898668029e+00,2.101059421500e-04,36.775616648
158.0,548.0,5.558384103828e-02,8.782246884048e+00,1.534329515550e-04,38.140813605
158.0,550.0,5.760377292229e-02,9.101396121722e+00,1.115100182057e-04,39.526861133
160.0,350.0,9.889596205244e-03,1.582335392839e+00,2.054946266987e-01,6.871995296
160.0,352.0,9.716301458359e-03,1.554608233337e+00,2.112721358095e-01,6.751577773
160.0,354.0,9.530050616577e-03,1.524808098652e+00,2.176628226467e-01,6.622157432
160.0,356.0,9.330572014292e-03,1.492891522287e+00,2.247219267349e-01,6.483545502
160.0,358.0,9.137606428434e-03,1.462017028549e+00,2.317683196315e-01,6.349459279
160.0,360.0,9.010906417364e-03,1.441745026778e+00,2.365146739255e-01,6.261419094
160.0,362.0,8.910235699738e-03,1.425637711958e+00,2.403551369795e-01,6.191465915
160.0,364.0,8.775368570623e-03,1.404058971300e+00,2.455980625698e-01,6.097750635
160.0,366.0,8.606089352376e-03,1.376974296380e+00,2.523409079468e-01,5.980123386
160.0,368.0,8.442191877956e-03,1.350750700473e+00,2.590457218889e-01,5.866235756
160.0,370.0,8.293479004540e-03,1.326956640726e+00,2.652833866680e-01,5.762899468
160.0,372.0,8.159762155435e-03,1.305561944870e+00,2.710201938384e-01,5.669983484
160.0,374.0,8.020860888458e-03,1.283337742153e+00,2.771108306541e-01,5.573464998
160.0,376.0,7.906602489062e-03,1.265056398250e+00,2.822233787870e-01,5.494070131
160.0,378.0,7.796821586622e-03,1.247491453860e+00,2.872244095761e-01,5.417786546
160.0,380.0,7.711359792400e-03,1.233817566784e+00,2.911788584465e-01,5.358401609
160.0,382.0,7.610065357832e-03,1.217610457253e+00,2.959364755693e-01,5.288015027
160.0,384.0,7.512792851830e-03,1.202046856293e+00,3.005783411587e-01,5.220423167
160.0,386.0,7.419402855952e-03,1.187104456952e+00,3.051034263860e-01,5.155529151
160.0,388.0,7.359761676293e-03,1.177561868207e+00,3.080288387129e-01,5.114086215
160.0,390.0,7.313741071094e-03,1.170198571375e+00,3.103053173938e-01,5.082107823
160.0,392.0,7.241217993107e-03,1.158594878897e+00,3.139269765439e-01,5.031713627
160.0,394.0,7.222074345802e-03,1.155531895328e+00,3.148900038304e-01,5.018411258
160.0,396.0,7.216196752604e-03,1.154591480417e+00,3.151862703704e-01,5.014327088
160.0,398.0,7.223476338366e-03,1.155756214139e+00,3.148193760012e-01,5.019385462
160.0,400.0,7.253808522356e-03,1.160609363577e+00,3.132952120127e-01,5.040462422
160.0,402.0,7.297092822081e-03,1.167534851533e+00,3.111329856736e-01,5.070539435
160.0,404.0,7.303232667298e-03,1.168517226768e+00,3.108274864158e-01,5.074805836
160.0,406.0,7.292135223641e-03,1.166741635783e+00,3.113798791653e-01,5.067094542
160.0,408.0,7.213711225286e-03,1.154193796046e+00,3.153116399512e-01,5.012599967
160.0,410.0,7.187874816150e-03,1.150059970584e+00,3.166177810565e-01,4.994646991
160.0,412.0,7.144543399123e-03,1.143126943860e+00,3.188205276211e-01,4.964537238
160.0,414.0,7.143637492892e-03,1.142981998863e+00,3.188667424107e-01,4.963907750
160.0,416.0,7.135080595916e-03,1.141612895347e+00,3.193036029743e-01,4.957961809
160.0,418.0,7.168799057154e-03,1.147007849145e+00,3.175856131934e-01,4.981391796
160.0,420.0,7.204721953181e-03,1.152755512509e+00,3.157654737845e-01,5.006353581
160.0,422.0,7.222780971318e-03,1.155644955411e+00,3.148544043530e-01,5.018902272
160.0,424.0,7.232910298468e-03,1.157265647755e+00,3.143445355123e-01,5.025940849
160.0,426.0,7.285046515327e-03,1.165607442452e+00,3.117332445018e-01,5.062168803
160.0,428.0,7.349128495696e-03,1.175860559311e+00,3.085533369566e-01,5.106697524
160.0,430.0,7.455097310597e-03,1.192815569696e+00,3.033659126107e-01,5.180332198
160.0,432.0,7.572896136960e-03,1.211663381914e+00,2.977016757720e-01,5.262187207
160.0,434.0,7.722470170618e-03,1.235595227299e+00,2.906617010883e-01,5.366121891
160.0,436.0,7.903766543389e-03,1.264602646942e+00,2.823514670721e-01,5.492099514
160.0,438.0,8.216734244034e-03,1.314677479045e+00,2.685609257991e-01,5.709571746
160.0,440.0,8.571324042880e-03,1.371411846861e+00,2.537484525777e-01,5.955965975
160.0,442.0,9.027488419921e-03,1.444398147187e+00,2.358880037004e-01,6.272941450
160.0,444.0,9.485181496220e-03,1.517629039395e+00,2.192310594455e-01,6.590979174
160.0,446.0,1.007435896844e-02,1.611897434950e+00,1.995086999262e-01,7.000381614
160.0,448.0,1.061497804633e-02,1.698396487413e+00,1.829766943714e-01,7.376042226
160.0,450.0,1.112699739305e-02,1.780319582888e+00,1.685842620133e-01,7.731829709
160.0,452.0,1.141037706817e-02,1.825660330907e+00,1.611112222773e-01,7.928742075
160.0,454.0,1.156507847319e-02,1.850412555710e+00,1.571723106020e-01,8.036239622
160.0,456.0,1.165106429946e-02,1.864170287914e+00,1.550247824741e-01,8.095988694
160.0,458.0,1.175829847849e-02,1.881327756558e+00,1.523876376871e-01,8.170502633
160.0,460.0,1.186674613428e-02,1.898679381485e+00,1.497662727942e-01,8.245859783
160.0,462.0,1.205637353789e-02,1.929019766062e+00,1.452905474300e-01,8.377626399
160.0,464.0,1.222714806386e-02,1.956343690218e+00,1.413743856320e-01,8.496292694
160.0,466.0,1.241903814858e-02,1.987046103773e+00,1.370998065028e-01,8.629631582
160.0,468.0,1.257201325038e-02,2.011522120061e+00,1.337848829562e-01,8.735929570
160.0,470.0,1.283604381141e-02,2.053767009826e+00,1.282508701928e-01,8.919396795
160.0,472.0,1.314110122105e-02,2.102576195368e+00,1.221413625794e-01,9.131372394
160.0,474.0,1.344715778091e-02,2.151545244946e+00,1.163043002152e-01,9.344042274
160.0,476.0,1.378418667130e-02,2.205469867408e+00,1.101987343443e-01,9.578233934
160.0,478.0,1.413216191905e-02,2.261145907048e+00,1.042309772841e-01,9.820031902
160.0,480.0,1.446105836676e-02,2.313769338682e+00,9.888780654708e-02,10.048572562
160.0,482.0,1.482085164323e-02,2.371336262917e+00,9.335589487246e-02,10.298582537
160.0,484.0,1.518151813511e-02,2.429042901618e+00,8.812113282781e-02,10.549199285
160.0,486.0,1.556303495983e-02,2.490085593573e+00,8.290287031861e-02,10.814304328
160.0,488.0,1.607537993942e-02,2.572060790307e+00,7.637798411991e-02,11.170318084
160.0,490.0,1.672853157561e-02,2.676565052098e+00,6.879906996412e-02,11.624174326
160.0,492.0,1.754246902578e-02,2.806795044125e+00,6.039825627213e-02,12.189755995
160.0,494.0,1.853717207993e-02,2.965947532789e+00,5.151163714856e-02,12.880946471
160.0,496.0,1.976262113856e-02,3.162019382170e+00,4.234015374130e-02,13.732475693
160.0,498.0,2.124879719143e-02,3.399807550629e+00,3.337969324320e-02,14.765176588
160.0,500.0,2.268568179718e-02,3.629709087549e+00,2.652389941924e-02,15.763626276
160.0,502.0,2.434325706370e-02,3.894921130192e+00,2.034497899047e-02,16.915427543
160.0,504.0,2.613150562929e-02,4.181040900686e+00,1.528259162459e-02,18.158029918
160.0,506.0,2.854041064458e-02,4.566465703133e+00,1.039463259043e-02,19.831908567
160.0,508.0,3.153995575512e-02,5.046392920819e+00,6.432494165656e-03,21.916205990
160.0,510.0,3.480012508463e-02,5.568020013541e+00,3.818032606385e-03,24.181603670
160.0,512.0,3.746090321893e-02,5.993744515029e+00,2.494306573080e-03,26.030501688
160.0,514.0,3.912227519045e-02,6.259564030472e+00,1.912079223222e-03,27.184941176
160.0,516.0,3.992422646334e-02,6.387876234134e+00,1.681824212092e-03,27.742193996
160.0,518.0,4.046674291916e-02,6.474678867066e+00,1.541994042919e-03,28.119173041
160.0,520.0,4.082981084306e-02,6.532769734890e+00,1.454970381549e-03,28.371458474
160.0,522.0,4.125341691052e-02,6.600546705683e+00,1.359624519872e-03,28.665810118
160.0,524.0,4.177754817459e-02,6.684407707934e+00,1.250255050684e-03,29.030013823
160.0,526.0,4.246219205357e-02,6.793950728571e+00,1.120533095747e-03,29.505753117
160.0,528.0,4.317733631914e-02,6.908373811062e+00,9.993816591713e-04,30.002686251
160.0,530.0,4.395296908500e-02,7.032475053600e+00,8.827442352692e-04,30.541651099
160.0,532.0,4.480907879581e-02,7.169452607330e+00,7.697439681318e-04,31.136537056
160.0,534.0,4.584565421664e-02,7.335304674662e+00,6.521051900211e-04,31.856823433
160.0,536.0,4.687268442274e-02,7.499629507638e+00,5.532893216464e-04,32.570477115
160.0,538.0,4.789015878967e-02,7.662425406347e+00,4.701656839456e-04,33.277490720
160.0,540.0,4.895806698389e-02,7.833290717422e+00,3.963191577420e-04,34.019549337
160.0,542.0,5.021639895350e-02,8.034623832560e+00,3.240464032369e-04,34.893927946
160.0,544.0,5.177514491951e-02,8.284023187122e+00,2.525192215687e-04,35.977055581
160.0,546.0,5.359429536727e-02,8.575087258763e+00,1.887499832148e-04,37.241130783
160.0,548.0,5.558384103828e-02,8.893414566125e+00,1.372900706948e-04,38.623608713
160.0,550.0,5.760377292229e-02,9.216603667566e+00,9.937562779593e-05,40.027201147
162.0,350.0,9.889596205244e-03,1.602114585250e+00,2.014700416650e-01,6.957895238
162.0,352.0,9.716301458359e-03,1.574040836254e+00,2.072062020742e-01,6.835972495
162.0,354.0,9.530050616577e-03,1.543868199885e+00,2.135534342980e-01,6.704934400
162.0,356.0,9.330572014292e-03,1.511552666315e+00,2.205672446220e-01,6.564589821
162.0,358.0,9.137606428434e-03,1.480292241406e+00,2.275711729454e-01,6.428827520
162.0,360.0,9.010906417364e-03,1.459766839613e+00,2.322904293426e-01,6.339686833
162.0,362.0,8.910235699738e-03,1.443458183358e+00,2.361098341318e-01,6.268859239
162.0,364.0,8.775368570623e-03,1.421609708441e+00,2.413252407958e-01,6.173972518
162.0,366.0,8.606089352376e-03,1.394186475085e+00,2.480347367501e-01,6.054874929
162.0,368.0,8.442191877956e-03,1.367635084229e+00,2.547086122576e-01,5.939563703
162.0,370.0,8.293479004540e-03,1.343543598735e+00,2.609194346701e-01,5.834935711
162.0,372.0,8.159762155435e-03,1.321881469180e+00,2.666331676514e-01,5.740858278
162.0,374.0,8.020860888458e-03,1.299379463930e+00,2.727009613238e-01,5.643133311
162.0,376.0,7.906602489062e-03,1.280869603228e+00,2.777956234160e-01,5.562746007
162.0,378.0,7.796821586622e-03,1.263085097033e+00,2.827802748017e-01,5.485508878
162.0,380.0,7.711359792400e-03,1.249240286369e+00,2.867225411610e-01,5.425381629
162.0,382.0,7.610065357832e-03,1.232830587969e+00,2.914663876805e-01,5.354115215
162.0,384.0,7.512792851830e-03,1.217072441996e+00,2.960957367468e-01,5.285678456
162.0,386.0,7.419402855952e-03,1.201943262664e+00,3.006094807726e-01,5.219973265
162.0,388.0,7.359761676293e-03,1.192281391559e+00,3.035280073384e-01,5.178012292
162.0,390.0,7.313741071094e-03,1.184826053517e+00,3.057993675971e-01,5.145634171
162.0,392.0,7.241217993107e-03,1.173077314883e+00,3.094133125184e-01,5.094610047
162.0,394.0,7.222074345802e-03,1.169976044020e+00,3.103743764988e-01,5.081141399
162.0,396.0,7.216196752604e-03,1.169023873922e+00,3.106700464410e-01,5.077006177
162.0,398.0,7.223476338366e-03,1.170203166815e+00,3.103038914075e-01,5.082127781
162.0,400.0,7.253808522356e-03,1.175116980622e+00,3.087828559647e-01,5.103468203
162.0,402.0,7.297092822081e-03,1.182129037177e+00,3.066252266654e-01,5.133921177
162.0,404.0,7.303232667298e-03,1.183123692102e+00,3.063203920013e-01,5.138240909
162.0,406.0,7.292135223641e-03,1.181325906230e+00,3.068715857902e-01,5.130433224
162.0,408.0,7.213711225286e-03,1.168621218496e+00,3.107951646088e-01,5.075257466
162.0,410.0,7.187874816150e-03,1.164435720216e+00,3.120987233542e-01,5.057080078
162.0,412.0,7.144543399123e-03,1.157416030658e+00,3.142972670227e-01,5.026593954
162.0,414.0,7.143637492892e-03,1.157269273849e+00,3.143433956716e-01,5.025956597
162.0,416.0,7.135080595916e-03,1.155883056538e+00,3.147794460885e-01,5.019936332
162.0,418.0,7.168799057154e-03,1.161345447259e+00,3.130646853734e-01,5.043659193
162.0,420.0,7.204721953181e-03,1.167164956415e+00,3.112480935336e-01,5.068933000
162.0,422.0,7.222780971318e-03,1.170090517354e+00,3.103388489428e-01,5.081638550
162.0,424.0,7.232910298468e-03,1.171731468352e+00,3.098300156982e-01,5.088765110
162.0,426.0,7.285046515327e-03,1.180177535483e+00,3.072241905641e-01,5.125445913
162.0,428.0,7.349128495696e-03,1.190558816303e+00,3.040513077563e-01,5.170531243
162.0,430.0,7.455097310597e-03,1.207725764317e+00,2.988762220686e-01,5.245086351
162.0,432.0,7.572896136960e-03,1.226809174188e+00,2.932267219357e-01,5.327964547
162.0,434.0,7.722470170618e-03,1.251040167640e+00,2.862069387798e-01,5.433198414
162.0,436.0,7.903766543389e-03,1.280410180029e+00,2.779232784916e-01,5.560750758
162.0,438.0,8.216734244034e-03,1.331110947534e+00,2.641836040878e-01,5.780941393
162.0,440.0,8.571324042880e-03,1.388554494947e+00,2.494356045882e-01,6.030415550
162.0,442.0,9.027488419921e-03,1.462453124027e+00,2.316672685509e-01,6.351353218
162.0,444.0,9.485181496220e-03,1.536599402388e+00,2.151113662533e-01,6.673366414
162.0,446.0,1.007435896844e-02,1.632046152887e+00,1.955290821368e-01,7.087886384
162.0,448.0,1.061497804633e-02,1.719626443505e+00,1.791330517294e-01,7.468242753
162.0,450.0,1.112699739305e-02,1.802573577674e+00,1.648740256362e-01,7.828477580
162.0,452.0,1.141037706817e-02,1.848481085044e+00,1.574761776703e-01,8.027851351
162.0,454.0,1.156507847319e-02,1.873542712657e+00,1.535786120152e-01,8.136692617
162.0,456.0,1.165106429946e-02,1.887472416513e+00,1.514541384272e-01,8.197188552
162.0,458.0,1.175829847849e-02,1.904844353515e+00,1.488458081461e-01,8.272633916
162.0,460.0,1.186674613428e-02,1.922412873753e+00,1.462536444662e-01,8.348933030
162.0,462.0,1.205637353789e-02,1.953132513138e+00,1.418290935018e-01,8.482346729
162.0,464.0,1.222714806386e-02,1.980797986345e+00,1.379591038931e-01,8.602496352
162.0,466.0,1.241903814858e-02,2.011884180070e+00,1.337364535680e-01,8.737501976
162.0,468.0,1.257201325038e-02,2.036666146562e+00,1.304629309541e-01,8.845128689
162.0,470.0,1.283604381141e-02,2.079439097448e+00,1.250003055293e-01,9.030889255
162.0,472.0,1.314110122105e-02,2.128858397810e+00,1.189730362345e-01,9.245514549
162.0,474.0,1.344715778091e-02,2.178439560507e+00,1.132180628072e-01,9.460842803
162.0,476.0,1.378418667130e-02,2.233038240751e+00,1.072022286677e-01,9.697961858
162.0,478.0,1.413216191905e-02,2.289410230886e+00,1.013262033005e-01,9.942782301
162.0,480.0,1.446105836676e-02,2.342691455415e+00,9.606872526959e-02,10.174179719
162.0,482.0,1.482085164323e-02,2.400977966203e+00,9.062927756506e-02,10.427314819
162.0,484.0,1.518151813511e-02,2.459405937888e+00,8.548571971315e-02,10.681064276
162.0,486.0,1.556303495983e-02,2.521211663492e+00,8.036217582009e-02,10.949483132
162.0,488.0,1.607537993942e-02,2.604211550186e+00,7.396142908943e-02,11.309947060
162.0,490.0,1.672853157561e-02,2.710022115249e+00,6.653533525325e-02,11.769476505
162.0,492.0,1.754246902578e-02,2.841879982176e+00,5.831592993705e-02,12.342127945
162.0,494.0,1.853717207993e-02,3.003021876949e+00,4.963684506610e-02,13.041958302
162.0,496.0,1.976262113856e-02,3.201544624447e+00,4.069929028312e-02,13.904131640
162.0,498.0,2.124879719143e-02,3.442305145012e+00,3.199085670396e-02,14.949741295
162.0,500.0,2.268568179718e-02,3.675080451143e+00,2.534736621611e-02,15.960671605
162.0,502.0,2.434325706370e-02,3.943607644319e+00,1.937817891209e-02,17.126870387
162.0,504.0,2.613150562929e-02,4.233303911945e+00,1.450439006980e-02,18.385005292
162.0,506.0,2.854041064458e-02,4.623546524422e+00,9.817914769569e-03,20.079807424
162.0,508.0,3.153995575512e-02,5.109472832329e+00,6.039265790252e-03,22.190158565
162.0,510.0,3.480012508463e-02,5.637620263710e+00,3.561333364290e-03,24.483873716
162.0,512.0,3.746090321893e-02,6.068666321467e+00,2.314257629054e-03,26.355882959
162.0,514.0,3.912227519045e-02,6.337808580853e+00,1.768172802004e-03,27.524752940
162.0,516.0,3.992422646334e-02,6.467724687061e+00,1.552754719535e-03,28.088971421
162.0,518.0,4.046674291916e-02,6.555612352904e+00,1.422111766051e-03,28.470662704
162.0,520.0,4.082981084306e-02,6.614429356576e+00,1.340879741974e-03,28.726101705
162.0,522.0,4.125341691052e-02,6.683053539504e+00,1.251949253462e-03,29.024132745
162.0,524.0,4.177754817459e-02,6.767962804284e+00,1.150035112708e-03,29.392888996
162.0,526.0,4.246219205357e-02,6.878875112678e+00,1.029301242112e-03,29.874575031
162.0,528.0,4.317733631914e-02,6.994728483701e+00,9.167016585830e-04,30.377719829
162.0,530.0,4.395296908500e-02,7.120380991770e+00,8.084586763388e-04,30.923421738
162.0,532.0,4.480907879581e-02,7.259070764921e+00,7.037616919105e-04,31.525743770
162.0,534.0,4.584565421664e-02,7.426995983096e+00,5.949721363996e-04,32.255033726
162.0,536.0,4.687268442274e-02,7.593374876484e+00,5.037779932683e-04,32.977608079
162.0,538.0,4.789015878967e-02,7.758205723927e+00,4.272224484083e-04,33.693459354
162.0,540.0,4.895806698389e-02,7.931206851390e+00,3.593524661052e-04,34.444793704
162.0,542.0,5.021639895350e-02,8.135056630467e+00,2.930824379098e-04,35.330102046
162.0,544.0,5.177514491951e-02,8.387573476961e+00,2.276790771379e-04,36.426768776
162.0,546.0,5.359429536727e-02,8.682275849498e+00,1.695647243435e-04,37.706644918
162.0,548.0,5.558384103828e-02,9.004582248201e+00,1.228456033749e-04,39.106403822
162.0,550.0,5.760377292229e-02,9.331811213411e+00,8.856168762898e-05,40.527541161
164.0,350.0,9.889596205244e-03,1.621893777660e+00,1.975242775958e-01,7.043795179
164.0,352.0,9.716301458359e-03,1.593473439171e+00,2.032185172622e-01,6.920367217
164.0,354.0,9.530050616577e-03,1.562928301119e+00,2.095216295825e-01,6.787711368
164.0,356.0,9.330572014292e-03,1.530213810344e+00,2.164893746996e-01,6.645634140
164.0,358.0,9.137606428434e-03,1.498567454263e+00,2.234500333699e-01,6.508195761
164.0,360.0,9.010906417364e-03,1.477788652448e+00,2.281416314201e-01,6.417954572
164.0,362.0,8.910235699738e-03,1.461278654757e+00,2.319395144797e-01,6.346252563
164.0,364.0,8.775368570623e-03,1.439160445582e+00,2.371267559515e-01,6.250194401
164.0,366.0,8.606089352376e-03,1.411398653790e+00,2.438020499144e-01,6.129626471
164.0,368.0,8.442191877956e-03,1.384519467985e+00,2.504441172976e-01,6.012891650
164.0,370.0,8.293479004540e-03,1.360130556745e+00,2.566272703454e-01,5.906971955
164.0,372.0,8.159762155435e-03,1.338200993491e+00,2.623171546184e-01,5.811733072
164.0,374.0,8.020860888458e-03,1.315421185707e+00,2.683612695015e-01,5.712801623
164.0,376.0,7.906602489062e-03,1.296682808206e+00,2.734373343582e-01,5.631421884
164.0,378.0,7.796821586622e-03,1.278678740206e+00,2.784049027551e-01,5.553231210
164.0,380.0,7.711359792400e-03,1.264663005954e+00,2.823344251310e-01,5.492361650
164.0,382.0,7.610065357832e-03,1.248050718684e+00,2.870638199772e-01,5.420215403
164.0,384.0,7.512792851830e-03,1.232098027700e+00,2.916799826018e-01,5.350933746
164.0,386.0,7.419402855952e-03,1.216782068376e+00,2.961817276220e-01,5.284417380
164.0,388.0,7.359761676293e-03,1.207000914912e+00,2.990929408550e-01,5.241938370
164.0,390.0,7.313741071094e-03,1.199453535659e+00,3.013588487886e-01,5.209160518
164.0,392.0,7.241217993107e-03,1.187559750870e+00,3.049645462698e-01,5.157506467
164.0,394.0,7.222074345802e-03,1.184420192712e+00,3.059235047643e-01,5.143871539
164.0,396.0,7.216196752604e-03,1.183456267427e+00,3.062185343360e-01,5.139685265
164.0,398.0,7.223476338366e-03,1.184650119492e+00,3.058531728437e-01,5.144870099
164.0,400.0,7.253808522356e-03,1.189624597666e+00,3.043354908783e-01,5.166473983
164.0,402.0,7.297092822081e-03,1.196723222821e+00,3.021827770014e-01,5.197302920
164.0,404.0,7.303232667298e-03,1.197730157437e+00,3.018786518458e-01,5.201675982
164.0,406.0,7.292135223641e-03,1.195910176677e+00,3.024285654482e-01,5.193771906
164.0,408.0,7.213711225286e-03,1.183048640947e+00,3.063433825633e-01,5.137914966
164.0,410.0,7.187874816150e-03,1.178811469849e+00,3.076441657644e-01,5.119513166
164.0,412.0,7.144543399123e-03,1.171705117456e+00,3.098381801042e-01,5.088650669
164.0,414.0,7.143637492892e-03,1.171556548834e+00,3.098842157552e-01,5.088005444
164.0,416.0,7.135080595916e-03,1.170153217730e+00,3.103193911901e-01,5.081910854
164.0,418.0,7.168799057154e-03,1.175683045373e+00,3.086081143363e-01,5.105926591
164.0,420.0,7.204721953181e-03,1.181574400322e+00,3.067953394879e-01,5.131512420
164.0,422.0,7.222780971318e-03,1.184536079296e+00,3.058880543883e-01,5.144374829
164.0,424.0,7.232910298468e-03,1.186197288949e+00,3.053803320331e-01,5.151589370
164.0,426.0,7.285046515327e-03,1.194747628514e+00,3.027803576696e-01,5.188723023
164.0,428.0,7.349128495696e-03,1.205257073294e+00,2.996149666057e-01,5.234364962
164.0,430.0,7.455097310597e-03,1.222635958938e+00,2.944529770970e-01,5.309840503
164.0,432.0,7.572896136960e-03,1.241954966461e+00,2.888190341362e-01,5.393741887
164.0,434.0,7.722470170618e-03,1.266485107981e+00,2.818204514010e-01,5.500274938
164.0,436.0,7.903766543389e-03,1.296217713116e+00,2.735645382986e-01,5.629402002
164.0,438.0,8.216734244034e-03,1.347544416022e+00,2.598776291121e-01,5.852311040
164.0,440.0,8.571324042880e-03,1.405697143032e+00,2.451960601305e-01,6.104865124
164.0,442.0,9.027488419921e-03,1.480508100867e+00,2.275220548562e-01,6.429764986
164.0,444.0,9.485181496220e-03,1.555569765380e+00,2.110690885151e-01,6.755753653
164.0,446.0,1.007435896844e-02,1.652194870824e+00,1.916288461375e-01,7.175391154
164.0,448.0,1.061497804633e-02,1.740856399598e+00,1.753701493632e-01,7.560443281
164.0,450.0,1.112699739305e-02,1.824827572460e+00,1.612454448883e-01,7.925125451
164.0,452.0,1.141037706817e-02,1.871301839180e+00,1.539231481402e-01,8.126960627
164.0,454.0,1.156507847319e-02,1.896672869603e+00,1.500670822880e-01,8.237145612
164.0,456.0,1.165106429946e-02,1.910774545111e+00,1.479657360627e-01,8.298388411
164.0,458.0,1.175829847849e-02,1.928360950472e+00,1.453862986455e-01,8.374765199
164.0,460.0,1.186674613428e-02,1.946146366022e+00,1.428234015615e-01,8.452006277
164.0,462.0,1.205637353789e-02,1.977245260214e+00,1.384501064890e-01,8.587067059
164.0,464.0,1.222714806386e-02,2.005252282473e+00,1.346263275481e-01,8.708700011
164.0,466.0,1.241903814858e-02,2.036722256367e+00,1.304556109098e-01,8.845372371
164.0,468.0,1.257201325038e-02,2.061810173062e+00,1.272234648418e-01,8.954327809
164.0,470.0,1.283604381141e-02,2.105111185071e+00,1.218321276022e-01,9.142381715
164.0,472.0,1.314110122105e-02,2.155140600252e+00,1.158868957406e-01,9.359656704
164.0,474.0,1.344715778091e-02,2.205333876069e+00,1.102137214368e-01,9.577643331
164.0,476.0,1.378418667130e-02,2.260606614093e+00,1.042872034757e-01,9.817689783
164.0,478.0,1.413216191905e-02,2.317674554724e+00,9.850238137266e-02,10.065532700
164.0,480.0,1.446105836676e-02,2.371613572149e+00,9.333001001019e-02,10.299786876
164.0,482.0,1.482085164323e-02,2.430619669490e+00,8.798229574240e-02,10.556047101
164.0,484.0,1.518151813511e-02,2.489768974158e+00,8.292912313275e-02,10.812929267
164.0,486.0,1.556303495983e-02,2.552337733412e+00,7.789934507356e-02,11.084661936
164.0,488.0,1.607537993942e-02,2.636362310065e+00,7.162133245572e-02,11.449576036
164.0,490.0,1.672853157561e-02,2.743479178400e+00,6.434608548591e-02,11.914778684
164.0,492.0,1.754246902578e-02,2.876964920228e+00,5.630539512765e-02,12.494499895
164.0,494.0,1.853717207993e-02,3.040096221109e+00,4.783028698954e-02,13.202970133
164.0,496.0,1.976262113856e-02,3.241069866724e+00,3.912201735664e-02,14.075787586
164.0,498.0,2.124879719143e-02,3.484802739395e+00,3.065980580459e-02,15.134306002
164.0,500.0,2.268568179718e-02,3.720451814738e+00,2.422302105502e-02,16.157716933
164.0,502.0,2.434325706370e-02,3.992294158447e+00,1.845732149071e-02,17.338313231
164.0,504.0,2.613150562929e-02,4.285566923204e+00,1.376581514867e-02,18.611980666
164.0,506.0,2.854041064458e-02,4.680627345711e+00,9.273194563054e-03,20.327706281
164.0,508.0,3.153995575512e-02,5.172552743840e+00,5.670076077184e-03,22.464111140
164.0,510.0,3.480012508463e-02,5.707220513879e+00,3.321892880222e-03,24.786143762
164.0,512.0,3.746090321893e-02,6.143588127905e+00,2.147205332111e-03,26.681264230
164.0,514.0,3.912227519045e-02,6.416053131234e+00,1.635097029337e-03,27.864564705
164.0,516.0,3.992422646334e-02,6.547573139988e+00,1.433590503515e-03,28.435748846
164.0,518.0,4.046674291916e-02,6.636545838742e+00,1.311549732912e-03,28.822152367
164.0,520.0,4.082981084306e-02,6.696088978262e+00,1.235735452238e-03,29.080744936
164.0,522.0,4.125341691052e-02,6.765560373325e+00,1.152801314139e-03,29.382455371
164.0,524.0,4.177754817459e-02,6.851517900633e+00,1.057848764328e-03,29.755764169
164.0,526.0,4.246219205357e-02,6.963799496785e+00,9.454973271512e-04,30.243396945
164.0,528.0,4.317733631914e-02,7.081083156339e+00,8.408618700744e-04,30.752753407
164.0,530.0,4.395296908500e-02,7.208286929940e+00,7.404244686437e-04,31.305192376
164.0,532.0,4.480907879581e-02,7.348688922513e+00,6.434354012579e-04,31.914950483
164.0,534.0,4.584565421664e-02,7.518687291529e+00,5.428446951641e-04,32.653244019
164.0,536.0,4.687268442274e-02,7.687120245329e+00,4.586972069988e-04,33.384739043
164.0,538.0,4.789015878967e-02,7.853986041506e+00,3.882014929127e-04,34.109427988
164.0,540.0,4.895806698389e-02,8.029122985358e+00,3.258338447014e-04,34.870038071
164.0,542.0,5.021639895350e-02,8.235489428374e+00,2.650772066998e-04,35.766276145
164.0,544.0,5.177514491951e-02,8.491123766800e+00,2.052824408547e-04,36.876481971
164.0,546.0,5.359429536727e-02,8.789464440232e+00,1.523295274096e-04,38.172159053
164.0,548.0,5.558384103828e-02,9.115749930278e+00,1.099208572928e-04,39.589198931
164.0,550.0,5.760377292229e-02,9.447018759256e+00,7.892450784612e-05,41.027881176
166.0,350.0,9.889596205244e-03,1.641672970071e+00,1.936557907930e-01,7.129695120
166.0,352.0,9.716301458359e-03,1.612906042088e+00,1.993075754724e-01,7.004761939
166.0,354.0,9.530050616577e-03,1.581988402352e+00,2.055659437519e-01,6.870488336
166.0,356.0,9.330572014292e-03,1.548874954372e+00,2.124868968561e-01,6.726678458
166.0,358.0,9.137606428434e-03,1.516842667120e+00,2.194035244745e-01,6.587564002
166.0,360.0,9.010906417364e-03,1.495810465282e+00,2.240669326512e-01,6.496222310
166.0,362.0,8.910235699738e-03,1.479099126157e+00,2.278428536232e-01,6.423645887
166.0,364.0,8.775368570623e-03,1.456711182723e+00,2.330013147512e-01,6.326416284
166.0,366.0,8.606089352376e-03,1.428610832494e+00,2.396415934368e-01,6.204378013
166.0,368.0,8.442191877956e-03,1.401403851741e+00,2.462510212475e-01,6.086219597
166.0,370.0,8.293479004540e-03,1.376717514754e+00,2.524057127756e-01,5.979008198
166.0,372.0,8.159762155435e-03,1.354520517802e+00,2.580710052437e-01,5.882607865
166.0,374.0,8.020860888458e-03,1.331462907484e+00,2.640906384006e-01,5.782469936
166.0,376.0,7.906602489062e-03,1.312496013184e+00,2.691474217682e-01,5.700097760
166.0,378.0,7.796821586622e-03,1.294272383379e+00,2.740972294918e-01,5.620953542
166.0,380.0,7.711359792400e-03,1.280085725538e+00,2.780134665775e-01,5.559341670
166.0,382.0,7.610065357832e-03,1.263270849400e+00,2.827277525744e-01,5.486315590
166.0,384.0,7.512792851830e-03,1.247123613404e+00,2.873300817678e-01,5.416189036
166.0,386.0,7.419402855952e-03,1.231620874088e+00,2.918191919685e-01,5.348861494
166.0,388.0,7.359761676293e-03,1.221720438265e+00,2.947226783245e-01,5.305864448
166.0,390.0,7.313741071094e-03,1.214081017802e+00,2.969828108437e-01,5.272686866
166.0,392.0,7.241217993107e-03,1.202042186856e+00,3.005797446936e-01,5.220402888
166.0,394.0,7.222074345802e-03,1.198864341403e+00,3.015364600100e-01,5.206601680
166.0,396.0,7.216196752604e-03,1.197888660932e+00,3.018308068162e-01,5.202364354
166.0,398.0,7.223476338366e-03,1.199097072169e+00,3.014662913643e-01,5.207612417
166.0,400.0,7.253808522356e-03,1.204132214711e+00,2.999521806960e-01,5.229479763
166.0,402.0,7.297092822081e-03,1.211317408465e+00,2.978046904664e-01,5.260684663
166.0,404.0,7.303232667298e-03,1.212336622771e+00,2.975013182924e-01,5.265111055
166.0,406.0,7.292135223641e-03,1.210494447124e+00,2.980498730879e-01,5.257110588
166.0,408.0,7.213711225286e-03,1.197476063397e+00,3.019553671578e-01,5.200572465
166.0,410.0,7.187874816150e-03,1.193187219481e+00,3.032531876828e-01,5.181946253
166.0,412.0,7.144543399123e-03,1.185994204254e+00,3.054423564024e-01,5.150707385
166.0,414.0,7.143637492892e-03,1.185843823820e+00,3.054882924105e-01,5.150054291
166.0,416.0,7.135080595916e-03,1.184423378922e+00,3.059225300291e-01,5.143885377
166.0,418.0,7.168799057154e-03,1.190020643488e+00,3.042149839436e-01,5.168193988
166.0,420.0,7.204721953181e-03,1.195983844228e+00,3.024062870970e-01,5.194091840
166.0,422.0,7.222780971318e-03,1.198981641239e+00,3.015010919072e-01,5.207111107
166.0,424.0,7.232910298468e-03,1.200663109546e+00,3.009945533602e-01,5.214413631
166.0,426.0,7.285046515327e-03,1.209317721544e+00,2.984008024310e-01,5.252000133
166.0,428.0,7.349128495696e-03,1.219955330286e+00,2.952433550658e-01,5.298198681
166.0,430.0,7.455097310597e-03,1.237546153559e+00,2.900951943290e-01,5.374594656
166.0,432.0,7.572896136960e-03,1.257100758735e+00,2.844776012523e-01,5.459519227
166.0,434.0,7.722470170618e-03,1.281930048323e+00,2.775011925513e-01,5.567351462
166.0,436.0,7.903766543389e-03,1.312025246203e+00,2.692741573167e-01,5.698053245
166.0,438.0,8.216734244034e-03,1.363977884510e+00,2.556418379791e-01,5.923680687
166.0,440.0,8.571324042880e-03,1.422839791118e+00,2.410285732977e-01,6.179314699
166.0,442.0,9.027488419921e-03,1.498563077707e+00,2.234510113137e-01,6.508176754
166.0,444.0,9.485181496220e-03,1.574540128373e+00,2.071027714738e-01,6.838140893
166.0,446.0,1.007435896844e-02,1.672343588761e+00,1.878064084927e-01,7.262895924
166.0,448.0,1.061497804633e-02,1.762086355691e+00,1.716862912274e-01,7.652643809
166.0,450.0,1.112699739305e-02,1.847081567246e+00,1.576967226759e-01,8.021773323
166.0,452.0,1.141037706817e-02,1.894122593316e+00,1.504502832359e-01,8.226069903
166.0,454.0,1.156507847319e-02,1.919803026550e+00,1.466358426538e-01,8.337598608
166.0,456.0,1.165106429946e-02,1.934076673710e+00,1.445576811299e-01,8.399588270
166.0,458.0,1.175829847849e-02,1.951877547429e+00,1.420071958834e-01,8.476896482
166.0,460.0,1.186674613428e-02,1.969879858290e+00,1.394736118067e-01,8.555079525
166.0,462.0,1.205637353789e-02,2.001358007290e+00,1.351516216705e-01,8.691787389
166.0,464.0,1.222714806386e-02,2.029706578601e+00,1.313740634552e-01,8.814903670
166.0,466.0,1.241903814858e-02,2.061560332664e+00,1.272552543739e-01,8.953242766
166.0,468.0,1.257201325038e-02,2.086954199563e+00,1.240644364493e-01,9.063526929
166.0,470.0,1.283604381141e-02,2.130783272694e+00,1.187442482899e-01,9.253874175
166.0,472.0,1.314110122105e-02,2.181422802694e+00,1.128808092106e-01,9.473798859
166.0,474.0,1.344715778091e-02,2.232228191631e+00,1.072891029201e-01,9.694443860
166.0,476.0,1.378418667130e-02,2.288174987436e+00,1.014514431644e-01,9.937417707
166.0,478.0,1.413216191905e-02,2.345938878562e+00,9.575725547826e-02,10.188283098
166.0,480.0,1.446105836676e-02,2.400535688882e+00,9.066936970443e-02,10.425394033
166.0,482.0,1.482085164323e-02,2.460261372776e+00,8.541262351503e-02,10.684779382
166.0,484.0,1.518151813511e-02,2.520132010428e+00,8.044898594343e-02,10.944794258
166.0,486.0,1.556303495983e-02,2.583463803332e+00,7.551199181659e-02,11.219840740
166.0,488.0,1.607537993942e-02,2.668513069944e+00,6.935527511957e-02,11.589205012
166.0,490.0,1.672853157561e-02,2.776936241551e+00,6.222886984188e-02,12.060080863
166.0,492.0,1.754246902578e-02,2.912049858279e+00,5.436417671643e-02,12.646871845
166.0,494.0,1.853717207993e-02,3.077170565268e+00,4.608947950771e-02,13.363981964
166.0,496.0,1.976262113856e-02,3.280595109001e+00,3.760587055465e-02,14.247443532
166.0,498.0,2.124879719143e-02,3.527300333777e+00,2.938413624474e-02,15.318870710
166.0,500.0,2.268568179718e-02,3.765823178332e+00,2.314854900621e-02,16.354762262
166.0,502.0,2.434325706370e-02,4.040980672574e+00,1.758022351619e-02,17.549756076
166.0,504.0,2.613150562929e-02,4.337829934462e+00,1.306484904195e-02,18.838956040
166.0,506.0,2.854041064458e-02,4.737708167000e+00,8.758696670579e-03,20.575605138
166.0,508.0,3.153995575512e-02,5.235632655350e+00,5.323455505626e-03,22.738063715
166.0,510.0,3.480012508463e-02,5.776820764049e+00,3.098550789521e-03,25.088413808
166.0,512.0,3.746090321893e-02,6.218509934342e+00,1.992211532702e-03,27.006645501
166.0,514.0,3.912227519045e-02,6.494297681615e+00,1.512036771698e-03,28.204376470
166.0,516.0,3.992422646334e-02,6.627421592914e+00,1.323571395993e-03,28.782526270
166.0,518.0,4.046674291916e-02,6.717479324581e+00,1.209583341453e-03,29.173642030
166.0,520.0,4.082981084306e-02,6.777748599948e+00,1.138835989624e-03,29.435388167
166.0,522.0,4.125341691052e-02,6.848067207146e+00,1.061505381473e-03,29.740777998
166.0,524.0,4.177754817459e-02,6.935072996982e+00,9.730520362602e-04,30.118639342
166.0,526.0,4.246219205357e-02,7.048723880893e+00,8.685165810309e-04,30.612218859
166.0,528.0,4.317733631914e-02,7.167437828977e+00,7.712963949885e-04,31.127786985
166.0,530.0,4.395296908500e-02,7.296192868110e+00,6.781155423416e-04,31.686963015
166.0,532.0,4.480907879581e-02,7.438307080104e+00,5.882802663895e-04,32.304157196
166.0,534.0,4.584565421664e-02,7.610378599962e+00,4.952843083560e-04,33.051454312
166.0,536.0,4.687268442274e-02,7.780865614175e+00,4.176504939080e-04,33.791870007
166.0,538.0,4.789015878967e-02,7.949766359085e+00,3.527445705653e-04,34.525396622
166.0,540.0,4.895806698389e-02,8.127039119326e+00,2.954416745865e-04,35.295282437
166.0,542.0,5.021639895350e-02,8.335922226281e+00,2.397479904047e-04,36.202450244
166.0,544.0,5.177514491951e-02,8.594674056639e+00,1.850889464813e-04,37.326195166
166.0,546.0,5.359429536727e-02,8.896653030967e+00,1.368461807765e-04,38.637673188
166.0,548.0,5.558384103828e-02,9.226917612354e+00,9.835594059560e-05,40.071994040
166.0,550.0,5.760377292229e-02,9.562226305100e+00,7.033603475183e-05,41.528221190
168.0,350.0,9.889596205244e-03,1.661452162481e+00,1.898630677917e-01,7.215595061
168.0,352.0,9.716301458359e-03,1.632338645004e+00,1.954718997847e-01,7.089156661
168.0,354.0,9.530050616577e-03,1.601048503585e+00,2.016849397114e-01,6.953265304
168.0,356.0,9.330572014292e-03,1.567536098401e+00,2.085584172350e-01,6.807722777
168.0,358.0,9.137606428434e-03,1.535117879977e+00,2.154302947547e-01,6.666932243
168.0,360.0,9.010906417364e-03,1.513832278117e+00,2.200650095960e-01,6.574490049
168.0,362.0,8.910235699738e-03,1.496919597556e+00,2.238185505545e-01,6.501039211
168.0,364.0,8.775368570623e-03,1.474261919865e+00,2.289476464094e-01,6.402638167
168.0,366.0,8.606089352376e-03,1.445823011199e+00,2.355521347138e-01,6.279129556
168.0,368.0,8.442191877956e-03,1.418288235497e+00,2.421281287010e-01,6.159547544
168.0,370.0,8.293479004540e-03,1.393304472763e+00,2.482536004689e-01,6.051044441
168.0,372.0,8.159762155435e-03,1.370840042113e+00,2.538935886384e-01,5.953482659
168.0,374.0,8.020860888458e-03,1.347504629261e+00,2.598879690068e-01,5.852138248
168.0,376.0,7.906602489062e-03,1.328309218162e+00,2.649248128991e-01,5.768773637
168.0,378.0,7.796821586622e-03,1.309866026552e+00,2.698562075294e-01,5.688675874
168.0,380.0,7.711359792400e-03,1.295508445123e+00,2.737586376956e-01,5.626321690
168.0,382.0,7.610065357832e-03,1.278490980116e+00,2.784571809925e-01,5.552415778
168.0,384.0,7.512792851830e-03,1.262149199107e+00,2.830450521572e-01,5.481444325
168.0,386.0,7.419402855952e-03,1.246459679800e+00,2.875209132072e-01,5.413305609
168.0,388.0,7.359761676293e-03,1.236439961617e+00,2.904162728498e-01,5.369790525
168.0,390.0,7.313741071094e-03,1.228708499944e+00,2.926703174343e-01,5.336213214
168.0,392.0,7.241217993107e-03,1.216524622842e+00,2.962579881011e-01,5.283299308
168.0,394.0,7.222074345802e-03,1.213308490095e+00,2.972123269359e-01,5.269331821
168.0,396.0,7.216196752604e-03,1.212321054437e+00,2.975059499283e-01,5.265043442
168.0,398.0,7.223476338366e-03,1.213544024845e+00,2.971423313480e-01,5.270354735
168.0,400.0,7.253808522356e-03,1.218639831756e+00,2.956320028421e-01,5.292485544
168.0,402.0,7.297092822081e-03,1.225911594110e+00,2.934900345541e-01,5.324066406
168.0,404.0,7.303232667298e-03,1.226943088106e+00,2.931874574255e-01,5.328546128
168.0,406.0,7.292135223641e-03,1.225078717572e+00,2.937345773408e-01,5.320449269
168.0,408.0,7.213711225286e-03,1.211903485848e+00,2.976302050089e-01,5.263229965
168.0,410.0,7.187874816150e-03,1.207562969113e+00,2.989248816446e-01,5.244379340
168.0,412.0,7.144543399123e-03,1.200283291053e+00,3.011088983717e-01,5.212764100
168.0,414.0,7.143637492892e-03,1.200131098806e+00,3.011547282989e-01,5.212103138
168.0,416.0,7.135080595916e-03,1.198693540114e+00,3.015879672247e-01,5.205859900
168.0,418.0,7.168799057154e-03,1.204358241602e+00,2.998843910986e-01,5.230461386
168.0,420.0,7.204721953181e-03,1.210393288134e+00,2.980800250371e-01,5.256671260
168.0,422.0,7.222780971318e-03,1.213427203181e+00,2.971770460373e-01,5.269847385
168.0,424.0,7.232910298468e-03,1.215128930143e+00,2.966717618956e-01,5.277237892
168.0,426.0,7.285046515327e-03,1.223887814575e+00,2.940845951064e-01,5.315277243
168.0,428.0,7.349128495696e-03,1.234653587277e+00,2.909355286822e-01,5.362032400
168.0,430.0,7.455097310597e-03,1.252456348180e+00,2.858019049508e-01,5.439348808
168.0,432.0,7.572896136960e-03,1.272246551009e+00,2.802014273620e-01,5.525296567
168.0,434.0,7.722470170618e-03,1.297374988664e+00,2.732481318676e-01,5.634427985
168.0,436.0,7.903766543389e-03,1.327832779289e+00,2.650510634514e-01,5.766704489
168.0,438.0,8.216734244034e-03,1.380411352998e+00,2.514750867498e-01,5.995050334
168.0,440.0,8.571324042880e-03,1.439982439204e+00,2.369319193587e-01,6.253764274
168.0,442.0,9.027488419921e-03,1.516618054547e+00,2.194528107997e-01,6.586588522
168.0,444.0,9.485181496220e-03,1.593510491365e+00,2.032109877098e-01,6.920528133
168.0,446.0,1.007435896844e-02,1.692492306698e+00,1.840602173517e-01,7.350400695
168.0,448.0,1.061497804633e-02,1.783316311783e+00,1.680798169042e-01,7.744844337
168.0,450.0,1.112699739305e-02,1.869335562032e+00,1.542261014564e-01,8.118421194
168.0,452.0,1.141037706817e-02,1.916943347453e+00,1.470557742565e-01,8.325179179
168.0,454.0,1.156507847319e-02,1.942933183496e+00,1.432830573031e-01,8.438051603
168.0,456.0,1.165106429946e-02,1.957378802309e+00,1.412281230081e-01,8.500788128
168.0,458.0,1.175829847849e-02,1.975394144386e+00,1.387066310276e-01,8.579027765
168.0,460.0,1.186674613428e-02,1.993613350559e+00,1.362023882481e-01,8.658152772
168.0,462.0,1.205637353789e-02,2.025470754366e+00,1.319317211332e-01,8.796507719
168.0,464.0,1.222714806386e-02,2.054160874728e+00,1.282003666227e-01,8.921107328
168.0,466.0,1.241903814858e-02,2.086398408961e+00,1.241334094626e-01,9.061113161
168.0,468.0,1.257201325038e-02,2.112098226064e+00,1.209838484640e-01,9.172726048
168.0,470.0,1.283604381141e-02,2.156455360317e+00,1.157346323949e-01,9.365366635
168.0,472.0,1.314110122105e-02,2.207705005136e+00,1.099527000583e-01,9.587941014
168.0,474.0,1.344715778091e-02,2.259122507193e+00,1.044420917409e-01,9.811244388
168.0,476.0,1.378418667130e-02,2.315743360778e+00,9.869279237632e-02,10.057145631
168.0,478.0,1.413216191905e-02,2.374203202400e+00,9.308863246706e-02,10.311033497
168.0,480.0,1.446105836676e-02,2.429457805616e+00,8.808457860125e-02,10.551001190
168.0,482.0,1.482085164323e-02,2.489903076063e+00,8.291800292503e-02,10.813511664
168.0,484.0,1.518151813511e-02,2.550495046698e+00,7.804302149639e-02,11.076659249
168.0,486.0,1.556303495983e-02,2.614589873251e+00,7.319780291766e-02,11.355019544
168.0,488.0,1.607537993942e-02,2.700663829823e+00,6.716091452060e-02,11.728833988
168.0,490.0,1.672853157561e-02,2.810393304702e+00,6.018131814166e-02,12.205383042
168.0,492.0,1.754246902578e-02,2.947134796331e+00,5.248988490986e-02,12.799243795
168.0,494.0,1.853717207993e-02,3.114244909428e+00,4.441202959447e-02,13.524993795
168.0,496.0,1.976262113856e-02,3.320120351278e+00,3.614848097635e-02,14.419099478
168.0,498.0,2.124879719143e-02,3.569797928160e+00,2.816154376034e-02,15.503435417
168.0,500.0,2.268568179718e-02,3.811194541926e+00,2.212173782435e-02,16.551807590
168.0,502.0,2.434325706370e-02,4.089667186702e+00,1.674480552527e-02,17.761198920
168.0,504.0,2.613150562929e-02,4.390092945721e+00,1.239957667929e-02,19.065931414
168.0,506.0,2.854041064458e-02,4.794788988289e+00,8.272744289531e-03,20.823503995
168.0,508.0,3.153995575512e-02,5.298712566860e+00,4.998024388846e-03,23.012016290
168.0,510.0,3.480012508463e-02,5.846421014218e+00,2.890224742768e-03,25.390683854
168.0,512.0,3.746090321893e-02,6.293431740780e+00,1.848405800636e-03,27.332026773
168.0,514.0,3.912227519045e-02,6.572542231996e+00,1.398238243937e-03,28.544188234
168.0,516.0,3.992422646334e-02,6.707270045841e+00,1.221995567071e-03,29.129303695
168.0,518.0,4.046674291916e-02,6.798412810419e+00,1.115544323793e-03,29.525131693
168.0,520.0,4.082981084306e-02,6.859408221634e+00,1.049534840903e-03,29.790031398
168.0,522.0,4.125341691052e-02,6.930574040967e+00,9.774396169369e-04,30.099100624
168.0,524.0,4.177754817459e-02,7.018628093331e+00,8.950525795351e-04,30.481514515
168.0,526.0,4.246219205357e-02,7.133648265000e+00,7.978034732244e-04,30.981040773
168.0,528.0,4.317733631914e-02,7.253792501616e+00,7.074861521187e-04,31.502820563
168.0,530.0,4.395296908500e-02,7.384098806280e+00,6.210500979359e-04,32.068733654
168.0,532.0,4.480907879581e-02,7.527925237696e+00,5.378530170190e-04,32.693363909
168.0,534.0,4.584565421664e-02,7.702069908396e+00,4.518908415040e-04,33.449664604
168.0,536.0,4.687268442274e-02,7.874610983020e+00,3.802768632555e-04,34.199000971
168.0,538.0,4.789015878967e-02,8.045546676665e+00,3.205261554501e-04,34.941365256
168.0,540.0,4.895806698389e-02,8.224955253294e+00,2.678843358414e-04,35.720526804
168.0,542.0,5.021639895350e-02,8.436355024188e+00,2.168390848036e-04,36.638624344
168.0,544.0,5.177514491951e-02,8.698224346478e+00,1.668818724432e-04,37.775908360
168.0,546.0,5.359429536727e-02,9.003841621701e+00,1.229366197846e-04,39.103187322
168.0,548.0,5.558384103828e-02,9.338085294431e+00,8.800778386108e-05,40.554789149
168.0,550.0,5.760377292229e-02,9.677433850945e+00,6.268214930470e-05,42.028561204
170.0,350.0,9.889596205244e-03,1.681231354891e+00,1.861446247678e-01,7.301495002
170.0,352.0,9.716301458359e-03,1.651771247921e+00,1.917100417025e-01,7.173551383
170.0,354.0,9.530050616577e-03,1.620108604818e+00,1.978772074985e-01,7.036042272
170.0,356.0,9.330572014292e-03,1.586197242430e+00,2.047025677494e-01,6.888767096
170.0,358.0,9.137606428434e-03,1.553393092834e+00,2.115290171809e-01,6.746300484
170.0,360.0,9.010906417364e-03,1.531854090952e+00,2.161345624518e-01,6.652757788
170.0,362.0,8.910235699738e-03,1.514740068955e+00,2.198653272451e-01,6.578432535
170.0,364.0,8.775368570623e-03,1.491812657006e+00,2.249645022492e-01,6.478860050
170.0,366.0,8.606089352376e-03,1.463035189904e+00,2.315324621761e-01,6.353881098
170.0,368.0,8.442191877956e-03,1.435172619253e+00,2.380742642659e-01,6.232875491
170.0,370.0,8.293479004540e-03,1.409891430772e+00,2.441697910402e-01,6.123080685
170.0,372.0,8.159762155435e-03,1.387159566424e+00,2.497837922195e-01,6.024357452
170.0,374.0,8.020860888458e-03,1.363546351038e+00,2.557521797953e-01,5.921806561
170.0,376.0,7.906602489062e-03,1.344122423141e+00,2.607684518341e-01,5.837449514
170.0,378.0,7.796821586622e-03,1.325459669726e+00,2.656808055929e-01,5.756398205
170.0,380.0,7.711359792400e-03,1.310931164708e+00,2.695689264105e-01,5.693301710
170.0,382.0,7.610065357832e-03,1.293711110831e+00,2.742511159242e-01,5.618515966
170.0,384.0,7.512792851830e-03,1.277174784811e+00,2.788239263280e-01,5.546699615
170.0,386.0,7.419402855952e-03,1.261298485512e+00,2.832859448820e-01,5.477749723
170.0,388.0,7.359761676293e-03,1.251159484970e+00,2.861727913693e-01,5.433716603
170.0,390.0,7.313741071094e-03,1.243335982086e+00,2.884204458291e-01,5.399739562
170.0,392.0,7.241217993107e-03,1.231007058828e+00,2.919983700272e-01,5.346195728
170.0,394.0,7.222074345802e-03,1.227752638786e+00,2.929502033674e-01,5.332061962
170.0,396.0,7.216196752604e-03,1.226753447943e+00,2.932430628152e-01,5.327722531
170.0,398.0,7.223476338366e-03,1.227990977522e+00,2.928803903062e-01,5.333097054
170.0,400.0,7.253808522356e-03,1.233147448801e+00,2.913740480286e-01,5.355491324
170.0,402.0,7.297092822081e-03,1.240505779754e+00,2.892378902685e-01,5.387448149
170.0,404.0,7.303232667298e-03,1.241549553441e+00,2.889361488716e-01,5.391981201
170.0,406.0,7.292135223641e-03,1.239662988019e+00,2.894817603232e-01,5.383787951
170.0,408.0,7.213711225286e-03,1.226330908299e+00,2.933669958160e-01,5.325887465
170.0,410.0,7.187874816150e-03,1.221938718745e+00,2.946583531373e-01,5.306812428
170.0,412.0,7.144543399123e-03,1.214572377851e+00,2.968369212002e-01,5.274820816
170.0,414.0,7.143637492892e-03,1.214418373792e+00,2.968826388112e-01,5.274151985
170.0,416.0,7.135080595916e-03,1.212963701306e+00,2.973148200824e-01,5.267834422
170.0,418.0,7.168799057154e-03,1.218695839716e+00,2.956154455602e-01,5.292728783
170.0,420.0,7.204721953181e-03,1.224802732041e+00,2.938156550217e-01,5.319250679
170.0,422.0,7.222780971318e-03,1.227872765124e+00,2.929150144460e-01,5.332583664
170.0,424.0,7.232910298468e-03,1.229594750740e+00,2.924110530362e-01,5.340062152
170.0,426.0,7.285046515327e-03,1.238457907606e+00,2.898308194025e-01,5.378554353
170.0,428.0,7.349128495696e-03,1.249351844268e+00,2.866905567806e-01,5.425866119
170.0,430.0,7.455097310597e-03,1.267366542801e+00,2.815721544869e-01,5.504102961
170.0,432.0,7.572896136960e-03,1.287392343283e+00,2.759895315135e-01,5.591073907
170.0,434.0,7.722470170618e-03,1.312819929005e+00,2.690602547783e-01,5.701504509
170.0,436.0,7.903766543389e-03,1.343640312376e+00,2.608942014219e-01,5.835355733
170.0,438.0,8.216734244034e-03,1.396844821486e+00,2.473762501309e-01,6.066419980
170.0,440.0,8.571324042880e-03,1.457125087290e+00,2.329048943989e-01,6.328213849
170.0,442.0,9.027488419921e-03,1.534673031387e+00,2.155261499366e-01,6.665000291
170.0,444.0,9.485181496220e-03,1.612480854357e+00,1.993923366264e-01,7.002915372
170.0,446.0,1.007435896844e-02,1.712641024635e+00,1.803887518188e-01,7.437905465
170.0,448.0,1.061497804633e-02,1.804546267876e+00,1.645491008546e-01,7.837044865
170.0,450.0,1.112699739305e-02,1.891589556818e+00,1.508318623673e-01,8.215069066
170.0,452.0,1.141037706817e-02,1.939764101589e+00,1.437378533099e-01,8.424288455
170.0,454.0,1.156507847319e-02,1.966063340442e+00,1.400069324019e-01,8.538504598
170.0,456.0,1.165106429946e-02,1.980680930908e+00,1.379752537015e-01,8.601987987
170.0,458.0,1.175829847849e-02,1.998910741343e+00,1.354827786812e-01,8.681159048
170.0,460.0,1.186674613428e-02,2.017346842828e+00,1.330078881890e-01,8.761226019
170.0,462.0,1.205637353789e-02,2.049583501441e+00,1.287885326570e-01,8.901228049
170.0,464.0,1.222714806386e-02,2.078615170856e+00,1.251033390453e-01,9.027310987
170.0,466.0,1.241903814858e-02,2.111236485259e+00,1.210881501170e-01,9.168983555
170.0,468.0,1.257201325038e-02,2.137242252565e+00,1.179797531675e-01,9.281925168
170.0,470.0,1.283604381141e-02,2.182127447940e+00,1.128012963026e-01,9.476859094
170.0,472.0,1.314110122105e-02,2.233987207579e+00,1.071005455634e-01,9.702083169
170.0,474.0,1.344715778091e-02,2.286016822755e+00,1.016706285198e-01,9.928044917
170.0,476.0,1.378418667130e-02,2.343311734121e+00,9.600915436220e-02,10.176873555
170.0,478.0,1.413216191905e-02,2.402467526239e+00,9.049438030890e-02,10.433783896
170.0,480.0,1.446105836676e-02,2.458379922349e+00,8.557347440104e-02,10.676608347
170.0,482.0,1.482085164323e-02,2.519544779349e+00,8.049624196201e-02,10.942243946
170.0,484.0,1.518151813511e-02,2.580858082969e+00,7.570901152899e-02,11.208524240
170.0,486.0,1.556303495983e-02,2.645715943171e+00,7.095453613494e-02,11.490198348
170.0,488.0,1.607537993942e-02,2.732814589701e+00,6.503598221574e-02,11.868462964
170.0,490.0,1.672853157561e-02,2.843850367854e+00,5.820113819309e-02,12.350685221
170.0,492.0,1.754246902578e-02,2.982219734383e+00,5.068021230639e-02,12.951615745
170.0,494.0,1.853717207993e-02,3.151319253588e+00,4.279563131908e-02,13.686005625
170.0,496.0,1.976262113856e-02,3.359645593555e+00,3.474757152607e-02,14.590755424
170.0,498.0,2.124879719143e-02,3.612295522543e+00,2.698981996135e-02,15.688000124
170.0,500.0,2.268568179718e-02,3.856565905521e+00,2.114047339373e-02,16.748852919
170.0,502.0,2.434325706370e-02,4.138353700829e+00,1.594908687145e-02,17.972641764
170.0,504.0,2.613150562929e-02,4.442355956979e+00,1.176818050725e-02,19.292906788
170.0,506.0,2.854041064458e-02,4.851869809579e+00,7.813753650113e-03,21.071402852
170.0,508.0,3.153995575512e-02,5.361792478370e+00,4.692487382510e-03,23.285968865
170.0,510.0,3.480012508463e-02,5.916021264387e+00,2.695905160553e-03,25.692953899
170.0,512.0,3.746090321893e-02,6.368353547218e+00,1.714980536826e-03,27.657408044
170.0,514.0,3.912227519045e-02,6.650786782377e+00,1.293004392090e-03,28.883999999
170.0,516.0,3.992422646334e-02,6.787118498768e+00,1.128215047909e-03,29.476081120
170.0,518.0,4.046674291916e-02,6.879346296257e+00,1.028816366511e-03,29.876621356
170.0,520.0,4.082981084306e-02,6.941067843320e+00,9.672361887972e-04,30.144674629
170.0,522.0,4.125341691052e-02,7.013080874788e+00,9.000314284151e-04,30.457423251
170.0,524.0,4.177754817459e-02,7.102183189680e+00,8.233055276380e-04,30.844389687
170.0,526.0,4.246219205357e-02,7.218572649107e+00,7.328477035332e-04,31.349862687
170.0,528.0,4.317733631914e-02,7.340147174254e+00,6.489550044470e-04,31.877854141
170.0,530.0,4.395296908500e-02,7.472004744450e+00,5.687868807937e-04,32.450504293
170.0,532.0,4.480907879581e-02,7.617543395288e+00,4.917483798868e-04,33.082570622
170.0,534.0,4.584565421664e-02,7.793761216829e+00,4.122992172173e-04,33.847874897
170.0,536.0,4.687268442274e-02,7.968356351866e+00,3.462476277098e-04,34.606131935
170.0,538.0,4.789015878967e-02,8.141326994244e+00,2.912504540126e-04,35.357333890
170.0,540.0,4.895806698389e-02,8.322871387261e+00,2.428974094112e-04,36.145771171
170.0,542.0,5.021639895350e-02,8.536787822095e+00,1.961192192647e-04,37.074798443
170.0,544.0,5.177514491951e-02,8.801774636317e+00,1.504658159203e-04,38.225621555
170.0,546.0,5.359429536727e-02,9.111030212436e+00,1.104408789365e-04,39.568701457
170.0,548.0,5.558384103828e-02,9.449252976508e+00,7.874837018725e-05,41.037584258
170.0,550.0,5.760377292229e-02,9.792641396789e+00,5.586115076461e-05,42.528901219
172.0,350.0,9.889596205244e-03,1.701010547302e+00,1.824990069577e-01,7.387394944
172.0,352.0,9.716301458359e-03,1.671203850838e+00,1.880205806055e-01,7.257946106
172.0,354.0,9.530050616577e-03,1.639168706051e+00,1.941413637697e-01,7.118819239
172.0,356.0,9.330572014292e-03,1.604858386458e+00,2.009180056061e-01,6.969811415
172.0,358.0,9.137606428434e-03,1.571668305691e+00,2.076983887547e-01,6.825668725
172.0,360.0,9.010906417364e-03,1.549875903787e+00,2.122743146310e-01,6.731025526
172.0,362.0,8.910235699738e-03,1.532560540355e+00,2.159819282397e-01,6.655825859
172.0,364.0,8.775368570623e-03,1.509363394147e+00,2.210506553176e-01,6.555081933
172.0,366.0,8.606089352376e-03,1.480247368609e+00,2.275813849297e-01,6.428632640
172.0,368.0,8.442191877956e-03,1.452057003008e+00,2.340882722295e-01,6.306203438
172.0,370.0,8.293479004540e-03,1.426478388781e+00,2.401531608968e-01,6.195116928
172.0,372.0,8.159762155435e-03,1.403479090735e+00,2.457405214136e-01,6.095232246
172.0,374.0,8.020860888458e-03,1.379588072815e+00,2.516822064523e-01,5.991474873
172.0,376.0,7.906602489062e-03,1.359935628119e+00,2.566772992224e-01,5.906125390
172.0,378.0,7.796821586622e-03,1.341053312899e+00,2.615700083638e-01,5.824120537
172.0,380.0,7.711359792400e-03,1.326353884293e+00,2.654433361365e-01,5.760281730
172.0,382.0,7.610065357832e-03,1.308931241547e+00,2.701085830059e-01,5.684616154
172.0,384.0,7.512792851830e-03,1.292200370515e+00,2.746657512663e-01,5.611954904
172.0,386.0,7.419402855952e-03,1.276137291224e+00,2.791133544775e-01,5.542193837
172.0,388.0,7.359761676293e-03,1.265879008322e+00,2.819913144553e-01,5.497642681
172.0,390.0,7.313741071094e-03,1.257963464228e+00,2.842322866955e-01,5.463265910
172.0,392.0,7.241217993107e-03,1.245489494814e+00,2.877999970398e-01,5.409092149
172.0,394.0,7.222074345802e-03,1.242196787478e+00,2.887492000678e-01,5.394792102
172.0,396.0,7.216196752604e-03,1.241185841448e+00,2.890412575276e-01,5.390401620
172.0,398.0,7.223476338366e-03,1.242437930199e+00,2.886795786947e-01,5.395839372
172.0,400.0,7.253808522356e-03,1.247655065845e+00,2.871774200642e-01,5.418497104
172.0,402.0,7.297092822081e-03,1.255099965398e+00,2.850473519282e-01,5.450829892
172.0,404.0,7.303232667298e-03,1.256156018775e+00,2.847464856029e-01,5.455416274
172.0,406.0,7.292135223641e-03,1.254247258466e+00,2.852905174408e-01,5.447126633
172.0,408.0,7.213711225286e-03,1.240758330749e+00,2.891648521747e-01,5.388544964
172.0,410.0,7.187874816150e-03,1.236314468378e+00,2.904527204156e-01,5.369245515
172.0,412.0,7.144543399123e-03,1.228861464649e+00,2.926255526292e-01,5.336877531
172.0,414.0,7.143637492892e-03,1.228705648777e+00,2.926711518873e-01,5.336200831
172.0,416.0,7.135080595916e-03,1.227233862498e+00,2.931022184142e-01,5.329808945
172.0,418.0,7.168799057154e-03,1.233033437830e+00,2.914072697603e-01,5.354996181
172.0,420.0,7.204721953181e-03,1.239212175947e+00,2.896122916156e-01,5.381830099
172.0,422.0,7.222780971318e-03,1.242318327067e+00,2.887141077414e-01,5.395319942
172.0,424.0,7.232910298468e-03,1.244060571336e+00,2.882115351708e-01,5.402886413
172.0,426.0,7.285046515327e-03,1.253028000636e+00,2.856385722792e-01,5.441831463
172.0,428.0,7.349128495696e-03,1.264050101260e+00,2.825075222660e-01,5.489699838
172.0,430.0,7.455097310597e-03,1.282276737423e+00,2.774050025876e-01,5.568857113
172.0,432.0,7.572896136960e-03,1.302538135557e+00,2.718409475004e-01,5.656851247
172.0,434.0,7.722470170618e-03,1.328264869346e+00,2.649365622615e-01,5.768581033
172.0,436.0,7.903766543389e-03,1.359447845463e+00,2.568025324979e-01,5.904006977
172.0,438.0,8.216734244034e-03,1.413278289974e+00,2.433442211702e-01,6.137789627
172.0,440.0,8.571324042880e-03,1.474267735375e+00,2.289463149658e-01,6.402663423
172.0,442.0,9.027488419921e-03,1.552728008226e+00,2.116697486682e-01,6.743412059
172.0,444.0,9.485181496220e-03,1.631451217350e+00,1.956454439468e-01,7.085302612
172.0,446.0,1.007435896844e-02,1.732789742572e+00,1.767905213355e-01,7.525410235
172.0,448.0,1.061497804633e-02,1.825776223969e+00,1.610925516864e-01,7.929245393
172.0,450.0,1.112699739305e-02,1.913843551605e+00,1.475123243755e-01,8.311716937
172.0,452.0,1.141037706817e-02,1.962584855725e+00,1.404947923914e-01,8.523397731
172.0,454.0,1.156507847319e-02,1.989193497389e+00,1.368057151316e-01,8.638957594
172.0,456.0,1.165106429946e-02,2.003983059507e+00,1.347973068573e-01,8.703187846
172.0,458.0,1.175829847849e-02,2.022427338300e+00,1.323338558741e-01,8.783290331
172.0,460.0,1.186674613428e-02,2.041080335096e+00,1.298883121510e-01,8.864299267
172.0,462.0,1.205637353789e-02,2.073696248517e+00,1.257202286265e-01,9.005948379
172.0,464.0,1.222714806386e-02,2.103069466984e+00,1.220811285691e-01,9.133514646
172.0,466.0,1.241903814858e-02,2.136074561556e+00,1.181175975287e-01,9.276853950
172.0,468.0,1.257201325038e-02,2.162386279065e+00,1.150502512045e-01,9.391124287
172.0,470.0,1.283604381141e-02,2.207799535563e+00,1.099423066739e-01,9.588351554
172.0,472.0,1.314110122105e-02,2.260269410021e+00,1.043223754751e-01,9.816225324
172.0,474.0,1.344715778091e-02,2.312911138317e+00,9.897270852500e-02,10.044845445
172.0,476.0,1.378418667130e-02,2.370880107464e+00,9.339848938712e-02,10.296601479
172.0,478.0,1.413216191905e-02,2.430731850077e+00,8.797242639042e-02,10.556534295
172.0,480.0,1.446105836676e-02,2.487302039083e+00,8.313395644674e-02,10.802215504
172.0,482.0,1.482085164323e-02,2.549186482636e+00,7.814521263693e-02,11.070976228
172.0,484.0,1.518151813511e-02,2.611221119239e+00,7.344480411950e-02,11.340389231
172.0,486.0,1.556303495983e-02,2.676842013091e+00,6.878001794383e-02,11.625377152
172.0,488.0,1.607537993942e-02,2.764965349580e+00,6.297828153410e-02,12.008091940
172.0,490.0,1.672853157561e-02,2.877307431005e+00,5.628611322533e-02,12.495987400
172.0,492.0,1.754246902578e-02,3.017304672434e+00,4.893293105580e-02,13.103987695
172.0,494.0,1.853717207993e-02,3.188393597748e+00,4.123806267631e-02,13.847017456
172.0,496.0,1.976262113856e-02,3.399170835832e+00,3.340095335539e-02,14.762411370
172.0,498.0,2.124879719143e-02,3.654793116926e+00,2.586684834275e-02,15.872564832
172.0,500.0,2.268568179718e-02,3.901937269115e+00,2.020273537548e-02,16.945898247
172.0,502.0,2.434325706370e-02,4.187040214956e+00,1.519118102919e-02,18.184084609
172.0,504.0,2.613150562929e-02,4.494618968238e+00,1.116893552362e-02,19.519882162
172.0,506.0,2.854041064458e-02,4.908950630868e+00,7.380228853673e-03,21.319301709
172.0,508.0,3.153995575512e-02,5.424872389881e+00,4.405628328695e-03,23.559921440
172.0,510.0,3.480012508463e-02,5.985621514556e+00,2.514650340907e-03,25.995223945
172.0,512.0,3.746090321893e-02,6.443275353656e+00,1.591186437892e-03,27.982789315
172.0,514.0,3.912227519045e-02,6.729031332757e+00,1.195690623694e-03,29.223811764
172.0,516.0,3.992422646334e-02,6.866966951694e+00,1.041631597223e-03,29.822858545
172.0,518.0,4.046674291916e-02,6.960279782096e+00,9.488310714556e-04,30.228111019
172.0,520.0,4.082981084306e-02,7.022727465006e+00,8.913909366880e-04,30.499317860
172.0,522.0,4.125341691052e-02,7.095587708609e+00,8.287535701423e-04,30.815745877
172.0,524.0,4.177754817459e-02,7.185738286029e+00,7.573096903327e-04,31.207264860
172.0,526.0,4.246219205357e-02,7.303497033214e+00,6.731805195121e-04,31.718684601
172.0,528.0,4.317733631914e-02,7.426501846892e+00,5.952662063216e-04,32.252887719
172.0,530.0,4.395296908500e-02,7.559910682620e+00,5.209217691748e-04,32.832274931
172.0,532.0,4.480907879581e-02,7.707161552879e+00,4.495958216643e-04,33.471777336
172.0,534.0,4.584565421664e-02,7.885452525262e+00,3.761763437210e-04,34.246085190
172.0,536.0,4.687268442274e-02,8.062101720711e+00,3.152635126637e-04,35.013262898
172.0,538.0,4.789015878967e-02,8.237107311823e+00,2.646486894133e-04,35.773302524
172.0,540.0,4.895806698389e-02,8.420787521229e+00,2.202411399434e-04,36.571015537
172.0,542.0,5.021639895350e-02,8.637220620002e+00,1.773792220155e-04,37.510972542
172.0,544.0,5.177514491951e-02,8.905324926156e+00,1.356645957354e-04,38.675334750
172.0,546.0,5.359429536727e-02,9.218218803170e+00,9.921525223031e-05,40.034215592
172.0,548.0,5.558384103828e-02,9.560420658584e+00,7.046315149734e-05,41.520379367
172.0,550.0,5.760377292229e-02,9.907848942634e+00,4.978240534761e-05,43.029241233
174.0,350.0,9.889596205244e-03,1.720789739712e+00,1.789247880894e-01,7.473294885
174.0,352.0,9.716301458359e-03,1.690636453754e+00,1.844021232132e-01,7.342340828
174.0,354.0,9.530050616577e-03,1.658228807284e+00,1.904760512989e-01,7.201596207
174.0,356.0,9.330572014292e-03,1.623519530487e+00,1.972034128372e-01,7.050855734
174.0,358.0,9.137606428434e-03,1.589943518548e+00,2.039371300742e-01,6.905036966
174.0,360.0,9.010906417364e-03,1.567897716621e+00,2.084830123460e-01,6.809293265
174.0,362.0,8.910235699738e-03,1.550381011754e+00,2.121671202579e-01,6.733219183
174.0,364.0,8.775368570623e-03,1.526914131288e+00,2.172049000078e-01,6.631303816
174.0,366.0,8.606089352376e-03,1.497459547313e+00,2.236977324032e-01,6.503384183
174.0,368.0,8.442191877956e-03,1.468941386764e+00,2.301690162284e-01,6.379531385
174.0,370.0,8.293479004540e-03,1.443065346790e+00,2.362026049293e-01,6.267153171
174.0,372.0,8.159762155435e-03,1.419798615046e+00,2.417626993651e-01,6.166107039
174.0,374.0,8.020860888458e-03,1.395629794592e+00,2.476770016014e-01,6.061143186
174.0,376.0,7.906602489062e-03,1.375748833097e+00,2.526503320196e-01,5.974801267
174.0,378.0,7.796821586622e-03,1.356646956072e+00,2.575228162334e-01,5.891842869
174.0,380.0,7.711359792400e-03,1.341776603878e+00,2.613808855401e-01,5.827261750
174.0,382.0,7.610065357832e-03,1.324151372263e+00,2.660286225913e-01,5.750716342
174.0,384.0,7.512792851830e-03,1.307225956218e+00,2.705695881706e-01,5.677210194
174.0,386.0,7.419402855952e-03,1.290976096936e+00,2.750022232135e-01,5.606637952
174.0,388.0,7.359761676293e-03,1.280598531675e+00,2.778709361142e-01,5.561568758
174.0,390.0,7.313741071094e-03,1.272590946370e+00,2.801049439055e-01,5.526792257
174.0,392.0,7.241217993107e-03,1.259971930801e+00,2.836619885529e-01,5.471988569
174.0,394.0,7.222074345802e-03,1.256640936170e+00,2.846084405520e-01,5.457522243
174.0,396.0,7.216196752604e-03,1.255618234953e+00,2.848996588396e-01,5.453080708
174.0,398.0,7.223476338366e-03,1.256884882876e+00,2.845390197282e-01,5.458581690
174.0,400.0,7.253808522356e-03,1.262162682890e+00,2.830412356650e-01,5.481502884
174.0,402.0,7.297092822081e-03,1.269694151042e+00,2.809175269736e-01,5.514211635
174.0,404.0,7.303232667298e-03,1.270762484110e+00,2.806175737437e-01,5.518851347
174.0,406.0,7.292135223641e-03,1.268831528914e+00,2.811599571965e-01,5.510465315
174.0,408.0,7.213711225286e-03,1.255185753200e+00,2.850228993913e-01,5.451202464
174.0,410.0,7.187874816150e-03,1.250690218010e+00,2.863071143193e-01,5.431678603
174.0,412.0,7.144543399123e-03,1.243150551447e+00,2.884739327754e-01,5.398934247
174.0,414.0,7.143637492892e-03,1.242992923763e+00,2.885194078374e-01,5.398249678
174.0,416.0,7.135080595916e-03,1.241504023689e+00,2.889493043621e-01,5.391783467
174.0,418.0,7.168799057154e-03,1.247371035945e+00,2.872589986231e-01,5.417263578
174.0,420.0,7.204721953181e-03,1.253621619853e+00,2.854690620507e-01,5.444409519
174.0,422.0,7.222780971318e-03,1.256763889009e+00,2.845734492872e-01,5.458056221
174.0,424.0,7.232910298468e-03,1.258526391933e+00,2.840723294930e-01,5.465710673
174.0,426.0,7.285046515327e-03,1.267598093667e+00,2.815069637587e-01,5.505108574
174.0,428.0,7.349128495696e-03,1.278748358251e+00,2.783855214247e-01,5.553533557
174.0,430.0,7.455097310597e-03,1.297186932044e+00,2.732995228198e-01,5.633611266
174.0,432.0,7.572896136960e-03,1.317683927831e+00,2.677547236398e-01,5.722628587
174.0,434.0,7.722470170618e-03,1.343709809688e+00,2.608760706064e-01,5.835657556
174.0,436.0,7.903766543389e-03,1.375255378550e+00,2.527750342396e-01,5.972658221
174.0,438.0,8.216734244034e-03,1.429711758462e+00,2.393779109578e-01,6.209159274
174.0,440.0,8.571324042880e-03,1.491410383461e+00,2.250550177217e-01,6.477112998
174.0,442.0,9.027488419921e-03,1.570782985066e+00,2.078823498422e-01,6.821823827
174.0,444.0,9.485181496220e-03,1.650421580342e+00,1.919689612187e-01,7.167689852
174.0,446.0,1.007435896844e-02,1.752938460509e+00,1.732640650758e-01,7.612915005
174.0,448.0,1.061497804633e-02,1.847006180061e+00,1.577086114360e-01,8.021445920
174.0,450.0,1.112699739305e-02,1.936097546391e+00,1.442658434441e-01,8.408364808
174.0,452.0,1.141037706817e-02,1.985405609862e+00,1.373249024844e-01,8.622507007
174.0,454.0,1.156507847319e-02,2.012323654335e+00,1.336776927512e-01,8.739410589
174.0,456.0,1.165106429946e-02,2.027285188106e+00,1.316925568064e-01,8.804387704
174.0,458.0,1.175829847849e-02,2.045943935257e+00,1.292581210761e-01,8.885421614
174.0,460.0,1.186674613428e-02,2.064813827365e+00,1.268419028613e-01,8.967372514
174.0,462.0,1.205637353789e-02,2.097808995593e+00,1.227250249678e-01,9.110668709
174.0,464.0,1.222714806386e-02,2.127523763112e+00,1.191319277843e-01,9.239718304
174.0,466.0,1.241903814858e-02,2.160912637853e+00,1.152199189802e-01,9.384724345
174.0,468.0,1.257201325038e-02,2.187530305566e+00,1.121934903816e-01,9.500323407
174.0,470.0,1.283604381141e-02,2.233471623185e+00,1.071557791708e-01,9.699844014
174.0,472.0,1.314110122105e-02,2.286551612463e+00,1.016162706504e-01,9.930367479
174.0,474.0,1.344715778091e-02,2.339805453878e+00,9.634638022195e-02,10.161645973
174.0,476.0,1.378418667130e-02,2.398448480806e+00,9.085881318032e-02,10.416329403
174.0,478.0,1.413216191905e-02,2.458996173915e+00,8.552075585909e-02,10.679284694
174.0,480.0,1.446105836676e-02,2.516224155816e+00,8.076398396655e-02,10.927822661
174.0,482.0,1.482085164323e-02,2.578828185922e+00,7.586284911230e-02,11.199708509
174.0,484.0,1.518151813511e-02,2.641584155509e+00,7.124831170310e-02,11.472254222
174.0,486.0,1.556303495983e-02,2.707968083010e+00,6.667214143090e-02,11.760555956
174.0,488.0,1.607537993942e-02,2.797116109459e+00,6.098568530619e-02,12.147720916
174.0,490.0,1.672853157561e-02,2.910764494156e+00,5.443409940720e-02,12.641289579
174.0,492.0,1.754246902578e-02,3.052389610486e+00,4.724589011656e-02,13.256359645
174.0,494.0,1.853717207993e-02,3.225467941908e+00,3.973718253192e-02,14.008029287
174.0,496.0,1.976262113856e-02,3.438696078109e+00,3.210652244321e-02,14.934067317
174.0,498.0,2.124879719143e-02,3.697290711309e+00,2.479060046139e-02,16.057129539
174.0,500.0,2.268568179718e-02,3.947308632709e+00,1.930659304785e-02,17.142943576
174.0,502.0,2.434325706370e-02,4.235726729084e+00,1.446929112128e-02,18.395527453
174.0,504.0,2.613150562929e-02,4.546881979496e+00,1.060020456467e-02,19.746857536
174.0,506.0,2.854041064458e-02,4.966031452157e+00,6.970756997413e-03,21.567200566
174.0,508.0,3.153995575512e-02,5.487952301391e+00,4.136305415109e-03,23.833874014
174.0,510.0,3.480012508463e-02,6.055221764726e+00,2.345581895665e-03,26.297493991
174.0,512.0,3.746090321893e-02,6.518197160094e+00,1.476328288143e-03,28.308170586
174.0,514.0,3.912227519045e-02,6.807275883138e+00,1.105700859436e-03,29.563623528
174.0,516.0,3.992422646334e-02,6.946815404621e+00,9.616928850088e-04,30.169635970
174.0,518.0,4.046674291916e-02,7.041213267934e+00,8.750642305711e-04,30.579600682
174.0,520.0,4.082981084306e-02,7.104387086692e+00,8.214930450416e-04,30.853961091
174.0,522.0,4.125341691052e-02,7.178094542430e+00,7.631205515046e-04,31.174068504
174.0,524.0,4.177754817459e-02,7.269293382379e+00,6.966040525894e-04,31.570140033
174.0,526.0,4.246219205357e-02,7.388421417321e+00,6.183713337244e-04,32.087506515
174.0,528.0,4.317733631914e-02,7.512856519530e+00,5.460191445638e-04,32.627921298
174.0,530.0,4.395296908500e-02,7.647816620790e+00,4.770846493885e-04,33.214045570
174.0,532.0,4.480907879581e-02,7.796779710471e+00,4.110565710547e-04,33.860984049
174.0,534.0,4.584565421664e-02,7.977143833695e+00,3.432183124926e-04,34.644295483
174.0,536.0,4.687268442274e-02,8.155847089557e+00,2.870520242246e-04,35.420393862
174.0,538.0,4.789015878967e-02,8.332887629403e+00,2.404766339185e-04,36.189271158
174.0,540.0,4.895806698389e-02,8.518703655197e+00,1.996981352791e-04,36.996259904
174.0,542.0,5.021639895350e-02,8.737653417909e+00,1.604299085056e-04,37.947146642
174.0,544.0,5.177514491951e-02,9.008875215995e+00,1.223193615339e-04,39.125047945
174.0,546.0,5.359429536727e-02,9.325407393905e+00,8.913064048305e-05,40.499729727
174.0,548.0,5.558384103828e-02,9.671588340661e+00,6.304963146706e-05,42.003174476
174.0,550.0,5.760377292229e-02,1.002305648848e+01,4.436514193267e-05,43.529581248
176.0,350.0,9.889596205244e-03,1.740568932123e+00,1.754205698240e-01,7.559194826
176.0,352.0,9.716301458359e-03,1.710069056671e+00,1.808533030588e-01,7.426735550
176.0,354.0,9.530050616577e-03,1.677288908518e+00,1.868799384837e-01,7.284373175
176.0,356.0,9.330572014292e-03,1.642180674515e+00,1.935574958418e-01,7.131900052
176.0,358.0,9.137606428434e-03,1.608218731404e+00,2.002439849066e-01,6.984405207
176.0,360.0,9.010906417364e-03,1.585919529456e+00,2.047594242027e-01,6.887561004
176.0,362.0,8.910235699738e-03,1.568201483154e+00,2.084196918021e-01,6.810612506
176.0,364.0,8.775368570623e-03,1.544464868430e+00,2.134260516876e-01,6.707525699
176.0,366.0,8.606089352376e-03,1.514671726018e+00,2.198803540008e-01,6.578135725
176.0,368.0,8.442191877956e-03,1.485825770520e+00,2.263153789251e-01,6.452859332
176.0,370.0,8.293479004540e-03,1.459652304799e+00,2.323170362073e-01,6.339189415
176.0,372.0,8.159762155435e-03,1.436118139357e+00,2.378492666495e-01,6.236981833
176.0,374.0,8.020860888458e-03,1.411671516369e+00,2.437355345335e-01,6.130811498
176.0,376.0,7.906602489062e-03,1.391562038075e+00,2.486865432314e-01,6.043477144
176.0,378.0,7.796821586622e-03,1.372240599245e+00,2.535382450595e-01,5.959565201
176.0,380.0,7.711359792400e-03,1.357199323462e+00,2.573806083066e-01,5.894241770
176.0,382.0,7.610065357832e-03,1.339371502978e+00,2.620102895296e-01,5.816816530
176.0,384.0,7.512792851830e-03,1.322251541922e+00,2.665345122400e-01,5.742465483
176.0,386.0,7.419402855952e-03,1.305814902648e+00,2.709516458427e-01,5.671082066
176.0,388.0,7.359761676293e-03,1.295318055028e+00,2.738107635908e-01,5.625494836
176.0,390.0,7.313741071094e-03,1.287218428513e+00,2.760375343437e-01,5.590318605
176.0,392.0,7.241217993107e-03,1.274454366787e+00,2.795834766415e-01,5.534884989
176.0,394.0,7.222074345802e-03,1.271085084861e+00,2.805270609041e-01,5.520252384
176.0,396.0,7.216196752604e-03,1.270050628458e+00,2.808174040662e-01,5.515759797
176.0,398.0,7.223476338366e-03,1.271331835552e+00,2.804578491973e-01,5.521324008
176.0,400.0,7.253808522356e-03,1.276670299935e+00,2.789646242690e-01,5.544508665
176.0,402.0,7.297092822081e-03,1.284288336686e+00,2.768475357766e-01,5.577593378
176.0,404.0,7.303232667298e-03,1.285368949444e+00,2.765485323799e-01,5.582286420
176.0,406.0,7.292135223641e-03,1.283415799361e+00,2.770892010006e-01,5.573803996
176.0,408.0,7.213711225286e-03,1.269613175650e+00,2.809402753014e-01,5.513859963
176.0,410.0,7.187874816150e-03,1.265065967642e+00,2.822206780937e-01,5.494111690
176.0,412.0,7.144543399123e-03,1.257439638246e+00,2.843812139549e-01,5.460990962
176.0,414.0,7.143637492892e-03,1.257280198749e+00,2.844265591673e-01,5.460298525
176.0,416.0,7.135080595916e-03,1.255774184881e+00,2.848552322226e-01,5.453757990
176.0,418.0,7.168799057154e-03,1.261708634059e+00,2.831697793875e-01,5.479530975
176.0,420.0,7.204721953181e-03,1.268031063760e+00,2.813851060447e-01,5.506988939
176.0,422.0,7.222780971318e-03,1.271209450952e+00,2.804921750196e-01,5.520792499
176.0,424.0,7.232910298468e-03,1.272992212530e+00,2.799925698177e-01,5.528534934
176.0,426.0,7.285046515327e-03,1.282168186698e+00,2.774351167362e-01,5.568385684
176.0,428.0,7.349128495696e-03,1.293446615242e+00,2.743236637285e-01,5.617367276
176.0,430.0,7.455097310597e-03,1.312097126665e+00,2.692548024614e-01,5.698365418
176.0,432.0,7.572896136960e-03,1.332829720105e+00,2.637299225546e-01,5.788405928
176.0,434.0,7.722470170618e-03,1.359154750029e+00,2.568778111791e-01,5.902734080
176.0,436.0,7.903766543389e-03,1.391062911636e+00,2.488107002425e-01,6.041309465
176.0,438.0,8.216734244034e-03,1.446145226950e+00,2.354762483324e-01,6.280528921
176.0,440.0,8.571324042880e-03,1.508553031547e+00,2.212298591016e-01,6.551562573
176.0,442.0,9.027488419921e-03,1.588837961906e+00,2.041627188004e-01,6.900235595
176.0,444.0,9.485181496220e-03,1.669391943335e+00,1.883615653293e-01,7.250077091
176.0,446.0,1.007435896844e-02,1.773087178445e+00,1.698079513529e-01,7.700419775
176.0,448.0,1.061497804633e-02,1.868236136154e+00,1.543957548670e-01,8.113646448
176.0,450.0,1.112699739305e-02,1.958351541177e+00,1.410908117185e-01,8.505012680
176.0,452.0,1.141037706817e-02,2.008226363998e+00,1.342265326805e-01,8.721616283
176.0,454.0,1.156507847319e-02,2.035453811281e+00,1.306211916812e-01,8.839863584
176.0,456.0,1.165106429946e-02,2.050587316705e+00,1.286593176270e-01,8.905587563
176.0,458.0,1.175829847849e-02,2.069460532214e+00,1.262538732342e-01,8.987552897
176.0,460.0,1.186674613428e-02,2.088547319633e+00,1.238669442618e-01,9.070445761
176.0,462.0,1.205637353789e-02,2.121921742669e+00,1.198011801115e-01,9.215389039
176.0,464.0,1.222714806386e-02,2.151978059239e+00,1.162539729436e-01,9.345921963
176.0,466.0,1.241903814858e-02,2.185750714150e+00,1.123933267148e-01,9.492594740
176.0,468.0,1.257201325038e-02,2.212674332067e+00,1.094076644963e-01,9.609522527
176.0,470.0,1.283604381141e-02,2.259143710808e+00,1.044398772145e-01,9.811336474
176.0,472.0,1.314110122105e-02,2.312833814905e+00,9.898036172838e-02,10.044509634
176.0,474.0,1.344715778091e-02,2.366699769440e+00,9.378974386184e-02,10.278446502
176.0,476.0,1.378418667130e-02,2.426016854149e+00,8.838819542701e-02,10.536057328
176.0,478.0,1.413216191905e-02,2.487260497753e+00,8.313741001358e-02,10.802035092
176.0,480.0,1.446105836676e-02,2.545146272550e+00,7.846157436677e-02,11.053429818
176.0,482.0,1.482085164323e-02,2.608469889208e+00,7.364714588691e-02,11.328440791
176.0,484.0,1.518151813511e-02,2.671947191779e+00,6.911750914719e-02,11.604119213
176.0,486.0,1.556303495983e-02,2.739094152930e+00,6.462886425259e-02,11.895734760
176.0,488.0,1.607537993942e-02,2.829266869338e+00,5.905613366494e-02,12.287349892
176.0,490.0,1.672853157561e-02,2.944221557307e+00,5.264302344721e-02,12.786591758
176.0,492.0,1.754246902578e-02,3.087474548537e+00,4.561701260773e-02,13.408731594
176.0,494.0,1.853717207993e-02,3.262542286068e+00,3.829092767935e-02,14.169041118
176.0,496.0,1.976262113856e-02,3.478221320387e+00,3.086225630833e-02,15.105723263
176.0,498.0,2.124879719143e-02,3.739788305692e+00,2.375913227204e-02,16.241694246
176.0,500.0,2.268568179718e-02,3.992679996304e+00,1.845020133104e-02,17.339988904
176.0,502.0,2.434325706370e-02,4.284413243211e+00,1.378170565871e-02,18.606970297
176.0,504.0,2.613150562929e-02,4.599144990755e+00,1.006043383232e-02,19.973832910
176.0,506.0,2.854041064458e-02,5.023112273446e+00,6.584003569591e-03,21.815099423
176.0,508.0,3.153995575512e-02,5.551032212901e+00,3.883446630216e-03,24.107826589
176.0,510.0,3.480012508463e-02,6.124822014895e+00,2.187880493670e-03,26.599764037
176.0,512.0,3.746090321893e-02,6.593118966532e+00,1.369761055316e-03,28.633551857
176.0,514.0,3.912227519045e-02,6.885520433519e+00,1.022483881977e-03,29.903435293
176.0,516.0,3.992422646334e-02,7.026663857548e+00,8.878889691347e-04,30.516413395
176.0,518.0,4.046674291916e-02,7.122146753772e+00,8.070323903392e-04,30.931090345
176.0,520.0,4.082981084306e-02,7.186046708379e+00,7.570761551146e-04,31.208604321
176.0,522.0,4.125341691052e-02,7.260601376252e+00,7.026853302468e-04,31.532391130
176.0,524.0,4.177754817459e-02,7.352848478728e+00,6.407645541558e-04,31.933015206
176.0,526.0,4.246219205357e-02,7.473345801428e+00,5.680246164122e-04,32.456328429
176.0,528.0,4.317733631914e-02,7.599211192169e+00,5.008463491864e-04,33.002954876
176.0,530.0,4.395296908500e-02,7.735722558960e+00,4.369365539143e-04,33.595816209
176.0,532.0,4.480907879581e-02,7.886397868063e+00,3.758208961592e-04,34.250190762
176.0,534.0,4.584565421664e-02,8.068835142129e+00,3.131478414220e-04,35.042505776
176.0,536.0,4.687268442274e-02,8.249592458402e+00,2.613650527307e-04,35.827524826
176.0,538.0,4.789015878967e-02,8.428667946982e+00,2.185123666736e-04,36.605239792
176.0,540.0,4.895806698389e-02,8.616619789165e+00,1.810712805256e-04,37.421504271
176.0,542.0,5.021639895350e-02,8.838086215816e+00,1.451001715458e-04,38.383320741
176.0,544.0,5.177514491951e-02,9.112425505834e+00,1.102868889629e-04,39.574761139
176.0,546.0,5.359429536727e-02,9.432595984640e+00,8.007106663881e-05,40.965243862
176.0,548.0,5.558384103828e-02,9.782756022737e+00,5.641609754400e-05,42.485969585
176.0,550.0,5.760377292229e-02,1.013826403432e+01,3.953737881812e-05,44.029921262
178.0,350.0,9.889596205244e-03,1.760348124533e+00,1.719849812090e-01,7.645094767
178.0,352.0,9.716301458359e-03,1.729501659588e+00,1.773727799731e-01,7.511130272
178.0,354.0,9.530050616577e-03,1.696349009751e+00,1.833517188619e-01,7.367150143
178.0,356.0,9.330572014292e-03,1.660841818544e+00,1.899789849350e-01,7.212944371
178.0,358.0,9.137606428434e-03,1.626493944261e+00,1.966177197682e-01,7.063773448
178.0,360.0,9.010906417364e-03,1.603941342291e+00,2.011023408001e-01,6.965828743
178.0,362.0,8.910235699738e-03,1.586021954553e+00,2.047384527728e-01,6.888005830
178.0,364.0,8.775368570623e-03,1.562015605571e+00,2.097129463347e-01,6.783747581
178.0,366.0,8.606089352376e-03,1.531883904723e+00,2.161281187615e-01,6.652887267
178.0,368.0,8.442191877956e-03,1.502710154276e+00,2.225262616894e-01,6.526187279
178.0,370.0,8.293479004540e-03,1.476239262808e+00,2.284953856810e-01,6.411225658
178.0,372.0,8.159762155435e-03,1.452437663667e+00,2.339991809914e-01,6.307856626
178.0,374.0,8.020860888458e-03,1.427713238146e+00,2.398567909425e-01,6.200479811
178.0,376.0,7.906602489062e-03,1.407375243053e+00,2.447849416624e-01,6.112153020
178.0,378.0,7.796821586622e-03,1.387834242419e+00,2.496153259275e-01,6.027287533
178.0,380.0,7.711359792400e-03,1.372622043047e+00,2.534415529099e-01,5.961221790
178.0,382.0,7.610065357832e-03,1.354591633694e+00,2.580526529465e-01,5.882916717
178.0,384.0,7.512792851830e-03,1.337277127626e+00,2.625596124656e-01,5.807720773
178.0,386.0,7.419402855952e-03,1.320653708359e+00,2.669607304515e-01,5.735526180
178.0,388.0,7.359761676293e-03,1.310037578380e+00,2.698099171745e-01,5.689420914
178.0,390.0,7.313741071094e-03,1.301845910655e+00,2.720291877185e-01,5.653844953
178.0,392.0,7.241217993107e-03,1.288936802773e+00,2.755636058596e-01,5.597781410
178.0,394.0,7.222074345802e-03,1.285529233553e+00,2.765042095972e-01,5.582982525
178.0,396.0,7.216196752604e-03,1.284483021964e+00,2.767936428836e-01,5.578438885
178.0,398.0,7.223476338366e-03,1.285778788229e+00,2.764352152879e-01,5.584066327
178.0,400.0,7.253808522356e-03,1.291177916979e+00,2.749467278530e-01,5.607514445
178.0,402.0,7.297092822081e-03,1.298882522330e+00,2.728365114533e-01,5.640975121
178.0,404.0,7.303232667298e-03,1.299975414779e+00,2.725384933707e-01,5.645721492
178.0,406.0,7.292135223641e-03,1.298000069808e+00,2.730773829842e-01,5.637142678
178.0,408.0,7.213711225286e-03,1.284040598101e+00,2.769161300898e-01,5.576517463
178.0,410.0,7.187874816150e-03,1.279441717275e+00,2.781925672124e-01,5.556544777
178.0,412.0,7.144543399123e-03,1.271728725044e+00,2.803465605103e-01,5.523047678
178.0,414.0,7.143637492892e-03,1.271567473735e+00,2.803917704051e-01,5.522347372
178.0,416.0,7.135080595916e-03,1.270044346073e+00,2.808191682749e-01,5.515732513
178.0,418.0,7.168799057154e-03,1.276046232173e+00,2.791387714317e-01,5.541798373
178.0,420.0,7.204721953181e-03,1.282440507666e+00,2.773595756226e-01,5.569568358
178.0,422.0,7.222780971318e-03,1.285655012895e+00,2.764694332668e-01,5.583528777
178.0,424.0,7.232910298468e-03,1.287458033127e+00,2.759714023997e-01,5.591359195
178.0,426.0,7.285046515327e-03,1.296738279728e+00,2.734221667938e-01,5.631662794
178.0,428.0,7.349128495696e-03,1.308144872234e+00,2.703210716431e-01,5.681200995
178.0,430.0,7.455097310597e-03,1.327007321286e+00,2.652699422981e-01,5.763119571
178.0,432.0,7.572896136960e-03,1.347975512379e+00,2.597656209578e-01,5.854183268
178.0,434.0,7.722470170618e-03,1.374599690370e+00,2.529408301910e-01,5.969810604
178.0,436.0,7.903766543389e-03,1.406870444723e+00,2.449085398856e-01,6.109960709
178.0,438.0,8.216734244034e-03,1.462578695438e+00,2.316381795916e-01,6.351898568
178.0,440.0,8.571324042880e-03,1.525695679633e+00,2.174697149772e-01,6.626012147
178.0,442.0,9.027488419921e-03,1.606892938746e+00,2.005096429765e-01,6.978647363
178.0,444.0,9.485181496220e-03,1.688362306327e+00,1.848219580295e-01,7.332464331
178.0,446.0,1.007435896844e-02,1.793235896382e+00,1.664207770380e-01,7.787924545
178.0,448.0,1.061497804633e-02,1.889466092247e+00,1.511524887823e-01,8.205846976
178.0,450.0,1.112699739305e-02,1.980605535963e+00,1.379856567304e-01,8.601660551
178.0,452.0,1.141037706817e-02,2.031047118134e+00,1.311980693193e-01,8.820725559
178.0,454.0,1.156507847319e-02,2.058583968228e+00,1.276345766079e-01,8.940316579
178.0,456.0,1.165106429946e-02,2.073889445304e+00,1.256959422284e-01,9.006787422
178.0,458.0,1.175829847849e-02,2.092977129171e+00,1.233194508317e-01,9.089684179
178.0,460.0,1.186674613428e-02,2.112280811902e+00,1.209617605432e-01,9.173519008
178.0,462.0,1.205637353789e-02,2.146034489744e+00,1.169469939801e-01,9.320109369
178.0,464.0,1.222714806386e-02,2.176432355367e+00,1.134455429081e-01,9.452125622
178.0,466.0,1.241903814858e-02,2.210588790447e+00,1.096360768331e-01,9.600465134
178.0,468.0,1.257201325038e-02,2.237818358568e+00,1.066910121954e-01,9.718721646
178.0,470.0,1.283604381141e-02,2.284815798431e+00,1.017928107749e-01,9.922828934
178.0,472.0,1.314110122105e-02,2.339116017347e+00,9.641282783922e-02,10.158651789
178.0,474.0,1.344715778091e-02,2.393594085002e+00,9.130095010737e-02,10.395247030
178.0,476.0,1.378418667130e-02,2.453585227491e+00,8.598475830120e-02,10.655785252
178.0,478.0,1.413216191905e-02,2.515524821591e+00,8.082048473887e-02,10.924785491
178.0,480.0,1.446105836676e-02,2.574068389283e+00,7.622480157321e-02,11.179036975
178.0,482.0,1.482085164323e-02,2.638111592495e+00,7.149615603362e-02,11.457173073
178.0,484.0,1.518151813511e-02,2.702310228050e+00,6.705043188418e-02,11.735984204
178.0,486.0,1.556303495983e-02,2.770220222850e+00,6.264820665628e-02,12.030913564
178.0,488.0,1.607537993942e-02,2.861417629217e+00,5.718763191625e-02,12.426978868
178.0,490.0,1.672853157561e-02,2.977678620459e+00,5.091088027253e-02,12.931893937
178.0,492.0,1.754246902578e-02,3.122559486589e+00,4.404429325218e-02,13.561103544
178.0,494.0,1.853717207993e-02,3.299616630228e+00,3.689731000348e-02,14.330052949
178.0,496.0,1.976262113856e-02,3.517746562664e+00,2.966621084938e-02,15.277379209
178.0,498.0,2.124879719143e-02,3.782285900075e+00,2.277058061581e-02,16.426258954
178.0,500.0,2.268568179718e-02,4.038051359898e+00,1.763179698832e-02,17.537034232
178.0,502.0,2.434325706370e-02,4.333099757339e+00,1.312679448296e-02,18.818413141
178.0,504.0,2.613150562929e-02,4.651408002014e+00,9.548148649118e-03,20.200808284
178.0,506.0,2.854041064458e-02,5.080193094735e+00,6.218708100207e-03,22.062998280
178.0,508.0,3.153995575512e-02,5.614112124411e+00,3.646045496218e-03,24.381779164
178.0,510.0,3.480012508463e-02,6.194422265064e+00,2.040781890169e-03,26.902034083
178.0,512.0,3.746090321893e-02,6.668040772970e+00,1.270886268135e-03,28.958933128
178.0,514.0,3.912227519045e-02,6.963764983900e+00,9.455299595552e-04,30.243247058
178.0,516.0,3.992422646334e-02,7.106512310475e+00,8.197490423399e-04,30.863190820
178.0,518.0,4.046674291916e-02,7.203080239610e+00,7.442896833202e-04,31.282580008
178.0,520.0,4.082981084306e-02,7.267706330065e+00,6.977104774078e-04,31.563247552
178.0,522.0,4.125341691052e-02,7.343108210073e+00,6.470362675603e-04,31.890713757
178.0,524.0,4.177754817459e-02,7.436403575077e+00,5.894011272779e-04,32.295890379
178.0,526.0,4.246219205357e-02,7.558270185535e+00,5.217770411622e-04,32.825150343
178.0,528.0,4.317733631914e-02,7.685565864807e+00,4.594107514191e-04,33.377988454
178.0,530.0,4.395296908500e-02,7.823628497130e+00,4.001670403589e-04,33.977586848
178.0,532.0,4.480907879581e-02,7.976016025654e+00,3.436056152258e-04,34.639397475
178.0,534.0,4.584565421664e-02,8.160526450562e+00,2.857119419855e-04,35.440716069
178.0,536.0,4.687268442274e-02,8.343337827248e+00,2.379766907182e-04,36.234655790
178.0,538.0,4.789015878967e-02,8.524448264561e+00,1.985542362734e-04,37.021208426
178.0,540.0,4.895806698389e-02,8.714535923132e+00,1.641818466925e-04,37.846748638
178.0,542.0,5.021639895350e-02,8.938519013723e+00,1.312352539419e-04,38.819494840
178.0,544.0,5.177514491951e-02,9.215975795673e+00,9.943804255172e-05,40.024474334
178.0,546.0,5.359429536727e-02,9.539784575374e+00,7.193234198620e-05,41.430757996
178.0,548.0,5.558384103828e-02,9.893923704814e+00,5.048048637298e-05,42.968764694
178.0,550.0,5.760377292229e-02,1.025347158017e+01,3.523496726732e-05,44.530261276
180.0,350.0,9.889596205244e-03,1.780127316944e+00,1.686166781418e-01,7.730994708
180.0,352.0,9.716301458359e-03,1.748934262505e+00,1.739592395787e-01,7.595524994
180.0,354.0,9.530050616577e-03,1.715409110984e+00,1.798901106366e-01,7.449927111
180.0,356.0,9.330572014292e-03,1.679502962573e+00,1.864666339063e-01,7.293988690
180.0,358.0,9.137606428434e-03,1.644769157118e+00,1.930571235131e-01,7.143141689
180.0,360.0,9.010906417364e-03,1.621963155126e+00,1.975105743374e-01,7.044096481
180.0,362.0,8.910235699738e-03,1.603842425953e+00,2.011222340911e-01,6.965399154
180.0,364.0,8.775368570623e-03,1.579566342712e+00,2.060644401778e-01,6.859969464
180.0,366.0,8.606089352376e-03,1.549096083428e+00,2.124399150241e-01,6.727638810
180.0,368.0,8.442191877956e-03,1.519594538032e+00,2.188005842848e-01,6.599515226
180.0,370.0,8.293479004540e-03,1.492826220817e+00,2.247366018861e-01,6.483261901
180.0,372.0,8.159762155435e-03,1.468757187978e+00,2.302114169867e-01,6.378731420
180.0,374.0,8.020860888458e-03,1.443754959922e+00,2.360397726631e-01,6.270148123
180.0,376.0,7.906602489062e-03,1.423188448031e+00,2.409445516676e-01,6.180828897
180.0,378.0,7.796821586622e-03,1.403427885592e+00,2.457531049143e-01,6.095009865
180.0,380.0,7.711359792400e-03,1.388044762632e+00,2.495627823868e-01,6.028201810
180.0,382.0,7.610065357832e-03,1.369811764410e+00,2.541547960284e-01,5.949016905
180.0,384.0,7.512792851830e-03,1.352302713329e+00,2.586439914242e-01,5.872976063
180.0,386.0,7.419402855952e-03,1.335492514071e+00,2.630285982635e-01,5.799970295
180.0,388.0,7.359761676293e-03,1.324757101733e+00,2.658675300089e-01,5.753346991
180.0,390.0,7.313741071094e-03,1.316473392797e+00,2.680790463758e-01,5.717371301
180.0,392.0,7.241217993107e-03,1.303419238759e+00,2.716015330609e-01,5.660677830
180.0,394.0,7.222074345802e-03,1.299973382244e+00,2.725390473152e-01,5.645712665
180.0,396.0,7.216196752604e-03,1.298915415469e+00,2.728275371518e-01,5.641117974
180.0,398.0,7.223476338366e-03,1.300225740906e+00,2.724702784036e-01,5.646808645
180.0,400.0,7.253808522356e-03,1.305685534024e+00,2.709867007516e-01,5.670520225
180.0,402.0,7.297092822081e-03,1.313476707975e+00,2.688835996795e-01,5.704356864
180.0,404.0,7.303232667298e-03,1.314581880114e+00,2.685866011639e-01,5.709156565
180.0,406.0,7.292135223641e-03,1.312584340255e+00,2.691236498146e-01,5.700481360
180.0,408.0,7.213711225286e-03,1.298468020551e+00,2.729496261141e-01,5.639174963
180.0,410.0,7.187874816150e-03,1.293817466907e+00,2.742219492029e-01,5.618977865
180.0,412.0,7.144543399123e-03,1.286017811842e+00,2.763691486400e-01,5.585104393
180.0,414.0,7.143637492892e-03,1.285854748721e+00,2.764142179306e-01,5.584396219
180.0,416.0,7.135080595916e-03,1.284314507265e+00,2.768402906112e-01,5.577707035
180.0,418.0,7.168799057154e-03,1.290383830288e+00,2.751651461005e-01,5.604065770
180.0,420.0,7.204721953181e-03,1.296849951573e+00,2.733916349409e-01,5.632147778
180.0,422.0,7.222780971318e-03,1.300100574837e+00,2.725043845716e-01,5.646265056
180.0,424.0,7.232910298468e-03,1.301923853724e+00,2.720079857549e-01,5.654183455
180.0,426.0,7.285046515327e-03,1.311308372759e+00,2.694672620167e-01,5.694939904
180.0,428.0,7.349128495696e-03,1.322843129225e+00,2.663768804378e-01,5.745034714
180.0,430.0,7.455097310597e-03,1.341917515907e+00,2.613440564239e-01,5.827873723
180.0,432.0,7.572896136960e-03,1.363121304653e+00,2.558609094407e-01,5.919960608
180.0,434.0,7.722470170618e-03,1.390044630711e+00,2.490641884717e-01,6.036887127
180.0,436.0,7.903766543389e-03,1.422677977810e+00,2.410675780841e-01,6.178611953
180.0,438.0,8.216734244034e-03,1.479012163926e+00,2.278626682075e-01,6.423268215
180.0,440.0,8.571324042880e-03,1.542838327718e+00,2.137734803263e-01,6.700461722
180.0,442.0,9.027488419921e-03,1.624947915586e+00,1.969219315005e-01,7.057059131
180.0,444.0,9.485181496220e-03,1.707332669320e+00,1.813488654659e-01,7.414851571
180.0,446.0,1.007435896844e-02,1.813384614319e+00,1.631011669905e-01,7.875429316
180.0,448.0,1.061497804633e-02,1.910696048339e+00,1.479773513512e-01,8.298047504
180.0,450.0,1.112699739305e-02,2.002859530749e+00,1.349488406184e-01,8.698308422
180.0,452.0,1.141037706817e-02,2.053867872271e+00,1.282379351488e-01,8.919834835
180.0,454.0,1.156507847319e-02,2.081714125174e+00,1.247162496086e-01,9.040769575
180.0,456.0,1.165106429946e-02,2.097191573903e+00,1.228008214569e-01,9.107987280
180.0,458.0,1.175829847849e-02,2.116493726128e+00,1.204532309692e-01,9.191815462
180.0,460.0,1.186674613428e-02,2.136014304170e+00,1.181247152007e-01,9.276592256
180.0,462.0,1.205637353789e-02,2.170147236820e+00,1.141608069991e-01,9.424829699
180.0,464.0,1.222714806386e-02,2.200886651495e+00,1.107049581175e-01,9.558329280
180.0,466.0,1.241903814858e-02,2.235426866744e+00,1.069464682174e-01,9.708335529
180.0,468.0,1.257201325038e-02,2.262962385068e+00,1.040418158606e-01,9.827920766
180.0,470.0,1.283604381141e-02,2.310487886054e+00,9.921283519112e-02,10.034321394
180.0,472.0,1.314110122105e-02,2.365398219789e+00,9.391189534611e-02,10.272793944
180.0,474.0,1.344715778091e-02,2.420488400564e+00,8.887819869502e-02,10.512047559
180.0,476.0,1.378418667130e-02,2.481153600834e+00,8.364667503842e-02,10.775513176
180.0,478.0,1.413216191905e-02,2.543789145429e+00,7.856812898501e-02,11.047535890
180.0,480.0,1.446105836676e-02,2.602990506017e+00,7.405179441997e-02,11.304644132
180.0,482.0,1.482085164323e-02,2.667753295781e+00,6.940798948859e-02,11.585905354
180.0,484.0,1.518151813511e-02,2.732673264320e+00,6.504517410025e-02,11.867849195
180.0,486.0,1.556303495983e-02,2.801346292769e+00,6.072824956212e-02,12.166092368
180.0,488.0,1.607537993942e-02,2.893568389096e+00,5.537824847702e-02,12.566607844
180.0,490.0,1.672853157561e-02,3.011135683610e+00,4.923573078441e-02,13.077196117
180.0,492.0,1.754246902578e-02,3.157644424640e+00,4.252579590789e-02,13.713475494
180.0,494.0,1.853717207993e-02,3.336690974387e+00,3.555441374766e-02,14.491064780
180.0,496.0,1.976262113856e-02,3.557271804941e+00,2.851651730734e-02,15.449035155
180.0,498.0,2.124879719143e-02,3.824783494457e+00,2.182315985467e-02,16.610823661
180.0,500.0,2.268568179718e-02,4.083422723492e+00,1.684969499571e-02,17.734079561
180.0,502.0,2.434325706370e-02,4.381786271466e+00,1.250300490122e-02,19.029855986
180.0,504.0,2.613150562929e-02,4.703671013272e+00,9.061949429333e-03,20.427783658
180.0,506.0,2.854041064458e-02,5.137273916024e+00,5.873680052999e-03,22.310897138
180.0,508.0,3.153995575512e-02,5.677192035922e+00,3.423157062867e-03,24.655731739
180.0,510.0,3.480012508463e-02,6.264022515233e+00,1.903573223168e-03,27.204304129
180.0,512.0,3.746090321893e-02,6.742962579407e+00,1.179148655356e-03,29.284314399
180.0,514.0,3.912227519045e-02,7.042009534281e+00,8.743677237119e-04,30.583058822
180.0,516.0,3.992422646334e-02,7.186360763401e+00,7.568384288771e-04,31.209968245
180.0,518.0,4.046674291916e-02,7.284013725449e+00,6.864249060240e-04,31.634069671
180.0,520.0,4.082981084306e-02,7.349365951751e+00,6.429999241105e-04,31.917890783
180.0,522.0,4.125341691052e-02,7.425615043894e+00,5.957943243120e-04,32.249036383
180.0,524.0,4.177754817459e-02,7.519958671426e+00,5.421549718744e-04,32.658765551
180.0,526.0,4.246219205357e-02,7.643194569643e+00,4.792948629649e-04,33.193972257
180.0,528.0,4.317733631914e-02,7.771920537445e+00,4.214031685813e-04,33.753022032
180.0,530.0,4.395296908500e-02,7.911534435300e+00,3.664917909822e-04,34.359357486
180.0,532.0,4.480907879581e-02,8.065634183246e+00,3.141518207777e-04,35.028604188
180.0,534.0,4.584565421664e-02,8.252217758995e+00,2.606797908057e-04,35.838926362
180.0,536.0,4.687268442274e-02,8.437083196093e+00,2.166812461479e-04,36.641786754
180.0,538.0,4.789015878967e-02,8.620228582141e+00,1.804190094239e-04,37.437177060
180.0,540.0,4.895806698389e-02,8.812452057100e+00,1.488677757462e-04,38.271993004
180.0,542.0,5.021639895350e-02,9.038951811630e+00,1.186951861857e-04,39.255668940
180.0,544.0,5.177514491951e-02,9.319526085512e+00,8.965638979848e-05,40.474187529
180.0,546.0,5.359429536727e-02,9.646973166109e+00,6.462086794673e-05,41.896272131
180.0,548.0,5.558384103828e-02,1.000509138689e+01,4.516936859138e-05,43.451559803
180.0,550.0,5.760377292229e-02,1.036867912601e+01,3.140073913449e-05,45.030601291
182.0,350.0,9.889596205244e-03,1.799906509354e+00,1.653143428438e-01,7.816894650
182.0,352.0,9.716301458359e-03,1.768366865421e+00,1.706113927930e-01,7.679919716
182.0,354.0,9.530050616577e-03,1.734469212217e+00,1.764938562111e-01,7.532704079
182.0,356.0,9.330572014292e-03,1.698164106601e+00,1.830192195849e-01,7.375033009
182.0,358.0,9.137606428434e-03,1.663044369975e+00,1.895610069279e-01,7.222509930
182.0,360.0,9.010906417364e-03,1.639984967960e+00,1.939829582285e-01,7.122364220
182.0,362.0,8.910235699738e-03,1.621662897352e+00,1.975698873268e-01,7.042792478
182.0,364.0,8.775368570623e-03,1.597117079853e+00,2.024794093448e-01,6.936191347
182.0,366.0,8.606089352376e-03,1.566308262132e+00,2.088146500976e-01,6.802390352
182.0,368.0,8.442191877956e-03,1.536478921788e+00,2.151372845610e-01,6.672843173
182.0,370.0,8.293479004540e-03,1.509413178826e+00,2.210396506556e-01,6.555298145
182.0,372.0,8.159762155435e-03,1.485076712289e+00,2.264849658299e-01,6.449606214
182.0,374.0,8.020860888458e-03,1.459796681699e+00,2.322834974149e-01,6.339816436
182.0,376.0,7.906602489062e-03,1.439001653009e+00,2.371644129089e-01,6.249504774
182.0,378.0,7.796821586622e-03,1.419021528765e+00,2.419506428566e-01,6.162732196
182.0,380.0,7.711359792400e-03,1.403467482217e+00,2.457433741135e-01,6.095181831
182.0,382.0,7.610065357832e-03,1.385031895125e+00,2.503158158100e-01,6.015117093
182.0,384.0,7.512792851830e-03,1.367328299033e+00,2.547867650765e-01,5.938231352
182.0,386.0,7.419402855952e-03,1.350331319783e+00,2.591543834461e-01,5.864414409
182.0,388.0,7.359761676293e-03,1.339476625085e+00,2.619827479036e-01,5.817273069
182.0,390.0,7.313741071094e-03,1.331100874939e+00,2.641862651155e-01,5.780897648
182.0,392.0,7.241217993107e-03,1.317901674745e+00,2.676964272221e-01,5.723574250
182.0,394.0,7.222074345802e-03,1.314417530936e+00,2.686307467785e-01,5.708442806
182.0,396.0,7.216196752604e-03,1.313347808974e+00,2.689182607406e-01,5.703797063
182.0,398.0,7.223476338366e-03,1.314672693583e+00,2.685622109905e-01,5.709550963
182.0,400.0,7.253808522356e-03,1.320193151069e+00,2.670837094795e-01,5.733526006
182.0,402.0,7.297092822081e-03,1.328070893619e+00,2.649879585085e-01,5.767738607
182.0,404.0,7.303232667298e-03,1.329188345448e+00,2.646920126129e-01,5.772591638
182.0,406.0,7.292135223641e-03,1.327168610703e+00,2.652271605142e-01,5.763820042
182.0,408.0,7.213711225286e-03,1.312895443002e+00,2.690399377302e-01,5.701832462
182.0,410.0,7.187874816150e-03,1.308193216539e+00,2.703080034746e-01,5.681410952
182.0,412.0,7.144543399123e-03,1.300306898640e+00,2.724481662304e-01,5.647161109
182.0,414.0,7.143637492892e-03,1.300142023706e+00,2.724930898071e-01,5.646445066
182.0,416.0,7.135080595916e-03,1.298584668457e+00,2.729177889689e-01,5.639681558
182.0,418.0,7.168799057154e-03,1.304721428402e+00,2.712480865348e-01,5.666333168
182.0,420.0,7.204721953181e-03,1.311259395479e+00,2.694804601134e-01,5.694727198
182.0,422.0,7.222780971318e-03,1.314546136780e+00,2.685962015160e-01,5.709001334
182.0,424.0,7.232910298468e-03,1.316389674321e+00,2.681014904844e-01,5.717007716
182.0,426.0,7.285046515327e-03,1.325878465790e+00,2.655695628129e-01,5.758217014
182.0,428.0,7.349128495696e-03,1.337541386217e+00,2.624902379991e-01,5.808868434
182.0,430.0,7.455097310597e-03,1.356827710529e+00,2.574762720433e-01,5.892627876
182.0,432.0,7.572896136960e-03,1.378267096927e+00,2.520148922651e-01,5.985737948
182.0,434.0,7.722470170618e-03,1.405489571052e+00,2.452469612448e-01,6.103963651
182.0,436.0,7.903766543389e-03,1.438485510897e+00,2.372868550460e-01,6.247263197
182.0,438.0,8.216734244034e-03,1.495445632414e+00,2.241486945467e-01,6.494637861
182.0,440.0,8.571324042880e-03,1.559980975804e+00,2.101400689086e-01,6.774911297
182.0,442.0,9.027488419921e-03,1.643002892426e+00,1.933984148106e-01,7.135470899
182.0,444.0,9.485181496220e-03,1.726303032312e+00,1.779410377230e-01,7.497238810
182.0,446.0,1.007435896844e-02,1.833533332256e+00,1.598477735001e-01,7.962934086
182.0,448.0,1.061497804633e-02,1.931926004432e+00,1.448689114504e-01,8.390248032
182.0,450.0,1.112699739305e-02,2.025113525535e+00,1.319788593667e-01,8.794956294
182.0,452.0,1.141037706817e-02,2.076688626407e+00,1.253445885030e-01,9.018944111
182.0,454.0,1.156507847319e-02,2.104844282121e+00,1.218646492964e-01,9.141222570
182.0,456.0,1.165106429946e-02,2.120493702502e+00,1.199723832222e-01,9.209187139
182.0,458.0,1.175829847849e-02,2.140010323085e+00,1.176536284671e-01,9.293946745
182.0,460.0,1.186674613428e-02,2.159747796439e+00,1.153542101123e-01,9.379665503
182.0,462.0,1.205637353789e-02,2.194259983896e+00,1.114409991326e-01,9.529550029
182.0,464.0,1.222714806386e-02,2.225340947623e+00,1.080305795858e-01,9.664532939
182.0,466.0,1.241903814858e-02,2.260264943042e+00,1.043228414821e-01,9.816205924
182.0,468.0,1.257201325038e-02,2.288106411569e+00,1.014584005236e-01,9.937119886
182.0,470.0,1.283604381141e-02,2.336159973677e+00,9.669825002107e-02,10.145813854
182.0,472.0,1.314110122105e-02,2.391680422231e+00,9.147583662007e-02,10.386936099
182.0,474.0,1.344715778091e-02,2.447382716126e+00,8.651973713288e-02,10.628848087
182.0,476.0,1.378418667130e-02,2.508721974177e+00,8.137216854729e-02,10.895241100
182.0,478.0,1.413216191905e-02,2.572053469267e+00,7.637854328824e-02,11.170286289
182.0,480.0,1.446105836676e-02,2.631912622750e+00,7.194073508411e-02,11.430251289
182.0,482.0,1.482085164323e-02,2.697394999068e+00,6.738081139052e-02,11.714637636
182.0,484.0,1.518151813511e-02,2.763036300590e+00,6.309988697822e-02,11.999714186
182.0,486.0,1.556303495983e-02,2.832472362689e+00,5.886713270363e-02,12.301271173
182.0,488.0,1.607537993942e-02,2.925719148974e+00,5.362611287828e-02,12.706236820
182.0,490.0,1.672853157561e-02,3.044592746761e+00,4.761569968733e-02,13.222498296
182.0,492.0,1.754246902578e-02,3.192729362692e+00,4.105965118444e-02,13.865847444
182.0,494.0,1.853717207993e-02,3.373765318547e+00,3.426039288014e-02,14.652076611
182.0,496.0,1.976262113856e-02,3.596797047218e+00,2.741137934564e-02,15.620691101
182.0,498.0,2.124879719143e-02,3.867281088840e+00,2.091515864606e-02,16.795388369
182.0,500.0,2.268568179718e-02,4.128794087087e+00,1.610228507261e-02,17.931124889
182.0,502.0,2.434325706370e-02,4.430472785593e+00,1.190885800511e-02,19.241298830
182.0,504.0,2.613150562929e-02,4.755934024531e+00,8.600507855245e-03,20.654759031
182.0,506.0,2.854041064458e-02,5.194354737314e+00,5.547794945360e-03,22.558795995
182.0,508.0,3.153995575512e-02,5.740271947432e+00,3.213894146194e-03,24.929684314
182.0,510.0,3.480012508463e-02,6.333622765403e+00,1.775589558796e-03,27.506574175
182.0,512.0,3.746090321893e-02,6.817884385845e+00,1.094033027415e-03,29.609695670
182.0,514.0,3.912227519045e-02,7.120254084662e+00,8.085612820020e-04,30.922870587
182.0,516.0,3.992422646334e-02,7.266209216328e+00,6.987558116447e-04,31.556745670
182.0,518.0,4.046674291916e-02,7.364947211287e+00,6.330588239624e-04,31.985559334
182.0,520.0,4.082981084306e-02,7.431025573437e+00,5.925794664030e-04,32.272534014
182.0,522.0,4.125341691052e-02,7.508121877715e+00,5.486104793180e-04,32.607359009
182.0,524.0,4.177754817459e-02,7.603513767775e+00,4.986960491331e-04,33.021640724
182.0,526.0,4.246219205357e-02,7.728118953750e+00,4.402715097485e-04,33.562794171
182.0,528.0,4.317733631914e-02,7.858275210083e+00,3.865399970327e-04,34.128055610
182.0,530.0,4.395296908500e-02,7.999440373470e+00,3.356504142291e-04,34.741128125
182.0,532.0,4.480907879581e-02,8.155252340837e+00,2.872227988273e-04,35.417810902
182.0,534.0,4.584565421664e-02,8.343909067428e+00,2.378407876907e-04,36.237136655
182.0,536.0,4.687268442274e-02,8.530828564939e+00,1.972914334194e-04,37.048917718
182.0,538.0,4.789015878967e-02,8.716008899720e+00,1.639401886982e-04,37.853145694
182.0,540.0,4.895806698389e-02,8.910368191068e+00,1.349821256252e-04,38.697237371
182.0,542.0,5.021639895350e-02,9.139384609537e+00,1.073533734304e-04,39.691843039
182.0,544.0,5.177514491951e-02,9.423076375351e+00,8.083695158739e-05,40.923900724
182.0,546.0,5.359429536727e-02,9.754161756843e+00,5.805255965376e-05,42.361786266
182.0,548.0,5.558384103828e-02,1.011625906897e+01,4.041704043558e-05,43.934354912
182.0,550.0,5.760377292229e-02,1.048388667186e+01,2.798374724493e-05,45.530941305
184.0,350.0,9.889596205244e-03,1.819685701765e+00,1.620766833450e-01,7.902794591
184.0,352.0,9.716301458359e-03,1.787799468338e+00,1.673279753423e-01,7.764314438
184.0,354.0,9.530050616577e-03,1.753529313450e+00,1.731617217312e-01,7.615481047
184.0,356.0,9.330572014292e-03,1.716825250630e+00,1.796355414144e-01,7.456077327
184.0,358.0,9.137606428434e-03,1.681319582832e+00,1.861282023354e-01,7.301878171
184.0,360.0,9.010906417364e-03,1.658006780795e+00,1.905183467231e-01,7.200631959
184.0,362.0,8.910235699738e-03,1.639483368752e+00,1.940802843341e-01,7.120185802
184.0,364.0,8.775368570623e-03,1.614667816995e+00,1.989567495160e-01,7.012413230
184.0,366.0,8.606089352376e-03,1.583520440837e+00,2.052512499378e-01,6.877141894
184.0,368.0,8.442191877956e-03,1.553363305544e+00,2.115353181509e-01,6.746171120
184.0,370.0,8.293479004540e-03,1.526000136835e+00,2.174035148341e-01,6.627334388
184.0,372.0,8.159762155435e-03,1.501396236600e+00,2.228188350446e-01,6.520481007
184.0,374.0,8.020860888458e-03,1.475838403476e+00,2.285869985493e-01,6.409484748
184.0,376.0,7.906602489062e-03,1.454814857987e+00,2.334435801147e-01,6.318180650
184.0,378.0,7.796821586622e-03,1.434615171938e+00,2.382070151225e-01,6.230454528
184.0,380.0,7.711359792400e-03,1.418890201802e+00,2.419824195864e-01,6.162161851
184.0,382.0,7.610065357832e-03,1.400252025841e+00,2.465348229653e-01,6.081217281
184.0,384.0,7.512792851830e-03,1.382353884737e+00,2.509870625670e-01,6.003486642
184.0,386.0,7.419402855952e-03,1.365170125495e+00,2.553372329196e-01,5.928858524
184.0,388.0,7.359761676293e-03,1.354196148438e+00,2.581547291496e-01,5.881199147
184.0,390.0,7.313741071094e-03,1.345728357081e+00,2.603500110107e-01,5.844423996
184.0,392.0,7.241217993107e-03,1.332384110732e+00,2.638474692682e-01,5.786470671
184.0,394.0,7.222074345802e-03,1.328861679628e+00,2.647784925707e-01,5.771172947
184.0,396.0,7.216196752604e-03,1.327780202479e+00,2.650649993572e-01,5.766476151
184.0,398.0,7.223476338366e-03,1.329119646259e+00,2.647101973642e-01,5.772293282
184.0,400.0,7.253808522356e-03,1.334700768114e+00,2.632369325560e-01,5.796531786
184.0,402.0,7.297092822081e-03,1.342665079263e+00,2.611487581921e-01,5.831120350
184.0,404.0,7.303232667298e-03,1.343794810783e+00,2.608538967971e-01,5.836026711
184.0,406.0,7.292135223641e-03,1.341752881150e+00,2.613870862812e-01,5.827158724
184.0,408.0,7.213711225286e-03,1.327322865453e+00,2.651862511202e-01,5.764489962
184.0,410.0,7.187874816150e-03,1.322568966172e+00,2.664499211489e-01,5.743844039
184.0,412.0,7.144543399123e-03,1.314595985439e+00,2.685828126894e-01,5.709217824
184.0,414.0,7.143637492892e-03,1.314429298692e+00,2.686275856160e-01,5.708493913
184.0,416.0,7.135080595916e-03,1.312854829649e+00,2.690508645662e-01,5.701656081
184.0,418.0,7.168799057154e-03,1.319059026516e+00,2.673867875036e-01,5.728600565
184.0,420.0,7.204721953181e-03,1.325668839385e+00,2.656252390409e-01,5.757306618
184.0,422.0,7.222780971318e-03,1.328991698723e+00,2.647440685487e-01,5.771737613
184.0,424.0,7.232910298468e-03,1.330855494918e+00,2.642510991009e-01,5.779831977
184.0,426.0,7.285046515327e-03,1.340448558820e+00,2.617282417346e-01,5.821494124
184.0,428.0,7.349128495696e-03,1.352239643208e+00,2.586603046466e-01,5.872702153
184.0,430.0,7.455097310597e-03,1.371737905150e+00,2.536657292784e-01,5.957382028
184.0,432.0,7.572896136960e-03,1.393412889201e+00,2.482266871568e-01,6.051515288
184.0,434.0,7.722470170618e-03,1.420934511394e+00,2.414882379072e-01,6.171040174
184.0,436.0,7.903766543389e-03,1.454293043984e+00,2.335654260316e-01,6.315914441
184.0,438.0,8.216734244034e-03,1.511879100902e+00,2.204952555951e-01,6.566007508
184.0,440.0,8.571324042880e-03,1.577123623890e+00,2.065684129457e-01,6.849360871
184.0,442.0,9.027488419921e-03,1.661057869265e+00,1.899379442719e-01,7.213882667
184.0,444.0,9.485181496220e-03,1.745273395304e+00,1.745972483732e-01,7.579626050
184.0,446.0,1.007435896844e-02,1.853682050193e+00,1.566592757390e-01,8.050438856
184.0,448.0,1.061497804633e-02,1.953155960525e+00,1.418257680192e-01,8.482448560
184.0,450.0,1.112699739305e-02,2.047367520321e+00,1.290742420603e-01,8.891604165
184.0,452.0,1.141037706817e-02,2.099509380543e+00,1.225165224998e-01,9.118053387
184.0,454.0,1.156507847319e-02,2.127974439067e+00,1.190782499855e-01,9.241675565
184.0,456.0,1.165106429946e-02,2.143795831101e+00,1.172090916432e-01,9.310386998
184.0,458.0,1.175829847849e-02,2.163526920042e+00,1.149190949889e-01,9.396078028
184.0,460.0,1.186674613428e-02,2.183481288708e+00,1.126486846383e-01,9.482738750
184.0,462.0,1.205637353789e-02,2.218372730972e+00,1.087859889407e-01,9.634270359
184.0,464.0,1.222714806386e-02,2.249795243750e+00,1.054208079214e-01,9.770736598
184.0,466.0,1.241903814858e-02,2.285103019339e+00,1.017635779498e-01,9.924076319
184.0,468.0,1.257201325038e-02,2.313250438070e+00,9.893913280585e-02,10.046319005
184.0,470.0,1.283604381141e-02,2.361832061299e+00,9.424739792109e-02,10.257306314
184.0,472.0,1.314110122105e-02,2.417962624673e+00,8.910296884651e-02,10.501078253
184.0,474.0,1.344715778091e-02,2.474277031687e+00,8.422385943295e-02,10.745648616
184.0,476.0,1.378418667130e-02,2.536290347519e+00,7.915951005879e-02,11.014969024
184.0,478.0,1.413216191905e-02,2.600317793105e+00,7.424997833342e-02,11.293036687
184.0,480.0,1.446105836676e-02,2.660834739484e+00,6.988985756497e-02,11.555858446
184.0,482.0,1.482085164323e-02,2.727036702354e+00,6.541284046834e-02,11.843369918
184.0,484.0,1.518151813511e-02,2.793399336860e+00,6.121277699291e-02,12.131579178
184.0,486.0,1.556303495983e-02,2.863598432609e+00,5.706305282522e-02,12.436449977
184.0,488.0,1.607537993942e-02,2.957869908853e+00,5.192941383163e-02,12.845865796
184.0,490.0,1.672853157561e-02,3.078049809912e+00,4.604897338972e-02,13.367800475
184.0,492.0,1.754246902578e-02,3.227814300744e+00,3.964405414162e-02,14.018219394
184.0,494.0,1.853717207993e-02,3.410839662707e+00,3.301346855645e-02,14.813088442
184.0,496.0,1.976262113856e-02,3.636322289495e+00,2.634907024347e-02,15.792347047
184.0,498.0,2.124879719143e-02,3.909778683223e+00,2.004493685163e-02,16.979953076
184.0,500.0,2.268568179718e-02,4.174165450681e+00,1.538802836643e-02,18.128170218
184.0,502.0,2.434325706370e-02,4.479159299721e+00,1.134294516449e-02,19.452741674
184.0,504.0,2.613150562929e-02,4.808197035789e+00,8.162563248113e-03,20.881734405
184.0,506.0,2.854041064458e-02,5.251435558603e+00,5.239990683532e-03,22.806694852
184.0,508.0,3.153995575512e-02,5.803351858942e+00,3.017423797170e-03,25.203636889
184.0,510.0,3.480012508463e-02,6.403223015572e+00,1.656210668932e-03,27.808844221
184.0,512.0,3.746090321893e-02,6.892806192283e+00,1.015061383174e-03,29.935076941
184.0,514.0,3.912227519045e-02,7.198498635043e+00,7.477075480065e-04,31.262682352
184.0,516.0,3.992422646334e-02,7.346057669255e+00,6.451306721193e-04,31.903523095
184.0,518.0,4.046674291916e-02,7.445880697125e+00,5.838416862203e-04,32.337048997
184.0,520.0,4.082981084306e-02,7.512685195123e+00,5.461126989840e-04,32.627177245
184.0,522.0,4.125341691052e-02,7.590628711536e+00,5.051633520764e-04,32.965681636
184.0,524.0,4.177754817459e-02,7.687068864125e+00,4.587207760194e-04,33.384515897
184.0,526.0,4.246219205357e-02,7.813043337857e+00,4.044253700052e-04,33.931616085
184.0,528.0,4.317733631914e-02,7.944629882722e+00,3.545610959905e-04,34.503089188
184.0,530.0,4.395296908500e-02,8.087346311640e+00,3.074044312705e-04,35.122898764
184.0,532.0,4.480907879581e-02,8.244870498429e+00,2.626021264558e-04,35.807017615
184.0,534.0,4.584565421664e-02,8.435600375862e+00,2.170027838158e-04,36.635346948
184.0,536.0,4.687268442274e-02,8.624573933784e+00,1.796367262634e-04,37.456048682
184.0,538.0,4.789015878967e-02,8.811789217299e+00,1.489664839433e-04,38.269114328
184.0,540.0,4.895806698389e-02,9.008284325036e+00,1.223916602970e-04,39.122481738
184.0,542.0,5.021639895350e-02,9.239817407444e+00,9.709531748706e-05,40.128017138
184.0,544.0,5.177514491951e-02,9.526626665190e+00,7.288507552701e-05,41.373613918
184.0,546.0,5.359429536727e-02,9.861350347578e+00,5.215187894306e-05,42.827300401
184.0,548.0,5.558384103828e-02,1.022742675104e+01,3.616471092055e-05,44.417150020
184.0,550.0,5.760377292229e-02,1.059909421770e+01,2.493858843622e-05,46.031281319
186.0,350.0,9.889596205244e-03,1.839464894175e+00,1.589024329785e-01,7.988694532
186.0,352.0,9.716301458359e-03,1.807232071255e+00,1.641077472834e-01,7.848709161
186.0,354.0,9.530050616577e-03,1.772589414683e+00,1.698924966377e-01,7.698258015
186.0,356.0,9.330572014292e-03,1.735486394658e+00,1.763144210342e-01,7.537121646
186.0,358.0,9.137606428434e-03,1.699594795689e+00,1.827575632038e-01,7.381246412
186.0,360.0,9.010906417364e-03,1.676028593630e+00,1.871156145343e-01,7.278899697
186.0,362.0,8.910235699738e-03,1.657303840151e+00,1.906523168934e-01,7.197579126
186.0,364.0,8.775368570623e-03,1.632218554136e+00,1.954953755845e-01,7.088635113
186.0,366.0,8.606089352376e-03,1.600732619542e+00,2.017486588290e-01,6.951893437
186.0,368.0,8.442191877956e-03,1.570247689300e+00,2.079936581727e-01,6.819499067
186.0,370.0,8.293479004540e-03,1.542587094844e+00,2.138271939992e-01,6.699370631
186.0,372.0,8.159762155435e-03,1.517715760911e+00,2.192120482201e-01,6.591355801
186.0,374.0,8.020860888458e-03,1.491880125253e+00,2.249493248005e-01,6.479153061
186.0,376.0,7.906602489062e-03,1.470628062966e+00,2.297811228437e-01,6.386856527
186.0,378.0,7.796821586622e-03,1.450208815112e+00,2.345213113866e-01,6.298176860
186.0,380.0,7.711359792400e-03,1.434312921386e+00,2.382790242061e-01,6.229141871
186.0,382.0,7.610065357832e-03,1.415472156557e+00,2.428109416012e-01,6.147317469
186.0,384.0,7.512792851830e-03,1.397379470440e+00,2.472440260273e-01,6.068741931
186.0,386.0,7.419402855952e-03,1.380008931207e+00,2.515763061696e-01,5.993302638
186.0,388.0,7.359761676293e-03,1.368915671790e+00,2.543826443367e-01,5.945125224
186.0,390.0,7.313741071094e-03,1.360355839223e+00,2.565694632295e-01,5.907950344
186.0,392.0,7.241217993107e-03,1.346866546718e+00,2.600538519009e-01,5.849367091
186.0,394.0,7.222074345802e-03,1.343305828319e+00,2.609814809688e-01,5.833903087
186.0,396.0,7.216196752604e-03,1.342212595984e+00,2.612669503764e-01,5.829155240
186.0,398.0,7.223476338366e-03,1.343566598936e+00,2.609134335398e-01,5.835035600
186.0,400.0,7.253808522356e-03,1.349208385158e+00,2.594455603322e-01,5.859537566
186.0,402.0,7.297092822081e-03,1.357259264907e+00,2.573651810034e-01,5.894502093
186.0,404.0,7.303232667298e-03,1.358401276117e+00,2.570714348442e-01,5.899461784
186.0,406.0,7.292135223641e-03,1.356337151597e+00,2.576026103139e-01,5.890497405
186.0,408.0,7.213711225286e-03,1.341750287903e+00,2.613877641233e-01,5.827147461
186.0,410.0,7.187874816150e-03,1.336944715804e+00,2.626469048924e-01,5.806277127
186.0,412.0,7.144543399123e-03,1.328885072237e+00,2.647722987833e-01,5.771274540
186.0,414.0,7.143637492892e-03,1.328716573678e+00,2.648169162930e-01,5.770542760
186.0,416.0,7.135080595916e-03,1.327124990840e+00,2.652387299387e-01,5.763630603
186.0,418.0,7.168799057154e-03,1.333396624631e+00,2.635804552388e-01,5.790867963
186.0,420.0,7.204721953181e-03,1.340078283292e+00,2.618251712418e-01,5.819886038
186.0,422.0,7.222780971318e-03,1.343437260665e+00,2.609471818146e-01,5.834473891
186.0,424.0,7.232910298468e-03,1.345321315515e+00,2.604560058577e-01,5.842656237
186.0,426.0,7.285046515327e-03,1.355018651851e+00,2.579424833022e-01,5.884771234
186.0,428.0,7.349128495696e-03,1.366937900199e+00,2.548862529511e-01,5.936535872
186.0,430.0,7.455097310597e-03,1.386648099771e+00,2.499115809767e-01,6.022136181
186.0,432.0,7.572896136960e-03,1.408558681475e+00,2.444954251037e-01,6.117292628
186.0,434.0,7.722470170618e-03,1.436379451735e+00,2.377871218119e-01,6.238116698
186.0,436.0,7.903766543389e-03,1.470100577070e+00,2.299023611179e-01,6.384565685
186.0,438.0,8.216734244034e-03,1.528312569390e+00,2.169013646868e-01,6.637377155
186.0,440.0,8.571324042880e-03,1.594266271976e+00,2.030574628082e-01,6.923810446
186.0,442.0,9.027488419921e-03,1.679112846105e+00,1.865393918019e-01,7.292294436
186.0,444.0,9.485181496220e-03,1.764243758297e+00,1.713162940352e-01,7.662013290
186.0,446.0,1.007435896844e-02,1.873830768130e+00,1.535343792265e-01,8.137943626
186.0,448.0,1.061497804633e-02,1.974385916617e+00,1.388465494276e-01,8.574649087
186.0,450.0,1.112699739305e-02,2.069621515107e+00,1.262335501563e-01,8.988252036
186.0,452.0,1.141037706817e-02,2.122330134680e+00,1.197522642558e-01,9.217162663
186.0,454.0,1.156507847319e-02,2.151104596013e+00,1.163555608741e-01,9.342128560
186.0,456.0,1.165106429946e-02,2.167097959700e+00,1.145094462146e-01,9.411586856
186.0,458.0,1.175829847849e-02,2.187043516999e+00,1.122481181850e-01,9.498209311
186.0,460.0,1.186674613428e-02,2.207214780976e+00,1.100066147424e-01,9.585811998
186.0,462.0,1.205637353789e-02,2.242485478048e+00,1.061942326605e-01,9.738990689
186.0,464.0,1.222714806386e-02,2.274249539878e+00,1.028740823701e-01,9.876940256
186.0,466.0,1.241903814858e-02,2.309941095636e+00,9.926709865276e-02,10.031946714
186.0,468.0,1.257201325038e-02,2.338394464571e+00,9.648241988696e-02,10.155518125
186.0,470.0,1.283604381141e-02,2.387504148922e+00,9.185866355348e-02,10.368798774
186.0,472.0,1.314110122105e-02,2.444244827115e+00,8.679165286278e-02,10.615220408
186.0,474.0,1.344715778091e-02,2.501171347249e+00,8.198890487712e-02,10.862449144
186.0,476.0,1.378418667130e-02,2.563858720862e+00,7.700701781232e-02,11.134696948
186.0,478.0,1.413216191905e-02,2.628582116943e+00,7.218073355638e-02,11.415787086
186.0,480.0,1.446105836676e-02,2.689756856217e+00,6.789744620682e-02,11.681465603
186.0,482.0,1.482085164323e-02,2.756678405641e+00,6.350234747600e-02,11.972102200
186.0,484.0,1.518151813511e-02,2.823762373130e+00,5.938210425761e-02,12.263444169
186.0,486.0,1.556303495983e-02,2.894724502528e+00,5.531426193505e-02,12.571628781
186.0,488.0,1.607537993942e-02,2.990020668732e+00,5.028639735677e-02,12.985494772
186.0,490.0,1.672853157561e-02,3.111506873063e+00,4.453379797359e-02,13.513102654
186.0,492.0,1.754246902578e-02,3.262899238795e+00,3.827726206741e-02,14.170591344
186.0,494.0,1.853717207993e-02,3.447914006867e+00,3.181192667407e-02,14.974100273
186.0,496.0,1.976262113856e-02,3.675847531772e+00,2.532793019793e-02,15.964002994
186.0,498.0,2.124879719143e-02,3.952276277606e+00,1.921092257464e-02,17.164517783
186.0,500.0,2.268568179718e-02,4.219536814275e+00,1.470545428418e-02,18.325215546
186.0,502.0,2.434325706370e-02,4.527845813848e+00,1.080392468778e-02,19.664184519
186.0,504.0,2.613150562929e-02,4.860460047048e+00,7.746919123946e-03,21.108709779
186.0,506.0,2.854041064458e-02,5.308516379892e+00,4.949264101130e-03,23.054593709
186.0,508.0,3.153995575512e-02,5.866431770452e+00,2.832963986230e-03,25.477589464
186.0,510.0,3.480012508463e-02,6.472823265741e+00,1.544858025491e-03,28.111114266
186.0,512.0,3.746090321893e-02,6.967727998721e+00,9.417902255171e-04,30.260458212
186.0,514.0,3.912227519045e-02,7.276743185424e+00,6.914337722945e-04,31.602494117
186.0,516.0,3.992422646334e-02,7.425906122181e+00,5.956209267577e-04,32.250300520
186.0,518.0,4.046674291916e-02,7.526814182964e+00,5.384509332561e-04,32.688538660
186.0,520.0,4.082981084306e-02,7.594344816809e+00,5.032895955743e-04,32.981820476
186.0,522.0,4.125341691052e-02,7.673135545357e+00,4.651570137674e-04,33.324004262
186.0,524.0,4.177754817459e-02,7.770623960474e+00,4.219499045914e-04,33.747391070
186.0,526.0,4.246219205357e-02,7.897967721964e+00,3.714977605462e-04,34.300437999
186.0,528.0,4.317733631914e-02,8.030984555360e+00,3.252278464196e-04,34.878122766
186.0,530.0,4.395296908500e-02,8.175252249810e+00,2.815354319814e-04,35.504669403
186.0,532.0,4.480907879581e-02,8.334488656021e+00,2.400919324673e-04,36.196224328
186.0,534.0,4.584565421664e-02,8.527291684295e+00,1.979904651386e-04,37.033557241
186.0,536.0,4.687268442274e-02,8.718319302630e+00,1.635618580257e-04,37.863179646
186.0,538.0,4.789015878967e-02,8.907569534879e+00,1.353604233022e-04,38.685082962
186.0,540.0,4.895806698389e-02,9.106200459004e+00,1.109755713275e-04,39.547726105
186.0,542.0,5.021639895350e-02,9.340250205351e+00,8.781746093917e-05,40.564191238
186.0,544.0,5.177514491951e-02,9.630176955029e+00,6.571542011743e-05,41.823327113
186.0,546.0,5.359429536727e-02,9.968538938312e+00,4.685096563378e-05,43.292814535
186.0,548.0,5.558384103828e-02,1.033859443312e+01,3.235977453747e-05,44.899945129
186.0,550.0,5.760377292229e-02,1.071430176355e+01,2.222480026523e-05,46.531621334
188.0,350.0,9.889596205244e-03,1.859244086586e+00,1.557903498848e-01,8.074594473
188.0,352.0,9.716301458359e-03,1.826664674171e+00,1.609494925360e-01,7.933103883
188.0,354.0,9.530050616577e-03,1.791649515916e+00,1.666849932261e-01,7.781034983
188.0,356.0,9.330572014292e-03,1.754147538687e+00,1.730547018694e-01,7.618165965
188.0,358.0,9.137606428434e-03,1.717870008546e+00,1.794479637642e-01,7.460614653
188.0,360.0,9.010906417364e-03,1.694050406464e+00,1.837736564732e-01,7.357167436
188.0,362.0,8.910235699738e-03,1.675124311551e+00,1.872848963589e-01,7.274972450
188.0,364.0,8.775368570623e-03,1.649769291277e+00,1.920942213214e-01,7.164856996
188.0,366.0,8.606089352376e-03,1.617944798247e+00,1.983058390710e-01,7.026644979
188.0,368.0,8.442191877956e-03,1.587132073056e+00,2.045112949376e-01,6.892827014
188.0,370.0,8.293479004540e-03,1.559174052854e+00,2.103097041851e-01,6.771406875
188.0,372.0,8.159762155435e-03,1.534035285222e+00,2.156636447509e-01,6.662230594
188.0,374.0,8.020860888458e-03,1.507921847030e+00,2.213695400409e-01,6.548821373
188.0,376.0,7.906602489062e-03,1.486441267944e+00,2.261761252521e-01,6.455532403
188.0,378.0,7.796821586622e-03,1.465802458285e+00,2.308926354088e-01,6.365899192
188.0,380.0,7.711359792400e-03,1.449735640971e+00,2.346323070646e-01,6.296121891
188.0,382.0,7.610065357832e-03,1.430692287272e+00,2.391433090553e-01,6.213417657
188.0,384.0,7.512792851830e-03,1.412405056144e+00,2.435568103829e-01,6.133997221
188.0,386.0,7.419402855952e-03,1.394847736919e+00,2.478707750620e-01,6.057746752
188.0,388.0,7.359761676293e-03,1.383635195143e+00,2.506656761737e-01,6.009051302
188.0,390.0,7.313741071094e-03,1.374983321366e+00,2.528438128591e-01,5.971476692
188.0,392.0,7.241217993107e-03,1.361348982704e+00,2.563147794294e-01,5.912263511
188.0,394.0,7.222074345802e-03,1.357749977011e+00,2.572389197755e-01,5.896633228
188.0,396.0,7.216196752604e-03,1.356644989490e+00,2.575233226738e-01,5.891834328
188.0,398.0,7.223476338366e-03,1.358013551613e+00,2.571711270642e-01,5.897777918
188.0,400.0,7.253808522356e-03,1.363716002203e+00,2.557087948203e-01,5.922543346
188.0,402.0,7.297092822081e-03,1.371853450551e+00,2.536364210632e-01,5.957883836
188.0,404.0,7.303232667298e-03,1.373007741452e+00,2.533438197562e-01,5.962896857
188.0,406.0,7.292135223641e-03,1.370921422045e+00,2.538729276362e-01,5.953836087
188.0,408.0,7.213711225286e-03,1.356177710354e+00,2.576436860689e-01,5.889804961
188.0,410.0,7.187874816150e-03,1.351320465436e+00,2.588981687520e-01,5.868710214
188.0,412.0,7.144543399123e-03,1.343174159035e+00,2.610158464760e-01,5.833331255
188.0,414.0,7.143637492892e-03,1.343003848664e+00,2.610603039674e-01,5.832591606
188.0,416.0,7.135080595916e-03,1.341395152032e+00,2.614806087799e-01,5.825605126
188.0,418.0,7.168799057154e-03,1.347734222745e+00,2.598283072718e-01,5.853135360
188.0,420.0,7.204721953181e-03,1.354487727198e+00,2.580794676866e-01,5.882465457
188.0,422.0,7.222780971318e-03,1.357882822608e+00,2.572047489874e-01,5.897210169
188.0,424.0,7.232910298468e-03,1.359787136112e+00,2.567154165796e-01,5.905480498
188.0,426.0,7.285046515327e-03,1.369588744881e+00,2.542114838322e-01,5.948048344
188.0,428.0,7.349128495696e-03,1.381636157191e+00,2.511672675567e-01,6.000369591
188.0,430.0,7.455097310597e-03,1.401558294392e+00,2.462129925235e-01,6.086890333
188.0,432.0,7.572896136960e-03,1.423704473748e+00,2.408202501566e-01,6.183069968
188.0,434.0,7.722470170618e-03,1.451824392076e+00,2.341427300542e-01,6.305193222
188.0,436.0,7.903766543389e-03,1.485908110157e+00,2.262967449662e-01,6.453216929
188.0,438.0,8.216734244034e-03,1.544746037878e+00,2.133660512378e-01,6.708746802
188.0,440.0,8.571324042880e-03,1.611408920061e+00,1.996061867065e-01,6.998260021
188.0,442.0,9.027488419921e-03,1.697167822945e+00,1.832016495030e-01,7.370706204
188.0,444.0,9.485181496220e-03,1.783214121289e+00,1.680969939413e-01,7.744400529
188.0,446.0,1.007435896844e-02,1.893979486067e+00,1.504718153028e-01,8.225448396
188.0,448.0,1.061497804633e-02,1.995615872710e+00,1.359299128587e-01,8.666849615
188.0,450.0,1.112699739305e-02,2.091875509893e+00,1.234553767717e-01,9.084899908
188.0,452.0,1.141037706817e-02,2.145150888816e+00,1.170503741192e-01,9.316271939
188.0,454.0,1.156507847319e-02,2.174234752960e+00,1.136951252472e-01,9.442581556
188.0,456.0,1.165106429946e-02,2.190400088298e+00,1.118719809919e-01,9.512786715
188.0,458.0,1.175829847849e-02,2.210560113956e+00,1.096392208561e-01,9.600340594
188.0,460.0,1.186674613428e-02,2.230948273245e+00,1.074265121332e-01,9.688885245
188.0,462.0,1.205637353789e-02,2.266598225123e+00,1.036642233082e-01,9.843711019
188.0,464.0,1.222714806386e-02,2.298703836006e+00,1.003888798820e-01,9.983143915
188.0,466.0,1.241903814858e-02,2.334779171933e+00,9.683186335884e-02,10.139817108
188.0,468.0,1.257201325038e-02,2.363538491071e+00,9.408670849694e-02,10.264717244
188.0,470.0,1.283604381141e-02,2.413176236545e+00,8.953047252187e-02,10.480291234
188.0,472.0,1.314110122105e-02,2.470527029557e+00,8.454029202585e-02,10.729362563
188.0,474.0,1.344715778091e-02,2.528065662811e+00,7.981325681591e-02,10.979249672
188.0,476.0,1.378418667130e-02,2.591427094204e+00,7.491305577741e-02,11.254424873
188.0,478.0,1.413216191905e-02,2.656846440781e+00,7.016915578536e-02,11.538537485
188.0,480.0,1.446105836676e-02,2.718678972951e+00,6.596183426360e-02,11.807072760
188.0,482.0,1.482085164323e-02,2.786320108927e+00,6.164765367306e-02,12.100834481
188.0,484.0,1.518151813511e-02,2.854125409401e+00,5.760618091987e-02,12.395309160
188.0,486.0,1.556303495983e-02,2.925850572448e+00,5.361906561134e-02,12.706807585
188.0,488.0,1.607537993942e-02,3.022171428611e+00,4.869536496835e-02,13.125123748
188.0,490.0,1.672853157561e-02,3.144963936215e+00,4.306847723114e-02,13.658404833
188.0,492.0,1.754246902578e-02,3.297984176847e+00,3.695759233260e-02,14.322963294
188.0,494.0,1.853717207993e-02,3.484988351027e+00,3.065411551609e-02,15.135112103
188.0,496.0,1.976262113856e-02,3.715372774049e+00,2.434636373063e-02,16.135658940
188.0,498.0,2.124879719143e-02,3.994773871989e+00,1.841160932062e-02,17.349082491
188.0,500.0,2.268568179718e-02,4.264908177870e+00,1.405315746466e-02,18.522260875
188.0,502.0,2.434325706370e-02,4.576532327976e+00,1.029051864101e-02,19.875627363
188.0,504.0,2.613150562929e-02,4.912723058307e+00,7.352439924656e-03,21.335685153
188.0,506.0,2.854041064458e-02,5.365597201181e+00,4.674667689719e-03,23.302492566
188.0,508.0,3.153995575512e-02,5.929511681963e+00,2.659780490499e-03,25.751542039
188.0,510.0,3.480012508463e-02,6.542423515910e+00,1.440991996786e-03,28.413384312
188.0,512.0,3.746090321893e-02,7.042649805159e+00,8.738080707058e-04,30.585839484
188.0,514.0,3.912227519045e-02,7.354987735805e+00,6.393952592080e-04,31.942305881
188.0,516.0,3.992422646334e-02,7.505754575108e+00,5.499107447895e-04,32.597077945
188.0,518.0,4.046674291916e-02,7.607747668802e+00,4.965890829094e-04,33.040028323
188.0,520.0,4.082981084306e-02,7.676004438495e+00,4.638244404215e-04,33.336463707
188.0,522.0,4.125341691052e-02,7.755642379178e+00,4.283189716111e-04,33.682326889
188.0,524.0,4.177754817459e-02,7.854179056823e+00,3.881265713092e-04,34.110266243
188.0,526.0,4.246219205357e-02,7.982892106071e+00,3.412510597173e-04,34.669259913
188.0,528.0,4.317733631914e-02,8.117339227998e+00,2.983213705137e-04,35.253156345
188.0,530.0,4.395296908500e-02,8.263158187980e+00,2.578433861001e-04,35.886440041
188.0,532.0,4.480907879581e-02,8.424106813612e+00,2.195113071394e-04,36.585431041
188.0,534.0,4.584565421664e-02,8.618982992728e+00,1.806438774493e-04,37.431767534
188.0,536.0,4.687268442274e-02,8.812064671475e+00,1.489254561542e-04,38.270310610
188.0,538.0,4.789015878967e-02,9.003349852458e+00,1.229970911009e-04,39.101051596
188.0,540.0,4.895806698389e-02,9.204116592971e+00,1.006243186960e-04,39.972970471
188.0,542.0,5.021639895350e-02,9.440683003258e+00,7.942614170689e-05,41.000365337
188.0,544.0,5.177514491951e-02,9.733727244868e+00,5.925103884417e-05,42.273040308
188.0,546.0,5.359429536727e-02,1.007572752905e+01,4.208885710934e-05,43.758328670
188.0,548.0,5.558384103828e-02,1.044976211520e+01,2.895516047166e-05,45.382740238
188.0,550.0,5.760377292229e-02,1.082950930939e+01,1.980632336480e-05,47.031961348
190.0,350.0,9.889596205244e-03,1.879023278996e+00,1.527392165261e-01,8.160494414
190.0,352.0,9.716301458359e-03,1.846097277088e+00,1.578520184235e-01,8.017498605
190.0,354.0,9.530050616577e-03,1.810709617150e+00,1.635380462154e-01,7.863811951
190.0,356.0,9.330572014292e-03,1.772808682715e+00,1.698552487281e-01,7.699210284
190.0,358.0,9.137606428434e-03,1.736145221402e+00,1.761982986347e-01,7.539982894
190.0,360.0,9.010906417364e-03,1.712072219299e+00,1.804913870903e-01,7.435435175
190.0,362.0,8.910235699738e-03,1.692944782950e+00,1.839769533133e-01,7.352365774
190.0,364.0,8.775368570623e-03,1.667320028418e+00,1.887522390478e-01,7.241078879
190.0,366.0,8.606089352376e-03,1.635156976951e+00,1.949217706721e-01,7.101396521
190.0,368.0,8.442191877956e-03,1.604016456812e+00,2.010872356614e-01,6.966154961
190.0,370.0,8.293479004540e-03,1.575761010863e+00,2.068500776126e-01,6.843443118
190.0,372.0,8.159762155435e-03,1.550354809533e+00,2.121726795807e-01,6.733105388
190.0,374.0,8.020860888458e-03,1.523963568807e+00,2.178467230403e-01,6.618489686
190.0,376.0,7.906602489062e-03,1.502254472922e+00,2.226276858645e-01,6.524208280
190.0,378.0,7.796821586622e-03,1.481396101458e+00,2.273201048161e-01,6.433621524
190.0,380.0,7.711359792400e-03,1.465158360556e+00,2.310414007355e-01,6.363101911
190.0,382.0,7.610065357832e-03,1.445912417988e+00,2.355310756952e-01,6.279517844
190.0,384.0,7.512792851830e-03,1.427430641848e+00,2.399245831620e-01,6.199252511
190.0,386.0,7.419402855952e-03,1.409686542631e+00,2.442198236601e-01,6.122190867
190.0,388.0,7.359761676293e-03,1.398354718496e+00,2.470030193115e-01,6.072977380
190.0,390.0,7.313741071094e-03,1.389610803508e+00,2.491722627332e-01,6.035003040
190.0,392.0,7.241217993107e-03,1.375831418690e+00,2.526294676035e-01,5.975159932
190.0,394.0,7.222074345802e-03,1.372194125702e+00,2.535500281539e-01,5.959363369
190.0,396.0,7.216196752604e-03,1.371077382995e+00,2.538333364606e-01,5.954513417
190.0,398.0,7.223476338366e-03,1.372460504290e+00,2.534824968504e-01,5.960520236
190.0,400.0,7.253808522356e-03,1.378223619248e+00,2.520258495259e-01,5.985549127
190.0,402.0,7.297092822081e-03,1.386447636195e+00,2.499616841676e-01,6.021265578
190.0,404.0,7.303232667298e-03,1.387614206787e+00,2.496702562366e-01,6.026331930
190.0,406.0,7.292135223641e-03,1.385505692492e+00,2.501972449272e-01,6.017174769
190.0,408.0,7.213711225286e-03,1.370605132804e+00,2.539532376115e-01,5.952462460
190.0,410.0,7.187874816150e-03,1.365696215069e+00,2.552029379924e-01,5.931143302
190.0,412.0,7.144543399123e-03,1.357463245833e+00,2.573126887693e-01,5.895387971
190.0,414.0,7.143637492892e-03,1.357291123649e+00,2.573569818030e-01,5.894640453
190.0,416.0,7.135080595916e-03,1.355665313224e+00,2.577757357822e-01,5.887579648
190.0,418.0,7.168799057154e-03,1.362071820859e+00,2.561295722726e-01,5.915402758
190.0,420.0,7.204721953181e-03,1.368897171104e+00,2.543873506336e-01,5.945044877
190.0,422.0,7.222780971318e-03,1.372328384550e+00,2.535159891042e-01,5.959946448
190.0,424.0,7.232910298468e-03,1.374252956709e+00,2.530285484976e-01,5.968304758
190.0,426.0,7.285046515327e-03,1.384158837912e+00,2.505344512654e-01,6.011325454
190.0,428.0,7.349128495696e-03,1.396334414182e+00,2.475025450039e-01,6.064203310
190.0,430.0,7.455097310597e-03,1.416468489013e+00,2.425691416558e-01,6.151644486
190.0,432.0,7.572896136960e-03,1.438850266022e+00,2.372003192326e-01,6.248847308
190.0,434.0,7.722470170618e-03,1.467269332417e+00,2.305541932612e-01,6.372269745
190.0,436.0,7.903766543389e-03,1.501715643244e+00,2.227476765931e-01,6.521868172
190.0,438.0,8.216734244034e-03,1.561179506366e+00,2.098883604839e-01,6.780116449
190.0,440.0,8.571324042880e-03,1.628551568147e+00,1.962135703879e-01,7.072709595
190.0,442.0,9.027488419921e-03,1.715222799785e+00,1.799236293012e-01,7.449117972
190.0,444.0,9.485181496220e-03,1.802184484282e+00,1.649381895122e-01,7.826787769
190.0,446.0,1.007435896844e-02,1.914128204004e+00,1.474703406142e-01,8.312953167
190.0,448.0,1.061497804633e-02,2.016845828803e+00,1.330745437027e-01,8.759050143
190.0,450.0,1.112699739305e-02,2.114129504680e+00,1.207383459861e-01,9.181547779
190.0,452.0,1.141037706817e-02,2.167971642952e+00,1.144094449203e-01,9.415381215
190.0,454.0,1.156507847319e-02,2.197364909906e+00,1.110955196974e-01,9.543034551
190.0,456.0,1.165106429946e-02,2.213702216897e+00,1.092952637950e-01,9.613986574
190.0,458.0,1.175829847849e-02,2.234076710913e+00,1.070909601364e-01,9.702471877
190.0,460.0,1.186674613428e-02,2.254681765513e+00,1.049069234257e-01,9.791958492
190.0,462.0,1.205637353789e-02,2.290710972199e+00,1.011944898029e-01,9.948431349
190.0,464.0,1.222714806386e-02,2.323158132133e+00,9.796371420077e-02,10.089347574
190.0,466.0,1.241903814858e-02,2.359617248230e+00,9.445636962095e-02,10.247687503
190.0,468.0,1.257201325038e-02,2.388682517572e+00,9.175048393438e-02,10.373916364
190.0,470.0,1.283604381141e-02,2.438848324168e+00,8.726129033352e-02,10.591783694
190.0,472.0,1.314110122105e-02,2.496809231999e+00,8.234733110931e-02,10.843504718
190.0,474.0,1.344715778091e-02,2.554959978373e+00,7.769534149906e-02,11.096050201
190.0,476.0,1.378418667130e-02,2.618995467547e+00,7.287603241027e-02,11.374152797
190.0,478.0,1.413216191905e-02,2.685110764620e+00,6.821363792020e-02,11.661287884
190.0,480.0,1.446105836676e-02,2.747601089684e+00,6.408140250468e-02,11.932679917
190.0,482.0,1.482085164323e-02,2.815961812214e+00,5.984712934950e-02,12.229566763
190.0,484.0,1.518151813511e-02,2.884488445671e+00,5.588336960538e-02,12.527174151
190.0,486.0,1.556303495983e-02,2.956976642368e+00,5.197582136068e-02,12.841986389
190.0,488.0,1.607537993942e-02,3.054322188490e+00,4.715467192006e-02,13.264752724
190.0,490.0,1.672853157561e-02,3.178420999366e+00,4.165137076585e-02,13.803707012
190.0,492.0,1.754246902578e-02,3.333069114898e+00,3.568342031928e-02,14.475335244
190.0,494.0,1.853717207993e-02,3.522062695187e+00,2.953844348070e-02,15.296123934
190.0,496.0,1.976262113856e-02,3.754898016326e+00,2.340283719482e-02,16.307314886
190.0,498.0,2.124879719143e-02,4.037271466372e+00,1.764555327618e-02,17.533647198
190.0,500.0,2.268568179718e-02,4.310279541464e+00,1.342979488495e-02,18.719306203
190.0,502.0,2.434325706370e-02,4.625218842103e+00,9.801509818077e-03,20.087070207
190.0,504.0,2.613150562929e-02,4.964986069565e+00,6.978047915665e-03,21.562660527
190.0,506.0,2.854041064458e-02,5.422678022470e+00,4.415306510783e-03,23.550391423
190.0,508.0,3.153995575512e-02,5.992591593473e+00,2.497183971284e-03,26.025494613
190.0,510.0,3.480012508463e-02,6.612023766080e+00,1.344109232396e-03,28.715654358
190.0,512.0,3.746090321893e-02,7.117571611597e+00,8.107331375322e-04,30.911220755
190.0,514.0,3.912227519045e-02,7.433232286186e+00,5.912732554862e-04,32.282117646
190.0,516.0,3.992422646334e-02,7.585603028035e+00,5.077085334813e-04,32.943855370
190.0,518.0,4.046674291916e-02,7.688681154640e+00,4.579817807604e-04,33.391517986
190.0,520.0,4.082981084306e-02,7.757664060181e+00,4.274539220045e-04,33.691106938
190.0,522.0,4.125341691052e-02,7.838149212999e+00,3.943983128539e-04,34.040649515
190.0,524.0,4.177754817459e-02,7.937734153172e+00,3.570145027100e-04,34.473141415
190.0,526.0,4.246219205357e-02,8.067816490178e+00,3.134669926058e-04,35.038081827
190.0,528.0,4.317733631914e-02,8.203693900637e+00,2.736408984806e-04,35.628189923
190.0,530.0,4.395296908500e-02,8.351064126150e+00,2.361450965077e-04,36.268210680
190.0,532.0,4.480907879581e-02,8.513724971204e+00,2.006948482894e-04,36.974637754
190.0,534.0,4.584565421664e-02,8.710674301162e+00,1.648170806462e-04,37.829977827
190.0,536.0,4.687268442274e-02,8.905810040321e+00,1.355987988791e-04,38.677441574
190.0,538.0,4.789015878967e-02,9.099130170037e+00,1.117629810118e-04,39.517020230
190.0,540.0,4.895806698389e-02,9.302032726939e+00,9.123857973354e-05,40.398214838
190.0,542.0,5.021639895350e-02,9.541115801165e+00,7.183664750696e-05,41.436539436
190.0,544.0,5.177514491951e-02,9.837277534707e+00,5.342255436912e-05,42.722753503
190.0,546.0,5.359429536727e-02,1.018291611978e+01,3.781078722299e-05,44.223842805
190.0,548.0,5.558384103828e-02,1.056092979727e+01,2.590875029023e-05,45.865535347
190.0,550.0,5.760377292229e-02,1.094471685524e+01,1.765102230613e-05,47.532301362
192.0,350.0,9.889596205244e-03,1.898802471407e+00,1.497478392099e-01,8.246394356
192.0,352.0,9.716301458359e-03,1.865529880005e+00,1.548141552219e-01,8.101893327
192.0,354.0,9.530050616577e-03,1.829769718383e+00,1.604505123246e-01,7.946588918
192.0,356.0,9.330572014292e-03,1.791469826744e+00,1.667149474057e-01,7.780254603
192.0,358.0,9.137606428434e-03,1.754420434259e+00,1.730074824507e-01,7.619351135
192.0,360.0,9.010906417364e-03,1.730094032134e+00,1.772677403223e-01,7.513702913
192.0,362.0,8.910235699738e-03,1.710765254350e+00,1.807274372279e-01,7.429759098
192.0,364.0,8.775368570623e-03,1.684870765560e+00,1.854683993120e-01,7.317300762
192.0,366.0,8.606089352376e-03,1.652369155656e+00,1.915954510464e-01,7.176148064
192.0,368.0,8.442191877956e-03,1.620900840568e+00,1.977205041819e-01,7.039482908
192.0,370.0,8.293479004540e-03,1.592347968872e+00,2.034473624227e-01,6.915479362
192.0,372.0,8.159762155435e-03,1.566674333844e+00,2.087382229511e-01,6.803980181
192.0,374.0,8.020860888458e-03,1.540005290584e+00,2.143799672288e-01,6.688157998
192.0,376.0,7.906602489062e-03,1.518067677900e+00,2.191349173488e-01,6.592884157
192.0,378.0,7.796821586622e-03,1.496989744631e+00,2.238028508884e-01,6.501343856
192.0,380.0,7.711359792400e-03,1.480581080141e+00,2.275054510678e-01,6.430081931
192.0,382.0,7.610065357832e-03,1.461132548704e+00,2.319734047225e-01,6.345618032
192.0,384.0,7.512792851830e-03,1.442456227551e+00,2.363465243077e-01,6.264507800
192.0,386.0,7.419402855952e-03,1.424525348343e+00,2.406226480458e-01,6.186634981
192.0,388.0,7.359761676293e-03,1.413074241848e+00,2.433938801686e-01,6.136903458
192.0,390.0,7.313741071094e-03,1.404238285650e+00,2.455540272610e-01,6.098529387
192.0,392.0,7.241217993107e-03,1.390313854677e+00,2.489971434488e-01,6.038056352
192.0,394.0,7.222074345802e-03,1.386638274394e+00,2.499140364643e-01,6.022093510
192.0,396.0,7.216196752604e-03,1.385509776500e+00,2.501962231217e-01,6.017192506
192.0,398.0,7.223476338366e-03,1.386907456966e+00,2.498467730146e-01,6.023262555
192.0,400.0,7.253808522356e-03,1.392731236292e+00,2.483959492824e-01,6.048554907
192.0,402.0,7.297092822081e-03,1.401041821840e+00,2.463401876198e-01,6.084647321
192.0,404.0,7.303232667298e-03,1.402220672121e+00,2.460499605210e-01,6.089767003
192.0,406.0,7.292135223641e-03,1.400089962939e+00,2.465747803518e-01,6.080513451
192.0,408.0,7.213711225286e-03,1.385032555255e+00,2.503156505692e-01,6.015119960
192.0,410.0,7.187874816150e-03,1.380071964701e+00,2.515604489359e-01,5.993576389
192.0,412.0,7.144543399123e-03,1.371752332632e+00,2.536620695471e-01,5.957444686
192.0,414.0,7.143637492892e-03,1.371578398635e+00,2.537061938419e-01,5.956689300
192.0,416.0,7.135080595916e-03,1.369935474416e+00,2.541233564818e-01,5.949554171
192.0,418.0,7.168799057154e-03,1.376409418974e+00,2.524834898913e-01,5.977670155
192.0,420.0,7.204721953181e-03,1.383306615011e+00,2.507480534677e-01,6.007624297
192.0,422.0,7.222780971318e-03,1.386773946493e+00,2.498801324024e-01,6.022682726
192.0,424.0,7.232910298468e-03,1.388718777306e+00,2.493946300843e-01,6.031129019
192.0,426.0,7.285046515327e-03,1.398728930943e+00,2.469106049996e-01,6.074602564
192.0,428.0,7.349128495696e-03,1.411032671174e+00,2.438912935563e-01,6.128037029
192.0,430.0,7.455097310597e-03,1.431378683635e+00,2.389792182800e-01,6.216398638
192.0,432.0,7.572896136960e-03,1.453996058296e+00,2.336348019215e-01,6.314624648
192.0,434.0,7.722470170618e-03,1.482714272759e+00,2.270206553841e-01,6.439346269
192.0,436.0,7.903766543389e-03,1.517523176331e+00,2.192542691458e-01,6.590519416
192.0,438.0,8.216734244034e-03,1.577612974855e+00,2.064673532225e-01,6.851486096
192.0,440.0,8.571324042880e-03,1.645694216233e+00,1.928786168386e-01,7.147159170
192.0,442.0,9.027488419921e-03,1.733277776625e+00,1.767042625911e-01,7.527529740
192.0,444.0,9.485181496220e-03,1.821154847274e+00,1.618387439401e-01,7.909175009
192.0,446.0,1.007435896844e-02,1.934276921940e+00,1.445287366082e-01,8.400457937
192.0,448.0,1.061497804633e-02,2.038075784895e+00,1.302791549648e-01,8.851250671
192.0,450.0,1.112699739305e-02,2.136383499466e+00,1.180811121611e-01,9.278195650
192.0,452.0,1.141037706817e-02,2.190792397089e+00,1.118281012382e-01,9.514490491
192.0,454.0,1.156507847319e-02,2.220495066852e+00,1.085553533627e-01,9.643487546
192.0,456.0,1.165106429946e-02,2.237004345496e+00,1.067778954311e-01,9.715186432
192.0,458.0,1.175829847849e-02,2.257593307870e+00,1.046019266955e-01,9.804603160
192.0,460.0,1.186674613428e-02,2.278415257782e+00,1.024464293227e-01,9.895031739
192.0,462.0,1.205637353789e-02,2.314823719275e+00,9.878359611133e-02,10.053151679
192.0,464.0,1.222714806386e-02,2.347612428261e+00,9.559713497438e-02,10.195551232
192.0,466.0,1.241903814858e-02,2.384455324527e+00,9.213915185032e-02,10.355557898
192.0,468.0,1.257201325038e-02,2.413826544073e+00,8.947226910873e-02,10.483115484
192.0,470.0,1.283604381141e-02,2.464520411791e+00,8.504962138797e-02,10.703276154
192.0,472.0,1.314110122105e-02,2.523091434442e+00,8.021125522908e-02,10.957646873
192.0,474.0,1.344715778091e-02,2.581854293935e+00,7.563362693719e-02,11.212850729
192.0,476.0,1.378418667130e-02,2.646563840890e+00,7.089439944412e-02,11.493880721
192.0,478.0,1.413216191905e-02,2.713375088458e+00,6.631261764845e-02,11.784038283
192.0,480.0,1.446105836676e-02,2.776523206418e+00,6.225457786023e-02,12.058287074
192.0,482.0,1.482085164323e-02,2.845603515500e+00,5.809919239377e-02,12.358299045
192.0,484.0,1.518151813511e-02,2.914851481941e+00,5.421208190828e-02,12.659039142
192.0,486.0,1.556303495983e-02,2.988102712287e+00,5.038293702652e-02,12.977165193
192.0,488.0,1.607537993942e-02,3.086472948369e+00,4.566272550445e-02,13.404381700
192.0,490.0,1.672853157561e-02,3.211878062517e+00,4.028089215608e-02,13.949009191
192.0,492.0,1.754246902578e-02,3.368154052950e+00,3.445317742085e-02,14.627707194
192.0,494.0,1.853717207993e-02,3.559137039347e+00,2.846337689320e-02,15.457135765
192.0,496.0,1.976262113856e-02,3.794423258604e+00,2.249587637920e-02,16.478970832
192.0,498.0,2.124879719143e-02,4.079769060755e+00,1.691137070096e-02,17.718211905
192.0,500.0,2.268568179718e-02,4.355650905059e+00,1.283408309522e-02,18.916351532
192.0,502.0,2.434325706370e-02,4.673905356230e+00,9.335738854890e-03,20.298513051
192.0,504.0,2.613150562929e-02,5.017249080824e+00,6.622720241485e-03,21.789635901
192.0,506.0,2.854041064458e-02,5.479758843759e+00,4.170335279026e-03,23.798290280
192.0,508.0,3.153995575512e-02,6.055671504983e+00,2.344527230240e-03,26.299447188
192.0,510.0,3.480012508463e-02,6.681624016249e+00,1.253740223846e-03,29.017924404
192.0,512.0,3.746090321893e-02,7.192493418035e+00,7.522112032701e-04,31.236602026
192.0,514.0,3.912227519045e-02,7.511476836566e+00,5.467729977952e-04,32.621929411
192.0,516.0,3.992422646334e-02,7.665451480961e+00,4.687450780188e-04,33.290632795
192.0,518.0,4.046674291916e-02,7.769614640479e+00,4.223760020652e-04,33.743007649
192.0,520.0,4.082981084306e-02,7.839323681868e+00,3.939353762191e-04,34.045750169
192.0,522.0,4.125341691052e-02,7.920656046820e+00,3.631639957410e-04,34.398972142
192.0,524.0,4.177754817459e-02,8.021289249521e+00,3.283963649161e-04,34.836016588
192.0,526.0,4.246219205357e-02,8.152740874285e+00,2.879450558621e-04,35.406903741
192.0,528.0,4.317733631914e-02,8.290048573275e+00,2.510022704452e-04,36.003223501
192.0,530.0,4.395296908500e-02,8.438970064320e+00,2.162727826688e-04,36.649981319
192.0,532.0,4.480907879581e-02,8.603343128796e+00,1.834913319719e-04,37.363844468
192.0,534.0,4.584565421664e-02,8.802365609595e+00,1.503769209137e-04,38.228188119
192.0,536.0,4.687268442274e-02,8.999555409166e+00,1.234646831529e-04,39.084572538
192.0,538.0,4.789015878967e-02,9.194910487617e+00,1.015549539656e-04,39.932988864
192.0,540.0,4.895806698389e-02,9.399948860907e+00,8.272829609850e-05,40.823459205
192.0,542.0,5.021639895350e-02,9.641548599072e+00,6.497236066286e-05,41.872713536
192.0,544.0,5.177514491951e-02,9.940827824546e+00,4.816741395585e-05,43.172466698
192.0,546.0,5.359429536727e-02,1.029010471052e+01,3.396755646531e-05,44.689356940
192.0,548.0,5.558384103828e-02,1.067209747935e+01,2.318285689553e-05,46.348330456
192.0,550.0,5.760377292229e-02,1.105992440108e+01,1.573025860041e-05,48.032641377
194.0,350.0,9.889596205244e-03,1.918581663817e+00,1.468150476221e-01,8.332294297
194.0,352.0,9.716301458359e-03,1.884962482922e+00,1.518347557190e-01,8.186288049
194.0,354.0,9.530050616577e-03,1.848829819616e+00,1.574212698575e-01,8.029365886
194.0,356.0,9.330572014292e-03,1.810130970773e+00,1.636327042975e-01,7.861298921
194.0,358.0,9.137606428434e-03,1.772695647116e+00,1.698744495031e-01,7.698719376
194.0,360.0,9.010906417364e-03,1.748115844969e+00,1.741016691464e-01,7.591970652
194.0,362.0,8.910235699738e-03,1.728585725749e+00,1.775353161292e-01,7.507152422
194.0,364.0,8.775368570623e-03,1.702421502701e+00,1.822416905722e-01,7.393522645
194.0,366.0,8.606089352376e-03,1.669581334361e+00,1.883258947171e-01,7.250899606
194.0,368.0,8.442191877956e-03,1.637785224323e+00,1.944101406802e-01,7.112810855
194.0,370.0,8.293479004540e-03,1.608934926881e+00,2.001006224144e-01,6.987515605
194.0,372.0,8.159762155435e-03,1.582993858154e+00,2.053593601536e-01,6.874854975
194.0,374.0,8.020860888458e-03,1.556047012361e+00,2.109683804631e-01,6.757826311
194.0,376.0,7.906602489062e-03,1.533880882878e+00,2.156969462939e-01,6.661560033
194.0,378.0,7.796821586622e-03,1.512583387805e+00,2.203400183467e-01,6.569066187
194.0,380.0,7.711359792400e-03,1.496003799726e+00,2.240236169829e-01,6.497061951
194.0,382.0,7.610065357832e-03,1.476352679419e+00,2.284694719782e-01,6.411718220
194.0,384.0,7.512792851830e-03,1.457481813255e+00,2.328218259928e-01,6.329763090
194.0,386.0,7.419402855952e-03,1.439364154055e+00,2.370784561419e-01,6.251079096
194.0,388.0,7.359761676293e-03,1.427793765201e+00,2.398374767590e-01,6.200829535
194.0,390.0,7.313741071094e-03,1.418865767792e+00,2.419883322593e-01,6.162055735
194.0,392.0,7.241217993107e-03,1.404796290663e+00,2.454170451048e-01,6.100952772
194.0,394.0,7.222074345802e-03,1.401082423086e+00,2.463301861043e-01,6.084823650
194.0,396.0,7.216196752604e-03,1.399942170005e+00,2.466112250551e-01,6.079871594
194.0,398.0,7.223476338366e-03,1.401354409643e+00,2.462631967155e-01,6.086004873
194.0,400.0,7.253808522356e-03,1.407238853337e+00,2.448183300879e-01,6.111560687
194.0,402.0,7.297092822081e-03,1.415636007484e+00,2.427711600626e-01,6.148029064
194.0,404.0,7.303232667298e-03,1.416827137456e+00,2.424821602098e-01,6.153202076
194.0,406.0,7.292135223641e-03,1.414674233386e+00,2.430047633947e-01,6.143852133
194.0,408.0,7.213711225286e-03,1.399459977705e+00,2.467301677632e-01,6.077777460
194.0,410.0,7.187874816150e-03,1.394447714333e+00,2.479699488049e-01,6.056009476
194.0,412.0,7.144543399123e-03,1.386041419430e+00,2.500632434206e-01,6.019501401
194.0,414.0,7.143637492892e-03,1.385865673621e+00,2.501071948496e-01,6.018738147
194.0,416.0,7.135080595916e-03,1.384205635608e+00,2.505227271047e-01,6.011528694
194.0,418.0,7.168799057154e-03,1.390747017088e+00,2.488893106019e-01,6.039937552
194.0,420.0,7.204721953181e-03,1.397716058917e+00,2.471608205410e-01,6.070203717
194.0,422.0,7.222780971318e-03,1.401219508436e+00,2.462964201590e-01,6.085419004
194.0,424.0,7.232910298468e-03,1.403184597903e+00,2.458129008928e-01,6.093953280
194.0,426.0,7.285046515327e-03,1.413299023973e+00,2.433391757235e-01,6.137879674
194.0,428.0,7.349128495696e-03,1.425730928165e+00,2.403327330295e-01,6.191870748
194.0,430.0,7.455097310597e-03,1.446288878256e+00,2.354424242913e-01,6.281152791
194.0,432.0,7.572896136960e-03,1.469141850570e+00,2.301228802959e-01,6.380401988
194.0,434.0,7.722470170618e-03,1.498159213100e+00,2.235412734942e-01,6.506422793
194.0,436.0,7.903766543389e-03,1.533330709417e+00,2.158156496801e-01,6.659170660
194.0,438.0,8.216734244034e-03,1.594046443343e+00,2.031021055594e-01,6.922855742
194.0,440.0,8.571324042880e-03,1.662836864319e+00,1.896003459905e-01,7.221608745
194.0,442.0,9.027488419921e-03,1.751332753465e+00,1.735424998881e-01,7.605941508
194.0,444.0,9.485181496220e-03,1.840125210267e+00,1.587975417795e-01,7.991562248
194.0,446.0,1.007435896844e-02,1.954425639877e+00,1.416458090391e-01,8.487962707
194.0,448.0,1.061497804633e-02,2.059305740988e+00,1.275424866853e-01,8.943451199
194.0,450.0,1.112699739305e-02,2.158637494252e+00,1.154823592731e-01,9.374843522
194.0,452.0,1.141037706817e-02,2.213613151225e+00,1.093049986847e-01,9.613599766
194.0,454.0,1.156507847319e-02,2.243625223799e+00,1.060732671830e-01,9.743940542
194.0,456.0,1.165106429946e-02,2.260306474095e+00,1.043185089345e-01,9.816386291
194.0,458.0,1.175829847849e-02,2.281109904827e+00,1.021707439589e-01,9.906734443
194.0,460.0,1.186674613428e-02,2.302148750050e+00,1.000436438155e-01,9.998104987
194.0,462.0,1.205637353789e-02,2.338936466351e+00,9.643014041271e-02,10.157872009
194.0,464.0,1.222714806386e-02,2.372066724389e+00,9.328772688814e-02,10.301754891
194.0,466.0,1.241903814858e-02,2.409293400825e+00,8.987878041222e-02,10.463428293
194.0,468.0,1.257201325038e-02,2.438970570574e+00,8.725062360641e-02,10.592314603
194.0,470.0,1.283604381141e-02,2.490192499414e+00,8.289400799129e-02,10.814768614
194.0,472.0,1.314110122105e-02,2.549373636884e+00,7.813058879691e-02,11.071789028
194.0,474.0,1.344715778091e-02,2.608748609497e+00,7.362662179357e-02,11.329651258
194.0,476.0,1.378418667130e-02,2.674132214232e+00,6.896665071237e-02,11.613608645
194.0,478.0,1.413216191905e-02,2.741639412296e+00,6.446457619711e-02,11.906788681
194.0,480.0,1.446105836676e-02,2.805445323151e+00,6.047983210530e-02,12.183894231
194.0,482.0,1.482085164323e-02,2.875245218787e+00,5.640230690258e-02,12.487031326
194.0,484.0,1.518151813511e-02,2.945214518211e+00,5.259077692673e-02,12.790904133
194.0,486.0,1.556303495983e-02,3.019228782207e+00,4.883886924658e-02,13.112343997
194.0,488.0,1.607537993942e-02,3.118623708247e+00,4.421798340639e-02,13.544010676
194.0,490.0,1.672853157561e-02,3.245335125668e+00,3.895550717913e-02,14.094311370
194.0,492.0,1.754246902578e-02,3.403238991001e+00,3.326534911092e-02,14.780079144
194.0,494.0,1.853717207993e-02,3.596211383506e+00,2.742743789780e-02,15.618147596
194.0,496.0,1.976262113856e-02,3.833948500881e+00,2.162406420451e-02,16.650626778
194.0,498.0,2.124879719143e-02,4.122266655137e+00,1.620773542825e-02,17.902776613
194.0,500.0,2.268568179718e-02,4.401022268653e+00,1.226479557627e-02,19.113396860
194.0,502.0,2.434325706370e-02,4.722591870358e+00,8.892101480728e-03,20.509955896
194.0,504.0,2.613150562929e-02,5.069512092082e+00,6.285486131230e-03,22.016611275
194.0,506.0,2.854041064458e-02,5.536839665049e+00,3.938955607503e-03,24.046189137
194.0,508.0,3.153995575512e-02,6.118751416493e+00,2.201202633265e-03,26.573399763
194.0,510.0,3.480012508463e-02,6.751224266418e+00,1.169447029307e-03,29.320194450
194.0,512.0,3.746090321893e-02,7.267415224472e+00,6.979136143952e-04,31.561983297
194.0,514.0,3.912227519045e-02,7.589721386947e+00,5.056219072046e-04,32.961741175
194.0,516.0,3.992422646334e-02,7.745299933888e+00,4.327718241414e-04,33.637410220
194.0,518.0,4.046674291916e-02,7.850548126317e+00,3.895383934802e-04,34.094497312
194.0,520.0,4.082981084306e-02,7.920983303554e+00,3.630451673227e-04,34.400393400
194.0,522.0,4.125341691052e-02,8.003162880641e+00,3.344032758362e-04,34.757294768
194.0,524.0,4.177754817459e-02,8.104844345870e+00,3.020722454451e-04,35.198891761
194.0,526.0,4.246219205357e-02,8.237665258393e+00,2.645010707705e-04,35.775725655
194.0,528.0,4.317733631914e-02,8.376403245913e+00,2.302365622920e-04,36.378257079
194.0,530.0,4.395296908500e-02,8.526876002490e+00,1.980727832804e-04,37.031751958
194.0,532.0,4.480907879581e-02,8.692961286387e+00,1.677624971234e-04,37.753051181
194.0,534.0,4.584565421664e-02,8.894056918028e+00,1.372019104745e-04,38.626398412
194.0,536.0,4.687268442274e-02,9.093300778012e+00,1.124163938917e-04,39.491703502
194.0,538.0,4.789015878967e-02,9.290690805196e+00,9.227929124274e-05,40.348957498
194.0,540.0,4.895806698389e-02,9.497864994875e+00,7.501180964619e-05,41.248703571
194.0,542.0,5.021639895350e-02,9.741981396979e+00,5.876398463187e-05,42.308887635
194.0,544.0,5.177514491951e-02,1.004437811438e+01,4.342921813816e-05,43.622179892
194.0,546.0,5.359429536727e-02,1.039729330125e+01,3.051496615026e-05,45.154871075
194.0,548.0,5.558384103828e-02,1.078326516143e+01,2.074375829858e-05,46.831125565
194.0,550.0,5.760377292229e-02,1.117513194692e+01,1.401851016582e-05,48.532981391
196.0,350.0,9.889596205244e-03,1.938360856228e+00,1.439396943689e-01,8.418194238
196.0,352.0,9.716301458359e-03,1.904395085838e+00,1.489126947804e-01,8.270682771
196.0,354.0,9.530050616577e-03,1.867889920849e+00,1.544492182948e-01,8.112142854
196.0,356.0,9.330572014292e-03,1.828792114801e+00,1.606074460171e-01,7.942343240
196.0,358.0,9.137606428434e-03,1.790970859973e+00,1.667981533815e-01,7.778087617
196.0,360.0,9.010906417364e-03,1.766137657803e+00,1.709921452400e-01,7.670238391
196.0,362.0,8.910235699738e-03,1.746406197149e+00,1.743995762711e-01,7.584545746
196.0,364.0,8.775368570623e-03,1.719972239842e+00,1.790711188850e-01,7.469744528
196.0,366.0,8.606089352376e-03,1.686793513066e+00,1.851121330246e-01,7.325651148
196.0,368.0,8.442191877956e-03,1.654669608079e+00,1.911552014076e-01,7.186138802
196.0,370.0,8.293479004540e-03,1.625521884890e+00,1.968089367874e-01,7.059551848
196.0,372.0,8.159762155435e-03,1.599313382465e+00,2.020351912864e-01,6.945729768
196.0,374.0,8.020860888458e-03,1.572088734138e+00,2.076110847975e-01,6.827494623
196.0,376.0,7.906602489062e-03,1.549694087856e+00,2.123129129918e-01,6.730235910
196.0,378.0,7.796821586622e-03,1.528177030978e+00,2.169307651458e-01,6.636788519
196.0,380.0,7.711359792400e-03,1.511426519310e+00,2.205950702743e-01,6.564041971
196.0,382.0,7.610065357832e-03,1.491572810135e+00,2.250184657523e-01,6.477818408
196.0,384.0,7.512792851830e-03,1.472507398959e+00,2.293496924373e-01,6.395018379
196.0,386.0,7.419402855952e-03,1.454202959767e+00,2.335864675379e-01,6.315523210
196.0,388.0,7.359761676293e-03,1.442513288553e+00,2.363330385230e-01,6.264755613
196.0,390.0,7.313741071094e-03,1.433493249934e+00,2.384744147870e-01,6.225582083
196.0,392.0,7.241217993107e-03,1.419278726649e+00,2.418884216652e-01,6.163849193
196.0,394.0,7.222074345802e-03,1.415526571777e+00,2.427977293498e-01,6.147553791
196.0,396.0,7.216196752604e-03,1.414374563510e+00,2.430775955143e-01,6.142550683
196.0,398.0,7.223476338366e-03,1.415801362320e+00,2.427310199960e-01,6.148747191
196.0,400.0,7.253808522356e-03,1.421746470382e+00,2.412922389442e-01,6.174566468
196.0,402.0,7.297092822081e-03,1.430230193128e+00,2.392538413143e-01,6.211410807
196.0,404.0,7.303232667298e-03,1.431433602790e+00,2.389660941035e-01,6.216637149
196.0,406.0,7.292135223641e-03,1.429258503834e+00,2.394864346964e-01,6.207190814
196.0,408.0,7.213711225286e-03,1.413887400156e+00,2.431960428603e-01,6.140434959
196.0,410.0,7.187874816150e-03,1.408823463965e+00,2.444306955660e-01,6.118442564
196.0,412.0,7.144543399123e-03,1.400330506228e+00,2.465154755761e-01,6.081558117
196.0,414.0,7.143637492892e-03,1.400152948607e+00,2.465592501637e-01,6.080786994
196.0,416.0,7.135080595916e-03,1.398475796800e+00,2.469731144153e-01,6.073503216
196.0,418.0,7.168799057154e-03,1.405084615202e+00,2.453462955482e-01,6.102204950
196.0,420.0,7.204721953181e-03,1.412125502823e+00,2.436249070159e-01,6.132783136
196.0,422.0,7.222780971318e-03,1.415665070378e+00,2.427641045325e-01,6.148155283
196.0,424.0,7.232910298468e-03,1.417650418500e+00,2.422826113975e-01,6.156777540
196.0,426.0,7.285046515327e-03,1.427869117004e+00,2.398194052536e-01,6.201156784
196.0,428.0,7.349128495696e-03,1.440429185156e+00,2.368260946229e-01,6.255704467
196.0,430.0,7.455097310597e-03,1.461199072877e+00,2.319579733968e-01,6.345906943
196.0,432.0,7.572896136960e-03,1.484287642844e+00,2.266637487229e-01,6.446179328
196.0,434.0,7.722470170618e-03,1.513604153441e+00,2.201152175816e-01,6.573499316
196.0,436.0,7.903766543389e-03,1.549138242504e+00,2.124309589422e-01,6.727821904
196.0,438.0,8.216734244034e-03,1.610479911831e+00,1.997917086593e-01,6.994225389
196.0,440.0,8.571324042880e-03,1.679979512404e+00,1.863777944332e-01,7.296058319
196.0,442.0,9.027488419921e-03,1.769387730305e+00,1.704373104858e-01,7.684353276
196.0,444.0,9.485181496220e-03,1.859095573259e+00,1.558134885461e-01,8.073949488
196.0,446.0,1.007435896844e-02,1.974574357814e+00,1.388203874828e-01,8.575467477
196.0,448.0,1.061497804633e-02,2.080535697081e+00,1.248633053711e-01,9.035651726
196.0,450.0,1.112699739305e-02,2.180891489038e+00,1.129408002618e-01,9.471491393
196.0,452.0,1.141037706817e-02,2.236433905361e+00,1.068388232044e-01,9.712709042
196.0,454.0,1.156507847319e-02,2.266755380745e+00,1.036479331728e-01,9.844393537
196.0,456.0,1.165106429946e-02,2.283608602694e+00,1.019157688244e-01,9.917586150
196.0,458.0,1.175829847849e-02,2.304626501784e+00,9.979606734678e-02,10.008865726
196.0,460.0,1.186674613428e-02,2.325882242319e+00,9.769721340268e-02,10.101178234
196.0,462.0,1.205637353789e-02,2.363049213426e+00,9.413275428377e-02,10.262592339
196.0,464.0,1.222714806386e-02,2.396521020517e+00,9.103410881811e-02,10.407958550
196.0,466.0,1.241903814858e-02,2.434131477122e+00,8.767386074392e-02,10.571298687
196.0,468.0,1.257201325038e-02,2.464114597074e+00,8.508414278011e-02,10.701513723
196.0,470.0,1.283604381141e-02,2.515864587036e+00,8.079302939533e-02,10.926261074
196.0,472.0,1.314110122105e-02,2.575655839326e+00,7.610389450107e-02,11.185931183
196.0,474.0,1.344715778091e-02,2.635642925058e+00,7.167287430543e-02,11.446451786
196.0,476.0,1.378418667130e-02,2.701700587575e+00,6.709132100387e-02,11.733336569
196.0,478.0,1.413216191905e-02,2.769903736134e+00,6.266803711934e-02,12.029539080
196.0,480.0,1.446105836676e-02,2.834367439885e+00,5.875568058140e-02,12.309501388
196.0,482.0,1.482085164323e-02,2.904886922073e+00,5.475498183127e-02,12.615763608
196.0,484.0,1.518151813511e-02,2.975577554482e+00,5.101795984216e-02,12.922769124
196.0,486.0,1.556303495983e-02,3.050354852127e+00,4.734212195747e-02,13.247522801
196.0,488.0,1.607537993942e-02,3.150774468126e+00,4.281895210869e-02,13.683639652
196.0,490.0,1.672853157561e-02,3.278792188820e+00,3.767373209370e-02,14.239613549
196.0,492.0,1.754246902578e-02,3.438323929053e+00,3.211847307882e-02,14.932451094
196.0,494.0,1.853717207993e-02,3.633285727666e+00,2.642920242599e-02,15.779159427
196.0,496.0,1.976262113856e-02,3.873473743158e+00,2.078603850939e-02,16.822282725
196.0,498.0,2.124879719143e-02,4.164764249520e+00,1.553337646943e-02,18.087341320
196.0,500.0,2.268568179718e-02,4.446393632247e+00,1.172076021416e-02,19.310442189
196.0,502.0,2.434325706370e-02,4.771278384485e+00,8.469545900178e-03,20.721398740
196.0,504.0,2.613150562929e-02,5.121775103341e+00,5.965424246431e-03,22.243586649
196.0,506.0,2.854041064458e-02,5.593920486338e+00,3.720413405586e-03,24.294087994
196.0,508.0,3.153995575512e-02,6.181831328004e+00,2.066639691874e-03,26.847352338
196.0,510.0,3.480012508463e-02,6.820824516587e+00,1.090821151259e-03,29.622464496
196.0,512.0,3.746090321893e-02,7.342337030910e+00,6.475354408984e-04,31.887364568
196.0,514.0,3.912227519045e-02,7.667965937328e+00,4.675679195500e-04,33.301552940
196.0,516.0,3.992422646334e-02,7.825148386815e+00,3.995592925739e-04,33.984187645
196.0,518.0,4.046674291916e-02,7.931481612155e+00,3.592537437098e-04,34.445986975
196.0,520.0,4.082981084306e-02,8.002642925240e+00,3.345771958370e-04,34.755036631
196.0,522.0,4.125341691052e-02,8.085669714462e+00,3.079202569676e-04,35.115617395
196.0,524.0,4.177754817459e-02,8.188399442220e+00,2.778582567185e-04,35.561766934
196.0,526.0,4.246219205357e-02,8.322589642500e+00,2.429658541254e-04,36.144547569
196.0,528.0,4.317733631914e-02,8.462757918551e+00,2.111888251927e-04,36.753290657
196.0,530.0,4.395296908500e-02,8.614781940660e+00,1.814043680962e-04,37.413522596
196.0,532.0,4.480907879581e-02,8.782579443979e+00,1.533819343869e-04,38.142257894
196.0,534.0,4.584565421664e-02,8.985748226461e+00,1.251812054900e-04,39.024608705
196.0,536.0,4.687268442274e-02,9.187046146857e+00,1.023567654562e-04,39.898834466
196.0,538.0,4.789015878967e-02,9.386471122775e+00,8.385083405337e-05,40.764926132
196.0,540.0,4.895806698389e-02,9.595781128842e+00,6.801507889992e-05,41.673947938
196.0,542.0,5.021639895350e-02,9.842414194886e+00,5.314884444069e-05,42.745061734
196.0,544.0,5.177514491951e-02,1.014792840422e+01,3.915711542706e-05,44.071893087
196.0,546.0,5.359429536727e-02,1.050448189198e+01,2.741331011262e-05,45.620385209
196.0,548.0,5.558384103828e-02,1.089443284350e+01,1.856128044480e-05,47.313920674
196.0,550.0,5.760377292229e-02,1.129033949277e+01,1.249303220382e-05,49.033321405
198.0,350.0,9.889596205244e-03,1.958140048638e+00,1.411206545281e-01,8.504094179
198.0,352.0,9.716301458359e-03,1.923827688755e+00,1.460468689251e-01,8.355077494
198.0,354.0,9.530050616577e-03,1.886950022082e+00,1.515332778948e-01,8.194919822
198.0,356.0,9.330572014292e-03,1.847453258830e+00,1.576381190232e-01,8.023387559
198.0,358.0,9.137606428434e-03,1.809246072830e+00,1.637775666256e-01,7.857455858
198.0,360.0,9.010906417364e-03,1.784159470638e+00,1.679381586469e-01,7.748506129
198.0,362.0,8.910235699738e-03,1.764226668548e+00,1.713192218127e-01,7.661939070
198.0,364.0,8.775368570623e-03,1.737522976983e+00,1.759557075993e-01,7.545966411
198.0,366.0,8.606089352376e-03,1.704005691770e+00,1.819532138392e-01,7.400402691
198.0,368.0,8.442191877956e-03,1.671553991835e+00,1.879547584161e-01,7.259466749
198.0,370.0,8.293479004540e-03,1.642108842899e+00,1.935713998889e-01,7.131588092
198.0,372.0,8.159762155435e-03,1.615632906776e+00,1.987648310143e-01,7.016604562
198.0,374.0,8.020860888458e-03,1.588130455915e+00,2.043072162576e-01,6.897162935
198.0,376.0,7.906602489062e-03,1.565507292834e+00,2.089819712219e-01,6.798911787
198.0,378.0,7.796821586622e-03,1.543770674151e+00,2.135742622691e-01,6.704510851
198.0,380.0,7.711359792400e-03,1.526849238895e+00,2.172189954109e-01,6.631021992
198.0,382.0,7.610065357832e-03,1.506792940851e+00,2.216195865956e-01,6.543918596
198.0,384.0,7.512792851830e-03,1.487532984662e+00,2.259293397292e-01,6.460273669
198.0,386.0,7.419402855952e-03,1.469041765478e+00,2.301459133181e-01,6.379967324
198.0,388.0,7.359761676293e-03,1.457232811906e+00,2.328798061598e-01,6.328681691
198.0,390.0,7.313741071094e-03,1.448120732077e+00,2.350115229814e-01,6.289108431
198.0,392.0,7.241217993107e-03,1.433761162635e+00,2.384105330202e-01,6.226745613
198.0,394.0,7.222074345802e-03,1.429970720469e+00,2.393159291994e-01,6.210283932
198.0,396.0,7.216196752604e-03,1.428806957016e+00,2.395945984527e-01,6.205229771
198.0,398.0,7.223476338366e-03,1.430248314996e+00,2.392495056269e-01,6.211489510
198.0,400.0,7.253808522356e-03,1.436254087426e+00,2.378169336986e-01,6.237572248
198.0,402.0,7.297092822081e-03,1.444824378772e+00,2.357874822071e-01,6.274792550
198.0,404.0,7.303232667298e-03,1.446040068125e+00,2.355010120400e-01,6.280072222
198.0,406.0,7.292135223641e-03,1.443842774281e+00,2.360190458919e-01,6.270529496
198.0,408.0,7.213711225286e-03,1.428314822607e+00,2.397125402180e-01,6.203092459
198.0,410.0,7.187874816150e-03,1.423199213598e+00,2.409419577769e-01,6.180875651
198.0,412.0,7.144543399123e-03,1.414619593026e+00,2.430180416252e-01,6.143614832
198.0,414.0,7.143637492892e-03,1.414440223593e+00,2.430616355433e-01,6.142835841
198.0,416.0,7.135080595916e-03,1.412745957991e+00,2.434737955671e-01,6.135477739
198.0,418.0,7.168799057154e-03,1.419422213316e+00,2.418537163916e-01,6.164472347
198.0,420.0,7.204721953181e-03,1.426534946730e+00,2.401395787107e-01,6.195362556
198.0,422.0,7.222780971318e-03,1.430110632321e+00,2.392824484067e-01,6.210891561
198.0,424.0,7.232910298468e-03,1.432116239097e+00,2.388030228372e-01,6.219601801
198.0,426.0,7.285046515327e-03,1.442439210035e+00,2.363505463729e-01,6.264433894
198.0,428.0,7.349128495696e-03,1.455127442148e+00,2.333706207528e-01,6.319538186
198.0,430.0,7.455097310597e-03,1.476109267498e+00,2.285250909402e-01,6.410661096
198.0,432.0,7.572896136960e-03,1.499433435118e+00,2.232566136799e-01,6.511956669
198.0,434.0,7.722470170618e-03,1.529049093782e+00,2.167416703577e-01,6.640575840
198.0,436.0,7.903766543389e-03,1.564945775591e+00,2.090993511546e-01,6.796473148
198.0,438.0,8.216734244034e-03,1.626913380319e+00,1.965352684998e-01,7.065595036
198.0,440.0,8.571324042880e-03,1.697122160490e+00,1.832100151311e-01,7.370507894
198.0,442.0,9.027488419921e-03,1.787442707144e+00,1.673876821204e-01,7.762765044
198.0,444.0,9.485181496220e-03,1.878065936252e+00,1.528855103223e-01,8.156336728
198.0,446.0,1.007435896844e-02,1.994723075751e+00,1.360513248616e-01,8.662972247
198.0,448.0,1.061497804633e-02,2.101765653173e+00,1.222404034404e-01,9.127852254
198.0,450.0,1.112699739305e-02,2.203145483824e+00,1.104551763928e-01,9.568139265
198.0,452.0,1.141037706817e-02,2.259254659498e+00,1.044282903897e-01,9.811818318
198.0,454.0,1.156507847319e-02,2.289885537692e+00,1.012780537103e-01,9.944846532
198.0,456.0,1.165106429946e-02,2.306910731293e+00,9.956837037993e-02,10.018786008
198.0,458.0,1.175829847849e-02,2.328143098741e+00,9.747658353054e-02,10.110997009
198.0,460.0,1.186674613428e-02,2.349615734587e+00,9.540581632802e-02,10.204251481
198.0,462.0,1.205637353789e-02,2.387161960502e+00,9.189010190305e-02,10.367312669
198.0,464.0,1.222714806386e-02,2.420975316644e+00,8.883493300511e-02,10.514162208
198.0,466.0,1.241903814858e-02,2.458969553419e+00,8.552303249432e-02,10.679169082
198.0,468.0,1.257201325038e-02,2.489258623575e+00,8.297145686068e-02,10.810712842
198.0,470.0,1.283604381141e-02,2.541536674659e+00,7.874530086131e-02,11.037753534
198.0,472.0,1.314110122105e-02,2.601938041768e+00,7.412977231344e-02,11.300073338
198.0,474.0,1.344715778091e-02,2.662537240620e+00,6.977097123382e-02,11.563252315
198.0,476.0,1.378418667130e-02,2.729268960917e+00,6.526698494925e-02,11.853064494
198.0,478.0,1.413216191905e-02,2.798168059972e+00,6.092156511481e-02,12.152289479
198.0,480.0,1.446105836676e-02,2.863289556618e+00,5.708068095448e-02,12.435108545
198.0,482.0,1.482085164323e-02,2.934528625360e+00,5.315576968370e-02,12.744495890
198.0,484.0,1.518151813511e-02,3.005940590752e+00,4.949218054114e-02,13.054634115
198.0,486.0,1.556303495983e-02,3.081480922046e+00,4.589124494509e-02,13.382701605
198.0,488.0,1.607537993942e-02,3.182925228005e+00,4.146418534821e-02,13.823268628
198.0,490.0,1.672853157561e-02,3.312249251971e+00,3.643413197886e-02,14.384915728
198.0,492.0,1.754246902578e-02,3.473408867104e+00,3.101113742937e-02,15.084823044
198.0,494.0,1.853717207993e-02,3.670360071826e+00,2.546729823896e-02,15.940171258
198.0,496.0,1.976262113856e-02,3.912998985435e+00,1.998048992214e-02,16.993938671
198.0,498.0,2.124879719143e-02,4.207261843903e+00,1.488707571821e-02,18.271906027
198.0,500.0,2.268568179718e-02,4.491764995842e+00,1.120085688698e-02,19.507487517
198.0,502.0,2.434325706370e-02,4.819964898613e+00,8.067070299490e-03,20.932841584
198.0,504.0,2.613150562929e-02,5.174038114599e+00,5.661660163897e-03,22.470562023
198.0,506.0,2.854041064458e-02,5.651001307627e+00,3.513996421310e-03,24.541986851
198.0,508.0,3.153995575512e-02,6.244911239514e+00,1.940302792430e-03,27.121304913
198.0,510.0,3.480012508463e-02,6.890424766757e+00,1.017481556851e-03,29.924734542
198.0,512.0,3.746090321893e-02,7.417258837348e+00,6.007937638282e-04,32.212745839
198.0,514.0,3.912227519045e-02,7.746210487709e+00,4.323779414562e-04,33.641364705
198.0,516.0,3.992422646334e-02,7.904996839741e+00,3.688956151406e-04,34.330965070
198.0,518.0,4.046674291916e-02,8.012415097994e+00,3.313235730538e-04,34.797476638
198.0,520.0,4.082981084306e-02,8.084302546926e+00,3.083415234519e-04,35.109679862
198.0,522.0,4.125341691052e-02,8.168176548283e+00,2.835345569325e-04,35.473940021
198.0,524.0,4.177754817459e-02,8.271954538569e+00,2.555852515111e-04,35.924642107
198.0,526.0,4.246219205357e-02,8.407514026607e+00,2.231839973235e-04,36.513369483
198.0,528.0,4.317733631914e-02,8.549112591190e+00,1.937169294150e-04,37.128324235
198.0,530.0,4.395296908500e-02,8.702687878830e+00,1.661386497397e-04,37.795293235
198.0,532.0,4.480907879581e-02,8.872197601570e+00,1.402340701865e-04,38.531464607
198.0,534.0,4.584565421664e-02,9.077439534895e+00,1.142136735103e-04,39.422818998
198.0,536.0,4.687268442274e-02,9.280791515703e+00,9.319732711547e-05,40.305965430
198.0,538.0,4.789015878967e-02,9.482251440355e+00,7.619220170374e-05,41.180894766
198.0,540.0,4.895806698389e-02,9.693697262810e+00,6.167096860592e-05,42.099192305
198.0,542.0,5.021639895350e-02,9.942846992793e+00,4.807025396724e-05,43.181235834
198.0,544.0,5.177514491951e-02,1.025147869406e+01,3.530525656000e-05,44.521606282
198.0,546.0,5.359429536727e-02,1.061167048272e+01,2.462691807129e-05,46.085899344
198.0,548.0,5.558384103828e-02,1.100560052558e+01,1.660842393128e-05,47.796715783
198.0,550.0,5.760377292229e-02,1.140554703861e+01,1.113355497834e-05,49.533661420
200.0,350.0,9.889596205244e-03,1.977919241049e+00,1.383568252091e-01,8.589994120
200.0,352.0,9.716301458359e-03,1.943260291672e+00,1.432361959084e-01,8.439472216
200.0,354.0,9.530050616577e-03,1.906010123315e+00,1.486723893009e-01,8.277696790
200.0,356.0,9.330572014292e-03,1.866114402858e+00,1.547236892525e-01,8.104431878
200.0,358.0,9.137606428434e-03,1.827521285687e+00,1.608116803815e-01,7.936824099
200.0,360.0,9.010906417364e-03,1.802181283473e+00,1.649387174487e-01,7.826773868
200.0,362.0,8.910235699738e-03,1.782047139948e+00,1.682932745025e-01,7.739332394
200.0,364.0,8.775368570623e-03,1.755073714125e+00,1.728944970555e-01,7.622188294
200.0,366.0,8.606089352376e-03,1.721217870475e+00,1.788482012792e-01,7.475154233
200.0,368.0,8.442191877956e-03,1.688438375591e+00,1.848078992939e-01,7.332794696
200.0,370.0,8.293479004540e-03,1.658695800908e+00,1.903871209641e-01,7.203624335
200.0,372.0,8.159762155435e-03,1.631952431087e+00,1.955474083331e-01,7.087479355
200.0,374.0,8.020860888458e-03,1.604172177692e+00,2.010559246181e-01,6.966831248
200.0,376.0,7.906602489062e-03,1.581320497812e+00,2.057032880402e-01,6.867587663
200.0,378.0,7.796821586622e-03,1.559364317324e+00,2.102696935269e-01,6.772233183
200.0,380.0,7.711359792400e-03,1.542271958480e+00,2.138945893425e-01,6.698002012
200.0,382.0,7.610065357832e-03,1.522013071566e+00,2.182720471344e-01,6.610018784
200.0,384.0,7.512792851830e-03,1.502558570366e+00,2.225599956470e-01,6.525528958
200.0,386.0,7.419402855952e-03,1.483880571190e+00,2.267560358924e-01,6.444411439
200.0,388.0,7.359761676293e-03,1.471952335259e+00,2.294770314636e-01,6.392607768
200.0,390.0,7.313741071094e-03,1.462748214219e+00,2.315989158979e-01,6.352634778
200.0,392.0,7.241217993107e-03,1.448243598621e+00,2.349826497014e-01,6.289642033
200.0,394.0,7.222074345802e-03,1.444414869160e+00,2.358840592206e-01,6.273014073
200.0,396.0,7.216196752604e-03,1.443239350521e+00,2.361615083704e-01,6.267908860
200.0,398.0,7.223476338366e-03,1.444695267673e+00,2.358179269533e-01,6.274231828
200.0,400.0,7.253808522356e-03,1.450761704471e+00,2.343916828874e-01,6.300578028
200.0,402.0,7.297092822081e-03,1.459418564416e+00,2.323713444271e-01,6.338174293
200.0,404.0,7.303232667298e-03,1.460646533460e+00,2.320861747352e-01,6.343507295
200.0,406.0,7.292135223641e-03,1.458427044728e+00,2.326018594512e-01,6.333868178
200.0,408.0,7.213711225286e-03,1.442742245057e+00,2.362789347307e-01,6.265749958
200.0,410.0,7.187874816150e-03,1.437574963230e+00,2.375030144350e-01,6.243308739
200.0,412.0,7.144543399123e-03,1.428908679825e+00,2.395702274566e-01,6.205671548
200.0,414.0,7.143637492892e-03,1.428727498578e+00,2.396136370214e-01,6.204884688
200.0,416.0,7.135080595916e-03,1.427016119183e+00,2.400240579554e-01,6.197452261
200.0,418.0,7.168799057154e-03,1.433759811431e+00,2.384108551618e-01,6.226739745
200.0,420.0,7.204721953181e-03,1.440944390636e+00,2.367041119469e-01,6.257941976
200.0,422.0,7.222780971318e-03,1.444556194264e+00,2.358507252371e-01,6.273627840
200.0,424.0,7.232910298468e-03,1.446582059694e+00,2.353734070606e-01,6.282426061
200.0,426.0,7.285046515327e-03,1.457009303065e+00,2.329318626726e-01,6.327711004
200.0,428.0,7.349128495696e-03,1.469825699139e+00,2.299655648896e-01,6.383371905
200.0,430.0,7.455097310597e-03,1.491019462119e+00,2.251430137298e-01,6.475415248
200.0,432.0,7.572896136960e-03,1.514579227392e+00,2.199006935722e-01,6.577734009
200.0,434.0,7.722470170618e-03,1.544494034124e+00,2.134198270595e-01,6.707652364
200.0,436.0,7.903766543389e-03,1.580753308678e+00,2.058199938041e-01,6.865124392
200.0,438.0,8.216734244034e-03,1.643346848807e+00,1.933319056305e-01,7.136964683
200.0,440.0,8.571324042880e-03,1.714264808576e+00,1.800960771449e-01,7.444957469
200.0,442.0,9.027488419921e-03,1.805497683984e+00,1.643926206402e-01,7.841176812
200.0,444.0,9.485181496220e-03,1.897036299244e+00,1.500125533715e-01,8.238723967
200.0,446.0,1.007435896844e-02,2.014871793688e+00,1.333374969789e-01,8.750477017
200.0,448.0,1.061497804633e-02,2.122995609266e+00,1.196725986779e-01,9.220052782
200.0,450.0,1.112699739305e-02,2.225399478610e+00,1.080242566344e-01,9.664787136
200.0,452.0,1.141037706817e-02,2.282075413634e+00,1.020721448126e-01,9.910927594
200.0,454.0,1.156507847319e-02,2.313015694638e+00,9.896236084364e-02,10.045299527
200.0,456.0,1.165106429946e-02,2.330212859892e+00,9.727503893136e-02,10.119985867
200.0,458.0,1.175829847849e-02,2.351659695698e+00,9.521100970612e-02,10.213128292
200.0,460.0,1.186674613428e-02,2.373349226856e+00,9.316816183588e-02,10.307324729
200.0,462.0,1.205637353789e-02,2.411274707578e+00,8.970087927415e-02,10.472032999
200.0,464.0,1.222714806386e-02,2.445429612772e+00,8.668888424876e-02,10.620365867
200.0,466.0,1.241903814858e-02,2.483807629716e+00,8.342496868466e-02,10.787039477
200.0,468.0,1.257201325038e-02,2.514402650076e+00,8.091123009107e-02,10.919911962
200.0,470.0,1.283604381141e-02,2.567208762282e+00,7.674947274718e-02,11.149245994
200.0,472.0,1.314110122105e-02,2.628220244210e+00,7.220685852239e-02,11.414215493
200.0,474.0,1.344715778091e-02,2.689431556182e+00,6.791953684131e-02,11.680052843
200.0,476.0,1.378418667130e-02,2.756837334260e+00,6.349225593754e-02,11.972792418
200.0,478.0,1.413216191905e-02,2.826432383810e+00,5.922376488304e-02,12.275039878
200.0,480.0,1.446105836676e-02,2.892211673352e+00,5.545343200839e-02,12.560715702
200.0,482.0,1.482085164323e-02,2.964170328646e+00,5.160326524030e-02,12.873228172
200.0,484.0,1.518151813511e-02,3.036303627022e+00,4.801203227834e-02,13.186499106
200.0,486.0,1.556303495983e-02,3.112606991966e+00,4.448483243953e-02,13.517880409
200.0,488.0,1.607537993942e-02,3.215075987884e+00,4.015228262070e-02,13.962897604
200.0,490.0,1.672853157561e-02,3.345706315122e+00,3.523531912770e-02,14.530217907
200.0,492.0,1.754246902578e-02,3.508493805156e+00,2.994197894475e-02,15.237194994
200.0,494.0,1.853717207993e-02,3.707434415986e+00,2.454040304124e-02,16.101183089
200.0,496.0,1.976262113856e-02,3.952524227712e+00,1.920615981483e-02,17.165594617
200.0,498.0,2.124879719143e-02,4.249759438286e+00,1.426766575033e-02,18.456470735
200.0,500.0,2.268568179718e-02,4.537136359436e+00,1.070401515859e-02,19.704532845
200.0,502.0,2.434325706370e-02,4.868651412740e+00,7.683720471429e-03,21.144284429
200.0,504.0,2.613150562929e-02,5.226301125858e+00,5.373363986749e-03,22.697537397
200.0,506.0,2.854041064458e-02,5.708082128916e+00,3.319031920066e-03,24.789885708
200.0,508.0,3.153995575512e-02,6.307991151024e+00,1.821689064192e-03,27.395257488
200.0,510.0,3.480012508463e-02,6.960025016926e+00,9.490728313591e-04,30.227004588
200.0,512.0,3.746090321893e-02,7.492180643786e+00,5.574260864457e-04,32.538127110
200.0,514.0,3.912227519045e-02,7.824455038090e+00,3.998364225626e-04,33.981176469
200.0,516.0,3.992422646334e-02,7.984845292668e+00,3.405851832235e-04,34.677742495
200.0,518.0,4.046674291916e-02,8.093348583832e+00,3.055648326099e-04,35.148966301
200.0,520.0,4.082981084306e-02,8.165962168612e+00,2.841631057575e-04,35.464323093
200.0,522.0,4.125341691052e-02,8.250683382104e+00,2.610800788705e-04,35.832262648
200.0,524.0,4.177754817459e-02,8.355509634918e+00,2.350976413711e-04,36.287517279
200.0,526.0,4.246219205357e-02,8.492438410714e+00,2.050127448591e-04,36.882191397
200.0,528.0,4.317733631914e-02,8.635467263828e+00,1.776905037837e-04,37.503357813
200.0,530.0,4.395296908500e-02,8.790593817000e+00,1.521575870913e-04,38.177063874
200.0,532.0,4.480907879581e-02,8.961815759162e+00,1.282132378867e-04,38.920671320
200.0,534.0,4.584565421664e-02,9.169130843328e+00,1.042070426280e-04,39.821029291
200.0,536.0,4.687268442274e-02,9.374536884548e+00,8.485752497896e-05,40.713096394
200.0,538.0,4.789015878967e-02,9.578031757934e+00,6.923308117328e-05,41.596863400
200.0,540.0,4.895806698389e-02,9.791613396778e+00,5.591860555493e-05,42.524436672
200.0,542.0,5.021639895350e-02,1.004327979070e+01,4.347694368131e-05,43.617409933
200.0,544.0,5.177514491951e-02,1.035502898390e+01,3.183230243528e-05,44.971319477
200.0,546.0,5.359429536727e-02,1.071885907345e+01,2.212374540683e-05,46.551413479
200.0,548.0,5.558384103828e-02,1.111676820766e+01,1.486102999743e-05,48.279510892
200.0,550.0,5.760377292229e-02,1.152075458446e+01,9.922014482434e-06,50.034001434
